GC_Content,AT_Content,Sequence_Length,Num_A,Num_T,Num_C,Num_G,kmer_3_freq,Mutation_Flag,Disease_Risk
-0.023706774714625855,0.023706774714625855,0.0,-0.6835407192440307,0.7112992769168694,-1.3807595970854492,1.3592427251159074,1.6955460405157918,-0.993355408143237,High
-1.0114890544907242,1.0114890544907242,0.0,0.4747411140886015,0.7112992769168694,-0.6908397451107079,-0.4888099262993303,-0.23885316602648524,1.0066890377827438,Medium
0.17384968124059383,-0.17384968124059383,0.0,0.24308474742207503,-0.44691708801507124,1.1489465268219354,-0.9508230891531397,-0.6992401771835471,1.0066890377827438,Low
0.9640755050614725,-0.9640755050614725,0.0,0.7063974807551279,-1.8367767259334,-0.46086646111912744,1.590249306542812,-0.5560946358994185,-0.993355408143237,Medium
-0.8139325985355046,0.8139325985355046,0.0,-0.2202279859109778,1.1745858228896457,-0.0009198931359666289,-0.9508230891531397,1.0455879071175864,-0.993355408143237,High
-1.0114890544907242,1.0114890544907242,0.0,0.9380538474216543,0.24801273094409315,0.2290533908556138,-1.412836252006949,-0.20403398030872422,1.0066890377827438,Low
2.34697069674801,-2.34697069674801,0.0,-3.000104385909295,0.24801273094409315,2.2988129467798375,0.43521639940828855,0.08612590067261715,1.0066890377827438,High
-0.8139325985355046,0.8139325985355046,0.0,0.24308474742207503,0.7112992769168694,-0.46086646111912744,-0.4888099262993303,-0.4941938612900658,-0.993355408143237,Low
-1.6041584223563832,1.6041584223563832,0.0,1.6330229474212337,0.24801273094409315,-1.3807595970854492,-0.4888099262993303,1.4982373214484797,1.0066890377827438,Low
1.7543013288823512,-1.7543013288823512,0.0,-1.6101661859101364,-0.44691708801507124,1.378919810813516,0.6662229808351933,0.2254026435436612,1.0066890377827438,Low
-0.22126323066984552,0.22126323066984552,0.0,-1.6101661859101364,1.8695156418488101,-0.6908397451107079,0.43521639940828855,-1.4304430772565278,-0.993355408143237,Medium
-1.2090455104459439,1.2090455104459439,0.0,1.1697102140881808,0.24801273094409315,0.2290533908556138,-1.643842833433854,-0.838516920054591,-0.993355408143237,Medium
-0.023706774714625855,0.023706774714625855,0.0,-0.6835407192440307,0.7112992769168694,0.2290533908556138,-0.25780334487242557,-1.6238829979107554,-0.993355408143237,Medium
-0.22126323066984552,0.22126323066984552,0.0,0.4747411140886015,-0.21527381502868312,-0.6908397451107079,0.43521639940828855,-1.0938576153181716,1.0066890377827438,Medium
-0.023706774714625855,0.023706774714625855,0.0,0.011428380755548613,0.016369457957705016,-0.23089317712754703,0.20420981798138385,0.84441038963719,-0.993355408143237,Medium
0.3714061371958135,-0.3714061371958135,0.0,0.24308474742207503,-0.6785603610014593,-0.23089317712754703,0.6662229808351933,-0.09183882632927207,-0.993355408143237,High
2.34697069674801,-2.34697069674801,0.0,-0.6835407192440307,-2.0684199989197882,0.918973242830355,1.821255887969717,1.3047974007942518,-0.993355408143237,Medium
-1.0114890544907242,1.0114890544907242,0.0,0.7063974807551279,0.47965600393048125,-0.0009198931359666289,-1.1818296705800444,0.34146659593619794,-0.993355408143237,High
0.7665190491062528,-0.7665190491062528,0.0,0.011428380755548613,-0.9102036339878475,-1.8407061650686098,2.745282213677336,1.1268326737923622,1.0066890377827438,Low
-0.22126323066984552,0.22126323066984552,0.0,-0.45188435257750426,0.7112992769168694,-0.9208130291022882,0.6662229808351933,-0.05701964061151105,-0.993355408143237,Medium
-0.8139325985355046,0.8139325985355046,0.0,0.9380538474216543,0.016369457957705016,-0.46086646111912744,-0.4888099262993303,1.2235526341194762,1.0066890377827438,Low
-1.4066019664011635,1.4066019664011635,0.0,1.1697102140881808,0.47965600393048125,-0.0009198931359666289,-1.643842833433854,1.5678756928840014,1.0066890377827438,Low
1.5567448729271316,-1.5567448729271316,0.0,-0.915197085910557,-0.9102036339878475,1.8388663787966766,-0.026796763445520868,1.5253189103400713,1.0066890377827438,Medium
-1.0114890544907242,1.0114890544907242,0.0,-0.45188435257750426,1.637872368862422,-0.6908397451107079,-0.4888099262993303,1.4595493373176343,-0.993355408143237,Low
0.3714061371958135,-0.3714061371958135,0.0,0.24308474742207503,-0.6785603610014593,-0.9208130291022882,1.3592427251159074,-0.7456657581405618,1.0066890377827438,High
0.3714061371958135,-0.3714061371958135,0.0,-0.2202279859109778,-0.21527381502868312,-0.46086646111912744,0.8972295622620979,-0.9932688565779733,-0.993355408143237,High
0.3714061371958135,-0.3714061371958135,0.0,-0.45188435257750426,0.016369457957705016,-0.23089317712754703,0.6662229808351933,-0.6489457978134479,1.0066890377827438,High
-1.4066019664011635,1.4066019664011635,0.0,0.7063974807551279,0.9429425499032575,-0.9208130291022882,-0.719816507726235,-0.02606925330683459,-0.993355408143237,Low
-0.8139325985355046,0.8139325985355046,0.0,1.86467931408776,-0.9102036339878475,-0.46086646111912744,-0.4888099262993303,0.480743338807242,-0.993355408143237,Medium
0.9640755050614725,-0.9640755050614725,0.0,-1.6101661859101364,0.47965600393048125,0.4590266748471942,0.6662229808351933,-1.117070405796679,1.0066890377827438,High
0.5689625931510331,-0.5689625931510331,0.0,-1.1468534525770835,0.47965600393048125,-0.0009198931359666289,0.6662229808351933,0.24087783719599945,-0.993355408143237,High
-0.6163761425802848,0.6163761425802848,0.0,-0.2202279859109778,0.9429425499032575,-0.23089317712754703,-0.4888099262993303,-0.6760273867050398,1.0066890377827438,High
-1.6041584223563832,1.6041584223563832,0.0,1.1697102140881808,0.7112992769168694,-0.6908397451107079,-1.1818296705800444,-0.8539921137069292,-0.993355408143237,Medium
-1.6041584223563832,1.6041584223563832,0.0,0.24308474742207503,1.637872368862422,-1.1507863130938687,-0.719816507726235,0.10546989273803993,1.0066890377827438,High
-0.6163761425802848,0.6163761425802848,0.0,1.401366580754707,-0.6785603610014593,-1.8407061650686098,1.1282361436890027,1.6994148389288763,-0.993355408143237,High
0.3714061371958135,-0.3714061371958135,0.0,-1.6101661859101364,1.1745858228896457,-0.0009198931359666289,0.43521639940828855,0.7244776388315687,1.0066890377827438,Low
0.9640755050614725,-0.9640755050614725,0.0,0.24308474742207503,-1.3734901799606238,1.1489465268219354,-0.026796763445520868,-0.15760839935170953,-0.993355408143237,Low
-1.4066019664011635,1.4066019664011635,0.0,1.86467931408776,-0.21527381502868312,0.2290533908556138,-1.8748494148607586,-1.333723116929414,-0.993355408143237,High
1.7543013288823512,-1.7543013288823512,0.0,-0.915197085910557,-1.1418469069742356,-1.1507863130938687,3.207295376531145,-0.8153041295760837,1.0066890377827438,High
0.17384968124059383,-0.17384968124059383,0.0,0.011428380755548613,-0.21527381502868312,0.2290533908556138,-0.026796763445520868,-0.041544446959172816,-0.993355408143237,Low
2.34697069674801,-2.34697069674801,0.0,-2.305135285909716,-0.44691708801507124,1.8388663787966766,0.8972295622620979,0.26022182926142223,-0.993355408143237,Low
-0.8139325985355046,0.8139325985355046,0.0,0.7063974807551279,0.24801273094409315,-0.6908397451107079,-0.25780334487242557,1.505974918274649,1.0066890377827438,Medium
-1.6041584223563832,1.6041584223563832,0.0,0.011428380755548613,1.8695156418488101,-0.23089317712754703,-1.643842833433854,0.2679594260875913,-0.993355408143237,Medium
-0.023706774714625855,0.023706774714625855,0.0,-0.6835407192440307,0.7112992769168694,0.918973242830355,-0.9508230891531397,-0.5986514184433487,-0.993355408143237,Low
0.5689625931510331,-0.5689625931510331,0.0,-1.3785098192436098,0.7112992769168694,0.6889999588387746,-0.026796763445520868,0.5542505086558481,1.0066890377827438,Medium
2.1494142407927908,-2.1494142407927908,0.0,-1.3785098192436098,-1.1418469069742356,1.378919810813516,1.1282361436890027,-0.4593746755723048,-0.993355408143237,Medium
-1.0114890544907242,1.0114890544907242,0.0,1.1697102140881808,0.016369457957705016,-2.0706794490601905,0.8972295622620979,0.3530729911754516,1.0066890377827438,Medium
-0.4188196866250652,0.4188196866250652,0.0,0.9380538474216543,-0.44691708801507124,-1.1507863130938687,0.6662229808351933,1.4827621277961416,1.0066890377827438,Low
-0.023706774714625855,0.023706774714625855,0.0,0.7063974807551279,-0.6785603610014593,-0.23089317712754703,0.20420981798138385,0.8947047690072892,-0.993355408143237,Low
-1.4066019664011635,1.4066019664011635,0.0,0.4747411140886015,1.1745858228896457,-1.8407061650686098,0.20420981798138385,-1.1944463740583702,-0.993355408143237,Low
0.17384968124059383,-0.17384968124059383,0.0,1.6330229474212337,-1.8367767259334,0.4590266748471942,-0.25780334487242557,-1.15188959151444,-0.993355408143237,High
-0.8139325985355046,0.8139325985355046,0.0,1.1697102140881808,-0.21527381502868312,-0.6908397451107079,-0.25780334487242557,-0.3317043279405144,1.0066890377827438,Medium
0.5689625931510331,-0.5689625931510331,0.0,-0.915197085910557,0.24801273094409315,0.2290533908556138,0.43521639940828855,-1.0164816470564806,1.0066890377827438,High
1.161631961016692,-1.161631961016692,0.0,0.011428380755548613,-1.3734901799606238,-0.0009198931359666289,1.3592427251159074,0.8985735674203738,1.0066890377827438,Low
-0.22126323066984552,0.22126323066984552,0.0,-0.915197085910557,1.1745858228896457,-1.3807595970854492,1.1282361436890027,0.13255148162963185,-0.993355408143237,Low
-1.0114890544907242,1.0114890544907242,0.0,-0.6835407192440307,1.8695156418488101,-0.0009198931359666289,-1.1818296705800444,-1.5387694328228954,-0.993355408143237,High
-1.2090455104459439,1.2090455104459439,0.0,1.6330229474212337,-0.21527381502868312,-1.8407061650686098,0.43521639940828855,-1.333723116929414,-0.993355408143237,Medium
0.3714061371958135,-0.3714061371958135,0.0,-1.1468534525770835,0.7112992769168694,-1.1507863130938687,1.590249306542812,0.024225126063264657,1.0066890377827438,High
1.5567448729271316,-1.5567448729271316,0.0,-1.3785098192436098,-0.44691708801507124,1.8388663787966766,-0.026796763445520868,1.0223751166390795,-0.993355408143237,High
-0.023706774714625855,0.023706774714625855,0.0,0.011428380755548613,0.016369457957705016,0.6889999588387746,-0.719816507726235,-0.4168178930283747,1.0066890377827438,Low
-0.22126323066984552,0.22126323066984552,0.0,1.1697102140881808,-0.9102036339878475,-0.0009198931359666289,-0.25780334487242557,-1.6238829979107554,-0.993355408143237,High
0.3714061371958135,-0.3714061371958135,0.0,-0.45188435257750426,0.016369457957705016,0.6889999588387746,-0.25780334487242557,-1.1325455994490172,1.0066890377827438,Medium
-0.22126323066984552,0.22126323066984552,0.0,-1.3785098192436098,1.637872368862422,-1.1507863130938687,0.8972295622620979,-0.17695239141713232,-0.993355408143237,High
0.17384968124059383,-0.17384968124059383,0.0,0.4747411140886015,-0.6785603610014593,0.4590266748471942,-0.25780334487242557,0.9798183340951495,-0.993355408143237,Low
0.7665190491062528,-0.7665190491062528,0.0,-0.2202279859109778,-0.6785603610014593,0.918973242830355,-0.026796763445520868,0.40336737054555083,-0.993355408143237,Low
-1.6041584223563832,1.6041584223563832,0.0,0.9380538474216543,0.9429425499032575,-1.3807595970854492,-0.4888099262993303,-0.594782620030264,1.0066890377827438,Low
-1.2090455104459439,1.2090455104459439,0.0,1.86467931408776,-0.44691708801507124,0.2290533908556138,-1.643842833433854,-0.656683394639617,-0.993355408143237,High
-0.4188196866250652,0.4188196866250652,0.0,2.0963356807542866,-1.6051334529470118,0.918973242830355,-1.412836252006949,0.6393640737437084,1.0066890377827438,High
-1.2090455104459439,1.2090455104459439,0.0,-0.6835407192440307,2.101158914835198,-0.46086646111912744,-0.9508230891531397,-1.6935213693462776,-0.993355408143237,Low
0.3714061371958135,-0.3714061371958135,0.0,-0.45188435257750426,0.016369457957705016,0.4590266748471942,-0.026796763445520868,1.2196838357063917,1.0066890377827438,Low
1.161631961016692,-1.161631961016692,0.0,-0.2202279859109778,-1.1418469069742356,0.6889999588387746,0.6662229808351933,-0.9391056787947895,1.0066890377827438,Medium
-0.4188196866250652,0.4188196866250652,0.0,-0.45188435257750426,0.9429425499032575,-0.6908397451107079,0.20420981798138385,-1.5387694328228954,-0.993355408143237,Low
0.3714061371958135,-0.3714061371958135,0.0,-0.2202279859109778,-0.21527381502868312,1.378919810813516,-0.9508230891531397,1.3860421674690275,1.0066890377827438,Low
-1.4066019664011635,1.4066019664011635,0.0,0.011428380755548613,1.637872368862422,-1.3807595970854492,-0.25780334487242557,-0.7766161454452383,-0.993355408143237,Low
-0.023706774714625855,0.023706774714625855,0.0,0.7063974807551279,-0.6785603610014593,0.918973242830355,-0.9508230891531397,-1.5735886185406562,1.0066890377827438,High
-0.4188196866250652,0.4188196866250652,0.0,-1.3785098192436098,1.8695156418488101,1.1489465268219354,-1.643842833433854,-0.9584496708602123,-0.993355408143237,Low
-1.0114890544907242,1.0114890544907242,0.0,0.24308474742207503,0.9429425499032575,-1.8407061650686098,0.6662229808351933,-1.5155566423443878,-0.993355408143237,Low
0.5689625931510331,-0.5689625931510331,0.0,-0.45188435257750426,-0.21527381502868312,2.0688396627882573,-1.412836252006949,1.208077440467138,-0.993355408143237,Low
-0.8139325985355046,0.8139325985355046,0.0,0.4747411140886015,0.47965600393048125,0.2290533908556138,-1.1818296705800444,0.8985735674203738,-0.993355408143237,Low
-0.4188196866250652,0.4188196866250652,0.0,-0.2202279859109778,0.7112992769168694,0.4590266748471942,-0.9508230891531397,-0.621864208921856,-0.993355408143237,High
0.7665190491062528,-0.7665190491062528,0.0,-0.915197085910557,0.016369457957705016,0.918973242830355,-0.026796763445520868,-0.041544446959172816,1.0066890377827438,High
-0.023706774714625855,0.023706774714625855,0.0,-0.915197085910557,0.9429425499032575,0.4590266748471942,-0.4888099262993303,-0.9739248645125506,-0.993355408143237,High
-0.8139325985355046,0.8139325985355046,0.0,0.7063974807551279,0.24801273094409315,-1.1507863130938687,0.20420981798138385,1.4634181357307188,1.0066890377827438,Low
0.17384968124059383,-0.17384968124059383,0.0,-0.6835407192440307,0.47965600393048125,-0.9208130291022882,1.1282361436890027,0.244746635609084,-0.993355408143237,High
-0.023706774714625855,0.023706774714625855,0.0,-0.915197085910557,0.9429425499032575,-0.6908397451107079,0.6662229808351933,-0.5909138216171795,1.0066890377827438,High
-0.22126323066984552,0.22126323066984552,0.0,-0.6835407192440307,0.9429425499032575,-1.1507863130938687,0.8972295622620979,-0.9468432756209586,1.0066890377827438,Low
0.9640755050614725,-0.9640755050614725,0.0,0.7063974807551279,-1.8367767259334,0.6889999588387746,0.43521639940828855,-0.5677010311386722,1.0066890377827438,Medium
1.359188416971912,-1.359188416971912,0.0,0.011428380755548613,-1.6051334529470118,2.2988129467798375,-0.719816507726235,-0.5677010311386722,-0.993355408143237,Low
0.7665190491062528,-0.7665190491062528,0.0,-0.2202279859109778,-0.6785603610014593,1.1489465268219354,-0.25780334487242557,-1.0513008327742415,1.0066890377827438,High
0.17384968124059383,-0.17384968124059383,0.0,-0.45188435257750426,0.24801273094409315,0.6889999588387746,-0.4888099262993303,1.7187588309942992,1.0066890377827438,Low
0.9640755050614725,-0.9640755050614725,0.0,-0.6835407192440307,-0.44691708801507124,1.8388663787966766,-0.719816507726235,1.208077440467138,-0.993355408143237,Medium
0.5689625931510331,-0.5689625931510331,0.0,-0.2202279859109778,-0.44691708801507124,1.8388663787966766,-1.1818296705800444,1.27771581190266,-0.993355408143237,Medium
-1.4066019664011635,1.4066019664011635,0.0,0.011428380755548613,1.637872368862422,0.2290533908556138,-1.8748494148607586,-1.10933280897051,1.0066890377827438,High
0.17384968124059383,-0.17384968124059383,0.0,-0.2202279859109778,0.016369457957705016,-0.6908397451107079,0.8972295622620979,0.9217863578988811,-0.993355408143237,High
0.17384968124059383,-0.17384968124059383,0.0,0.7063974807551279,-0.9102036339878475,-0.23089317712754703,0.43521639940828855,0.6741832594614694,-0.993355408143237,Medium
1.9518577848375709,-1.9518577848375709,0.0,-2.0734789192431893,-0.21527381502868312,0.4590266748471942,1.821255887969717,-0.08023243109001839,1.0066890377827438,Low
1.5567448729271316,-1.5567448729271316,0.0,-0.45188435257750426,-1.3734901799606238,1.6088930948050963,0.20420981798138385,0.9643431404428112,-0.993355408143237,High
0.3714061371958135,-0.3714061371958135,0.0,-0.6835407192440307,0.24801273094409315,-0.0009198931359666289,0.43521639940828855,-1.716734159824785,-0.993355408143237,Low
-1.6041584223563832,1.6041584223563832,0.0,-0.2202279859109778,2.101158914835198,-0.6908397451107079,-1.1818296705800444,-0.5483570390732494,-0.993355408143237,High
-0.22126323066984552,0.22126323066984552,0.0,1.1697102140881808,-0.9102036339878475,0.2290533908556138,-0.4888099262993303,-1.689652570933193,-0.993355408143237,Low
-0.22126323066984552,0.22126323066984552,0.0,-1.3785098192436098,1.637872368862422,0.4590266748471942,-0.719816507726235,0.47300574198107287,-0.993355408143237,Medium
2.34697069674801,-2.34697069674801,0.0,-0.45188435257750426,-2.3000632719061764,1.1489465268219354,1.590249306542812,-1.1441519946882708,-0.993355408143237,High
-0.4188196866250652,0.4188196866250652,0.0,1.86467931408776,-1.3734901799606238,0.2290533908556138,-0.719816507726235,-1.4265742788434432,-0.993355408143237,High
-0.6163761425802848,0.6163761425802848,0.0,0.9380538474216543,-0.21527381502868312,-0.6908397451107079,-0.026796763445520868,-0.09570762474235663,-0.993355408143237,High
-0.023706774714625855,0.023706774714625855,0.0,-0.2202279859109778,0.24801273094409315,-0.23089317712754703,0.20420981798138385,0.24861543402216857,1.0066890377827438,Medium
-0.4188196866250652,0.4188196866250652,0.0,0.7063974807551279,-0.21527381502868312,-0.9208130291022882,0.43521639940828855,0.8830983737680356,1.0066890377827438,High
-1.2090455104459439,1.2090455104459439,0.0,0.24308474742207503,1.1745858228896457,-0.6908397451107079,-0.719816507726235,-1.3143791248639913,-0.993355408143237,Low
0.5689625931510331,-0.5689625931510331,0.0,-0.45188435257750426,-0.21527381502868312,-0.9208130291022882,1.590249306542812,-1.523294239170557,-0.993355408143237,Low
1.359188416971912,-1.359188416971912,0.0,-0.2202279859109778,-1.3734901799606238,0.4590266748471942,1.1282361436890027,1.4015173611213658,1.0066890377827438,Medium
1.161631961016692,-1.161631961016692,0.0,0.011428380755548613,-1.3734901799606238,0.6889999588387746,0.6662229808351933,-1.5619822233014027,1.0066890377827438,Low
0.17384968124059383,-0.17384968124059383,0.0,-0.915197085910557,0.7112992769168694,-0.23089317712754703,0.43521639940828855,0.9991623261605723,-0.993355408143237,Medium
-0.023706774714625855,0.023706774714625855,0.0,-0.6835407192440307,0.7112992769168694,-0.23089317712754703,0.20420981798138385,-0.15760839935170953,-0.993355408143237,High
-1.6041584223563832,1.6041584223563832,0.0,1.86467931408776,0.016369457957705016,-0.46086646111912744,-1.412836252006949,-1.558113424888318,1.0066890377827438,High
1.5567448729271316,-1.5567448729271316,0.0,-1.8418225525766627,0.016369457957705016,0.6889999588387746,1.1282361436890027,-1.654833385215432,-0.993355408143237,High
-0.4188196866250652,0.4188196866250652,0.0,0.7063974807551279,-0.21527381502868312,0.6889999588387746,-1.1818296705800444,-1.2370031566023,1.0066890377827438,Low
0.7665190491062528,-0.7665190491062528,0.0,0.4747411140886015,-1.3734901799606238,0.918973242830355,-0.026796763445520868,0.244746635609084,1.0066890377827438,Low
-1.2090455104459439,1.2090455104459439,0.0,-0.6835407192440307,2.101158914835198,-1.1507863130938687,-0.25780334487242557,-0.8965488962508593,-0.993355408143237,Low
0.7665190491062528,-0.7665190491062528,0.0,0.011428380755548613,-0.9102036339878475,0.4590266748471942,0.43521639940828855,0.9024423658334584,1.0066890377827438,High
1.5567448729271316,-1.5567448729271316,0.0,-0.45188435257750426,-1.3734901799606238,0.2290533908556138,1.590249306542812,1.606563677014847,-0.993355408143237,High
-1.0114890544907242,1.0114890544907242,0.0,0.24308474742207503,0.9429425499032575,-1.6107328810770296,0.43521639940828855,-0.8926800978377748,1.0066890377827438,Low
-0.4188196866250652,0.4188196866250652,0.0,0.24308474742207503,0.24801273094409315,0.4590266748471942,-0.9508230891531397,0.8637543817026128,-0.993355408143237,High
0.3714061371958135,-0.3714061371958135,0.0,1.1697102140881808,-1.6051334529470118,0.6889999588387746,-0.25780334487242557,1.200339843640969,1.0066890377827438,High
-0.6163761425802848,0.6163761425802848,0.0,1.401366580754707,-0.6785603610014593,-0.23089317712754703,-0.4888099262993303,1.6336452659064389,1.0066890377827438,Medium
0.3714061371958135,-0.3714061371958135,0.0,0.7063974807551279,-1.1418469069742356,0.4590266748471942,-0.026796763445520868,-0.71858416924897,-0.993355408143237,Medium
0.5689625931510331,-0.5689625931510331,0.0,-0.2202279859109778,-0.44691708801507124,-0.46086646111912744,1.1282361436890027,0.20992744989132298,-0.993355408143237,High
0.3714061371958135,-0.3714061371958135,0.0,-1.1468534525770835,0.7112992769168694,0.918973242830355,-0.4888099262993303,1.7303652262335527,-0.993355408143237,Medium
-0.023706774714625855,0.023706774714625855,0.0,-0.2202279859109778,0.24801273094409315,-0.46086646111912744,0.43521639940828855,-0.7727473470321538,-0.993355408143237,Low
0.5689625931510331,-0.5689625931510331,0.0,-0.45188435257750426,-0.21527381502868312,1.1489465268219354,-0.4888099262993303,-0.3897363041367828,1.0066890377827438,Medium
-0.023706774714625855,0.023706774714625855,0.0,0.9380538474216543,-0.9102036339878475,-0.0009198931359666289,-0.026796763445520868,1.579482088123255,1.0066890377827438,Low
-1.2090455104459439,1.2090455104459439,0.0,0.7063974807551279,0.7112992769168694,-1.3807595970854492,-0.026796763445520868,-0.05315084219842649,-0.993355408143237,Low
1.5567448729271316,-1.5567448729271316,0.0,-1.8418225525766627,0.016369457957705016,1.378919810813516,0.43521639940828855,-0.6760273867050398,1.0066890377827438,Low
-0.023706774714625855,0.023706774714625855,0.0,-0.915197085910557,0.9429425499032575,0.2290533908556138,-0.25780334487242557,1.6026948786017623,-0.993355408143237,High
1.9518577848375709,-1.9518577848375709,0.0,-1.1468534525770835,-1.1418469069742356,2.2988129467798375,-0.026796763445520868,-0.7882225406844919,-0.993355408143237,Medium
-1.0114890544907242,1.0114890544907242,0.0,1.6330229474212337,-0.44691708801507124,-0.6908397451107079,-0.4888099262993303,1.4556805389045495,-0.993355408143237,High
-0.22126323066984552,0.22126323066984552,0.0,0.7063974807551279,-0.44691708801507124,-0.0009198931359666289,-0.25780334487242557,1.745840419885891,1.0066890377827438,Medium
-0.22126323066984552,0.22126323066984552,0.0,0.011428380755548613,0.24801273094409315,0.2290533908556138,-0.4888099262993303,0.28730341815301413,1.0066890377827438,High
-1.6041584223563832,1.6041584223563832,0.0,2.0963356807542866,-0.21527381502868312,0.4590266748471942,-2.336862577714568,-0.9042864930770285,1.0066890377827438,Medium
-0.22126323066984552,0.22126323066984552,0.0,-0.45188435257750426,0.7112992769168694,0.6889999588387746,-0.9508230891531397,-1.4227054804303587,-0.993355408143237,Medium
-0.8139325985355046,0.8139325985355046,0.0,-0.2202279859109778,1.1745858228896457,-0.23089317712754703,-0.719816507726235,-0.2698035533311617,1.0066890377827438,High
-0.22126323066984552,0.22126323066984552,0.0,0.24308474742207503,0.016369457957705016,-0.23089317712754703,-0.026796763445520868,-1.6973901677593621,-0.993355408143237,High
0.17384968124059383,-0.17384968124059383,0.0,0.4747411140886015,-0.6785603610014593,0.4590266748471942,-0.25780334487242557,1.451811740491465,-0.993355408143237,Medium
0.9640755050614725,-0.9640755050614725,0.0,-1.6101661859101364,0.47965600393048125,-0.46086646111912744,1.590249306542812,0.9604743420297267,-0.993355408143237,High
1.5567448729271316,-1.5567448729271316,0.0,-1.6101661859101364,-0.21527381502868312,-0.6908397451107079,2.514275632250431,-0.4438994819199666,1.0066890377827438,Low
0.17384968124059383,-0.17384968124059383,0.0,0.7063974807551279,-0.9102036339878475,0.2290533908556138,-0.026796763445520868,-0.4245554898545438,-0.993355408143237,High
-1.6041584223563832,1.6041584223563832,0.0,1.6330229474212337,0.24801273094409315,-1.8407061650686098,-0.026796763445520868,1.0301127134652484,-0.993355408143237,Low
-1.2090455104459439,1.2090455104459439,0.0,0.7063974807551279,0.7112992769168694,-1.3807595970854492,-0.026796763445520868,-1.6354893931500092,1.0066890377827438,High
-1.0114890544907242,1.0114890544907242,0.0,2.3279920474208127,-1.1418469069742356,1.378919810813516,-2.567869159141473,-0.2543283596788235,-0.993355408143237,Low
-0.8139325985355046,0.8139325985355046,0.0,-0.6835407192440307,1.637872368862422,-0.9208130291022882,-0.026796763445520868,0.5852008959605246,-0.993355408143237,High
-0.22126323066984552,0.22126323066984552,0.0,0.24308474742207503,0.016369457957705016,0.918973242830355,-1.1818296705800444,1.5601380960578322,1.0066890377827438,Medium
-1.9992713342668227,1.9992713342668227,0.0,0.24308474742207503,2.101158914835198,-1.6107328810770296,-0.719816507726235,1.5137125151008175,-0.993355408143237,Medium
-0.023706774714625855,0.023706774714625855,0.0,0.011428380755548613,0.016369457957705016,0.918973242830355,-0.9508230891531397,-1.0396944375349877,1.0066890377827438,Medium
0.3714061371958135,-0.3714061371958135,0.0,0.011428380755548613,-0.44691708801507124,1.8388663787966766,-1.412836252006949,0.349204192762367,1.0066890377827438,Low
0.3714061371958135,-0.3714061371958135,0.0,0.24308474742207503,-0.6785603610014593,-0.46086646111912744,0.8972295622620979,0.15189547369505463,1.0066890377827438,High
1.7543013288823512,-1.7543013288823512,0.0,-1.3785098192436098,-0.6785603610014593,2.2988129467798375,-0.25780334487242557,-1.3066415280378223,1.0066890377827438,Low
-0.6163761425802848,0.6163761425802848,0.0,0.011428380755548613,0.7112992769168694,-0.46086646111912744,-0.25780334487242557,1.6297764674933544,-0.993355408143237,High
-0.22126323066984552,0.22126323066984552,0.0,0.4747411140886015,-0.21527381502868312,0.4590266748471942,-0.719816507726235,0.34146659593619794,1.0066890377827438,Low
0.9640755050614725,-0.9640755050614725,0.0,0.011428380755548613,-1.1418469069742356,-0.46086646111912744,1.590249306542812,-0.07636363267693383,1.0066890377827438,High
-0.6163761425802848,0.6163761425802848,0.0,-0.45188435257750426,1.1745858228896457,-1.1507863130938687,0.43521639940828855,-1.3375919153424984,-0.993355408143237,Medium
0.9640755050614725,-0.9640755050614725,0.0,-1.6101661859101364,0.47965600393048125,0.6889999588387746,0.43521639940828855,-0.8307793232284219,1.0066890377827438,Medium
0.5689625931510331,-0.5689625931510331,0.0,-0.2202279859109778,-0.44691708801507124,1.1489465268219354,-0.4888099262993303,-0.2349843676134007,-0.993355408143237,Low
-2.5919407021324816,2.5919407021324816,0.0,1.1697102140881808,1.8695156418488101,-1.1507863130938687,-1.8748494148607586,-0.2891475453965845,-0.993355408143237,High
0.9640755050614725,-0.9640755050614725,0.0,0.4747411140886015,-1.6051334529470118,2.0688396627882573,-0.9508230891531397,1.0494567055306712,1.0066890377827438,Low
-0.8139325985355046,0.8139325985355046,0.0,1.1697102140881808,-0.21527381502868312,-0.6908397451107079,-0.25780334487242557,-0.5715698295517567,1.0066890377827438,Low
-0.4188196866250652,0.4188196866250652,0.0,0.24308474742207503,0.24801273094409315,-0.0009198931359666289,-0.4888099262993303,1.041719108704502,1.0066890377827438,High
-0.6163761425802848,0.6163761425802848,0.0,0.011428380755548613,0.7112992769168694,-1.1507863130938687,0.43521639940828855,-1.3530671089948367,-0.993355408143237,Low
-1.0114890544907242,1.0114890544907242,0.0,1.6330229474212337,-0.44691708801507124,-0.46086646111912744,-0.719816507726235,1.0146375198129105,-0.993355408143237,Low
-0.8139325985355046,0.8139325985355046,0.0,-0.45188435257750426,1.4062290958760337,0.4590266748471942,-1.412836252006949,-1.159627188340609,1.0066890377827438,Low
0.9640755050614725,-0.9640755050614725,0.0,-0.915197085910557,-0.21527381502868312,1.378919810813516,-0.25780334487242557,0.349204192762367,1.0066890377827438,Low
0.3714061371958135,-0.3714061371958135,0.0,0.011428380755548613,-0.44691708801507124,-0.46086646111912744,0.8972295622620979,0.05130671495485656,1.0066890377827438,Low
-1.2090455104459439,1.2090455104459439,0.0,0.24308474742207503,1.1745858228896457,-0.6908397451107079,-0.719816507726235,0.44979295150256554,-0.993355408143237,Low
-0.4188196866250652,0.4188196866250652,0.0,-0.915197085910557,1.4062290958760337,0.4590266748471942,-0.9508230891531397,-1.403361488364936,1.0066890377827438,Low
-0.6163761425802848,0.6163761425802848,0.0,0.7063974807551279,0.016369457957705016,-0.9208130291022882,0.20420981798138385,-0.9507120740340431,1.0066890377827438,Low
-0.023706774714625855,0.023706774714625855,0.0,0.24308474742207503,-0.21527381502868312,0.2290533908556138,-0.25780334487242557,-0.8114353311629992,1.0066890377827438,Medium
-1.2090455104459439,1.2090455104459439,0.0,0.9380538474216543,0.47965600393048125,-0.9208130291022882,-0.4888099262993303,1.2854534087288292,-0.993355408143237,High
0.9640755050614725,-0.9640755050614725,0.0,-1.1468534525770835,0.016369457957705016,-0.23089317712754703,1.3592427251159074,0.8018536070932598,1.0066890377827438,High
0.5689625931510331,-0.5689625931510331,0.0,-1.3785098192436098,0.7112992769168694,2.0688396627882573,-1.412836252006949,-1.2176591645368775,-0.993355408143237,High
0.5689625931510331,-0.5689625931510331,0.0,-0.915197085910557,0.24801273094409315,-0.0009198931359666289,0.6662229808351933,1.084275891248432,-0.993355408143237,High
3.1371965205688888,-3.1371965205688888,0.0,-1.3785098192436098,-2.3000632719061764,0.4590266748471942,3.207295376531145,0.22153384513057667,1.0066890377827438,High
-0.023706774714625855,0.023706774714625855,0.0,0.7063974807551279,-0.6785603610014593,0.2290533908556138,-0.25780334487242557,1.0958822864876858,1.0066890377827438,Low
-1.0114890544907242,1.0114890544907242,0.0,1.6330229474212337,-0.44691708801507124,-0.0009198931359666289,-1.1818296705800444,-1.1712335835798626,-0.993355408143237,Medium
1.359188416971912,-1.359188416971912,0.0,-0.2202279859109778,-1.3734901799606238,-0.23089317712754703,1.821255887969717,1.5214501119269868,1.0066890377827438,Low
0.17384968124059383,-0.17384968124059383,0.0,0.24308474742207503,-0.44691708801507124,-0.6908397451107079,0.8972295622620979,0.36854818482778984,1.0066890377827438,High
0.17384968124059383,-0.17384968124059383,0.0,0.4747411140886015,-0.6785603610014593,-0.6908397451107079,0.8972295622620979,0.17897706258664653,1.0066890377827438,Low
1.161631961016692,-1.161631961016692,0.0,-1.3785098192436098,0.016369457957705016,-0.0009198931359666289,1.3592427251159074,1.4247301515998732,1.0066890377827438,High
-1.0114890544907242,1.0114890544907242,0.0,0.4747411140886015,0.7112992769168694,-2.3006527330517708,1.1282361436890027,0.20218985306515386,1.0066890377827438,Low
-1.2090455104459439,1.2090455104459439,0.0,0.9380538474216543,0.47965600393048125,-2.3006527330517708,0.8972295622620979,-1.592932610606079,-0.993355408143237,Medium
0.9640755050614725,-0.9640755050614725,0.0,0.4747411140886015,-1.6051334529470118,0.918973242830355,0.20420981798138385,1.7497092182989755,-0.993355408143237,High
-0.023706774714625855,0.023706774714625855,0.0,0.4747411140886015,-0.44691708801507124,-0.0009198931359666289,-0.026796763445520868,-0.5290130470078268,1.0066890377827438,Low
-0.8139325985355046,0.8139325985355046,0.0,0.011428380755548613,0.9429425499032575,-0.23089317712754703,-0.719816507726235,0.18671465941281565,-0.993355408143237,Medium
0.7665190491062528,-0.7665190491062528,0.0,-0.2202279859109778,-0.6785603610014593,0.4590266748471942,0.43521639940828855,0.7786408166147525,-0.993355408143237,High
1.9518577848375709,-1.9518577848375709,0.0,-1.1468534525770835,-1.1418469069742356,1.1489465268219354,1.1282361436890027,1.3550917801643512,1.0066890377827438,Medium
0.7665190491062528,-0.7665190491062528,0.0,-0.45188435257750426,-0.44691708801507124,1.1489465268219354,-0.25780334487242557,-1.3105103264509068,1.0066890377827438,Low
-0.4188196866250652,0.4188196866250652,0.0,1.401366580754707,-0.9102036339878475,-0.9208130291022882,0.43521639940828855,1.3550917801643512,1.0066890377827438,Medium
1.9518577848375709,-1.9518577848375709,0.0,-1.1468534525770835,-1.1418469069742356,1.6088930948050963,0.6662229808351933,1.5330565071662403,-0.993355408143237,High
0.5689625931510331,-0.5689625931510331,0.0,0.4747411140886015,-1.1418469069742356,-0.6908397451107079,1.3592427251159074,0.4923497340464957,1.0066890377827438,High
0.9640755050614725,-0.9640755050614725,0.0,0.011428380755548613,-1.1418469069742356,1.8388663787966766,-0.719816507726235,0.08999469908570171,-0.993355408143237,Medium
0.3714061371958135,-0.3714061371958135,0.0,-0.2202279859109778,-0.21527381502868312,0.4590266748471942,-0.026796763445520868,0.33759779752311336,-0.993355408143237,High
-1.4066019664011635,1.4066019664011635,0.0,0.24308474742207503,1.4062290958760337,-1.3807595970854492,-0.25780334487242557,1.4324677484260422,1.0066890377827438,Low
-0.6163761425802848,0.6163761425802848,0.0,-0.45188435257750426,1.1745858228896457,-0.46086646111912744,-0.25780334487242557,0.7206088404184842,1.0066890377827438,High
-0.6163761425802848,0.6163761425802848,0.0,0.24308474742207503,0.47965600393048125,0.4590266748471942,-1.1818296705800444,1.5253189103400713,1.0066890377827438,Medium
-0.023706774714625855,0.023706774714625855,0.0,0.011428380755548613,0.016369457957705016,-0.6908397451107079,0.6662229808351933,-1.0010064534041425,1.0066890377827438,Medium
-1.4066019664011635,1.4066019664011635,0.0,2.0963356807542866,-0.44691708801507124,-0.9208130291022882,-0.719816507726235,0.6741832594614694,1.0066890377827438,Low
0.7665190491062528,-0.7665190491062528,0.0,1.1697102140881808,-2.0684199989197882,0.918973242830355,-0.026796763445520868,-1.1634959867536936,1.0066890377827438,Medium
1.5567448729271316,-1.5567448729271316,0.0,-1.6101661859101364,-0.21527381502868312,-0.23089317712754703,2.0522624693966214,-1.4613934645612041,-0.993355408143237,Medium
0.17384968124059383,-0.17384968124059383,0.0,-1.1468534525770835,0.9429425499032575,-0.46086646111912744,0.6662229808351933,0.13255148162963185,-0.993355408143237,High
-0.4188196866250652,0.4188196866250652,0.0,-0.2202279859109778,0.7112992769168694,0.4590266748471942,-0.9508230891531397,-1.2021839708845392,-0.993355408143237,Medium
1.161631961016692,-1.161631961016692,0.0,-0.915197085910557,-0.44691708801507124,0.2290533908556138,1.1282361436890027,1.6026948786017623,1.0066890377827438,Low
-0.8139325985355046,0.8139325985355046,0.0,2.3279920474208127,-1.3734901799606238,0.6889999588387746,-1.643842833433854,0.6238888800913702,1.0066890377827438,Low
0.7665190491062528,-0.7665190491062528,0.0,1.1697102140881808,-2.0684199989197882,0.6889999588387746,0.20420981798138385,0.09386349749878627,-0.993355408143237,Medium
0.5689625931510331,-0.5689625931510331,0.0,-0.2202279859109778,-0.44691708801507124,0.6889999588387746,-0.026796763445520868,0.2176650467174921,1.0066890377827438,Low
-0.8139325985355046,0.8139325985355046,0.0,-0.2202279859109778,1.1745858228896457,0.6889999588387746,-1.643842833433854,1.3047974007942518,-0.993355408143237,Low
-1.6041584223563832,1.6041584223563832,0.0,0.4747411140886015,1.4062290958760337,-0.9208130291022882,-0.9508230891531397,-0.32783552952742984,-0.993355408143237,High
0.9640755050614725,-0.9640755050614725,0.0,-0.2202279859109778,-0.9102036339878475,0.2290533908556138,0.8972295622620979,-1.1789711804060319,1.0066890377827438,Low
-2.3943842461772618,2.3943842461772618,0.0,1.86467931408776,0.9429425499032575,-1.6107328810770296,-1.1818296705800444,0.3221226038707751,-0.993355408143237,Low
0.9640755050614725,-0.9640755050614725,0.0,0.24308474742207503,-1.3734901799606238,1.8388663787966766,-0.719816507726235,-1.7051277645855312,1.0066890377827438,High
0.17384968124059383,-0.17384968124059383,0.0,-0.2202279859109778,0.016369457957705016,-0.0009198931359666289,0.20420981798138385,-1.4846062550397114,-0.993355408143237,High
-1.4066019664011635,1.4066019664011635,0.0,1.401366580754707,0.24801273094409315,-1.3807595970854492,-0.25780334487242557,-0.7688785486190692,1.0066890377827438,Low
-0.6163761425802848,0.6163761425802848,0.0,0.7063974807551279,0.016369457957705016,0.2290533908556138,-0.9508230891531397,-0.8965488962508593,1.0066890377827438,High
-1.2090455104459439,1.2090455104459439,0.0,1.6330229474212337,-0.21527381502868312,0.4590266748471942,-1.8748494148607586,1.3860421674690275,-0.993355408143237,High
-1.2090455104459439,1.2090455104459439,0.0,0.7063974807551279,0.7112992769168694,0.2290533908556138,-1.643842833433854,-0.5135378533554886,1.0066890377827438,Medium
-0.6163761425802848,0.6163761425802848,0.0,0.24308474742207503,0.47965600393048125,-1.8407061650686098,1.1282361436890027,1.0494567055306712,1.0066890377827438,Low
0.17384968124059383,-0.17384968124059383,0.0,-0.6835407192440307,0.47965600393048125,1.1489465268219354,-0.9508230891531397,1.4595493373176343,-0.993355408143237,Low
1.161631961016692,-1.161631961016692,0.0,-1.1468534525770835,-0.21527381502868312,1.378919810813516,-0.026796763445520868,-0.6760273867050398,1.0066890377827438,Low
0.17384968124059383,-0.17384968124059383,0.0,-0.915197085910557,0.7112992769168694,-0.23089317712754703,0.43521639940828855,-0.006725261241411801,-0.993355408143237,Medium
0.3714061371958135,-0.3714061371958135,0.0,0.011428380755548613,-0.44691708801507124,-1.3807595970854492,1.821255887969717,0.5852008959605246,-0.993355408143237,Low
0.7665190491062528,-0.7665190491062528,0.0,-0.2202279859109778,-0.6785603610014593,0.6889999588387746,0.20420981798138385,-0.3433107231797681,-0.993355408143237,High
-0.22126323066984552,0.22126323066984552,0.0,0.4747411140886015,-0.21527381502868312,-1.8407061650686098,1.590249306542812,-1.0358256391219032,-0.993355408143237,Low
-0.8139325985355046,0.8139325985355046,0.0,-0.915197085910557,1.8695156418488101,-1.1507863130938687,0.20420981798138385,0.16737066734739287,-0.993355408143237,Low
0.17384968124059383,-0.17384968124059383,0.0,0.24308474742207503,-0.44691708801507124,-0.23089317712754703,0.43521639940828855,-1.3724111010602595,-0.993355408143237,High
0.9640755050614725,-0.9640755050614725,0.0,-0.6835407192440307,-0.44691708801507124,0.6889999588387746,0.43521639940828855,0.21379624830440755,-0.993355408143237,Medium
0.17384968124059383,-0.17384968124059383,0.0,-0.2202279859109778,0.016369457957705016,0.6889999588387746,-0.4888099262993303,-1.1480207931013553,-0.993355408143237,Medium
0.7665190491062528,-0.7665190491062528,0.0,-1.6101661859101364,0.7112992769168694,-0.46086646111912744,1.3592427251159074,-1.4227054804303587,-0.993355408143237,Low
-0.6163761425802848,0.6163761425802848,0.0,2.0963356807542866,-1.3734901799606238,-0.6908397451107079,-0.026796763445520868,-1.5813262153668255,-0.993355408143237,High
-1.2090455104459439,1.2090455104459439,0.0,0.9380538474216543,0.47965600393048125,-0.9208130291022882,-0.4888099262993303,-1.4110990851911052,-0.993355408143237,High
-1.2090455104459439,1.2090455104459439,0.0,1.6330229474212337,-0.21527381502868312,-0.9208130291022882,-0.4888099262993303,1.4634181357307188,1.0066890377827438,Low
0.17384968124059383,-0.17384968124059383,0.0,-0.6835407192440307,0.47965600393048125,1.1489465268219354,-0.9508230891531397,0.7206088404184842,1.0066890377827438,Low
0.17384968124059383,-0.17384968124059383,0.0,0.011428380755548613,-0.21527381502868312,-0.0009198931359666289,0.20420981798138385,1.242896626184899,-0.993355408143237,High
-1.2090455104459439,1.2090455104459439,0.0,0.4747411140886015,0.9429425499032575,0.6889999588387746,-2.105855996287663,-1.3182479232770759,1.0066890377827438,High
-0.22126323066984552,0.22126323066984552,0.0,-0.45188435257750426,0.7112992769168694,0.2290533908556138,-0.4888099262993303,-0.9971376549910579,-0.993355408143237,Medium
1.359188416971912,-1.359188416971912,0.0,0.011428380755548613,-1.6051334529470118,-0.0009198931359666289,1.590249306542812,-1.2447407534284693,1.0066890377827438,Low
2.54452715270323,-2.54452715270323,0.0,-1.3785098192436098,-1.6051334529470118,0.6889999588387746,2.283269050823526,-1.5194254407574725,-0.993355408143237,Medium
0.7665190491062528,-0.7665190491062528,0.0,-1.1468534525770835,0.24801273094409315,0.6889999588387746,0.20420981798138385,-0.8114353311629992,1.0066890377827438,Low
2.34697069674801,-2.34697069674801,0.0,-1.8418225525766627,-0.9102036339878475,1.6088930948050963,1.1282361436890027,1.3512229817512666,-0.993355408143237,Medium
-0.023706774714625855,0.023706774714625855,0.0,-1.1468534525770835,1.1745858228896457,-0.0009198931359666289,-0.026796763445520868,-0.6644209914657861,1.0066890377827438,Medium
0.17384968124059383,-0.17384968124059383,0.0,0.011428380755548613,-0.21527381502868312,0.4590266748471942,-0.25780334487242557,0.7090024451792305,-0.993355408143237,Medium
-0.22126323066984552,0.22126323066984552,0.0,0.011428380755548613,0.24801273094409315,-0.0009198931359666289,-0.25780334487242557,-1.7283405550640385,-0.993355408143237,Low
0.9640755050614725,-0.9640755050614725,0.0,-1.3785098192436098,0.24801273094409315,1.1489465268219354,-0.026796763445520868,-1.229265559776131,1.0066890377827438,Medium
0.3714061371958135,-0.3714061371958135,0.0,-0.2202279859109778,-0.21527381502868312,0.4590266748471942,-0.026796763445520868,-0.873336105772352,-0.993355408143237,Medium
-1.0114890544907242,1.0114890544907242,0.0,0.9380538474216543,0.24801273094409315,0.2290533908556138,-1.412836252006949,0.8753607769418664,-0.993355408143237,Medium
-1.8017148783116028,1.8017148783116028,0.0,-1.8418225525766627,3.9543050987263033,-1.1507863130938687,-0.9508230891531397,-0.6334706041611097,1.0066890377827438,Medium
0.17384968124059383,-0.17384968124059383,0.0,0.24308474742207503,-0.44691708801507124,-0.6908397451107079,0.8972295622620979,-0.13052681046011763,1.0066890377827438,Medium
-1.0114890544907242,1.0114890544907242,0.0,-1.1468534525770835,2.3328021878215863,-0.6908397451107079,-0.4888099262993303,-0.08410122950310295,1.0066890377827438,Low
1.161631961016692,-1.161631961016692,0.0,-1.1468534525770835,-0.21527381502868312,0.4590266748471942,0.8972295622620979,-0.7650097502059846,1.0066890377827438,High
-0.023706774714625855,0.023706774714625855,0.0,0.7063974807551279,-0.6785603610014593,1.1489465268219354,-1.1818296705800444,-0.2349843676134007,-0.993355408143237,Medium
0.3714061371958135,-0.3714061371958135,0.0,-0.2202279859109778,-0.21527381502868312,-0.23089317712754703,0.6662229808351933,-0.6992401771835471,1.0066890377827438,High
0.7665190491062528,-0.7665190491062528,0.0,-0.6835407192440307,-0.21527381502868312,-1.1507863130938687,2.0522624693966214,1.1423078674447005,-0.993355408143237,Low
-1.2090455104459439,1.2090455104459439,0.0,-2.0734789192431893,3.491018552753527,-0.0009198931359666289,-1.412836252006949,0.7902472118540061,-0.993355408143237,High
-0.4188196866250652,0.4188196866250652,0.0,-0.2202279859109778,0.7112992769168694,0.2290533908556138,-0.719816507726235,1.5949572817755933,1.0066890377827438,Medium
-0.023706774714625855,0.023706774714625855,0.0,0.4747411140886015,-0.44691708801507124,-0.6908397451107079,0.6662229808351933,1.3434853849250974,-0.993355408143237,High
-0.4188196866250652,0.4188196866250652,0.0,0.24308474742207503,0.24801273094409315,-0.9208130291022882,0.43521639940828855,1.2274214325325608,-0.993355408143237,Low
-0.023706774714625855,0.023706774714625855,0.0,0.7063974807551279,-0.6785603610014593,1.378919810813516,-1.412836252006949,1.389910965882112,-0.993355408143237,Low
1.7543013288823512,-1.7543013288823512,0.0,-1.3785098192436098,-0.6785603610014593,1.378919810813516,0.6662229808351933,1.1693894563362923,1.0066890377827438,Medium
0.3714061371958135,-0.3714061371958135,0.0,-0.2202279859109778,-0.21527381502868312,1.378919810813516,-0.9508230891531397,0.84441038963719,1.0066890377827438,High
-1.6041584223563832,1.6041584223563832,0.0,2.3279920474208127,-0.44691708801507124,-0.23089317712754703,-1.643842833433854,1.5949572817755933,-0.993355408143237,Low
1.5567448729271316,-1.5567448729271316,0.0,0.011428380755548613,-1.8367767259334,1.1489465268219354,0.6662229808351933,-0.3936051025498673,1.0066890377827438,Low
0.7665190491062528,-0.7665190491062528,0.0,0.24308474742207503,-1.1418469069742356,0.4590266748471942,0.43521639940828855,0.5852008959605246,-0.993355408143237,Low
1.359188416971912,-1.359188416971912,0.0,-2.0734789192431893,0.47965600393048125,0.6889999588387746,0.8972295622620979,-0.42842428826762835,1.0066890377827438,High
0.7665190491062528,-0.7665190491062528,0.0,-1.6101661859101364,0.7112992769168694,-0.6908397451107079,1.590249306542812,-0.033806850133003705,1.0066890377827438,Medium
0.5689625931510331,-0.5689625931510331,0.0,-1.8418225525766627,1.1745858228896457,-1.1507863130938687,1.821255887969717,0.09773229591187083,1.0066890377827438,Medium
-2.3943842461772618,2.3943842461772618,0.0,1.401366580754707,1.4062290958760337,-1.8407061650686098,-0.9508230891531397,-0.08023243109001839,-0.993355408143237,Low
-0.6163761425802848,0.6163761425802848,0.0,-0.2202279859109778,0.9429425499032575,-1.1507863130938687,0.43521639940828855,-0.4206866914414592,-0.993355408143237,Low
1.359188416971912,-1.359188416971912,0.0,0.4747411140886015,-2.0684199989197882,-0.23089317712754703,1.821255887969717,-1.6819149741070238,1.0066890377827438,Low
-1.4066019664011635,1.4066019664011635,0.0,2.0963356807542866,-0.44691708801507124,-1.8407061650686098,0.20420981798138385,1.6181700722541006,1.0066890377827438,Medium
-2.5919407021324816,2.5919407021324816,0.0,1.401366580754707,1.637872368862422,-1.3807595970854492,-1.643842833433854,1.3280101912727593,-0.993355408143237,Medium
0.5689625931510331,-0.5689625931510331,0.0,-0.45188435257750426,-0.21527381502868312,0.6889999588387746,-0.026796763445520868,-1.6509645868023475,1.0066890377827438,High
-0.4188196866250652,0.4188196866250652,0.0,-0.6835407192440307,1.1745858228896457,-0.0009198931359666289,-0.4888099262993303,1.269978215076491,-0.993355408143237,Low
0.7665190491062528,-0.7665190491062528,0.0,-0.6835407192440307,-0.21527381502868312,2.2988129467798375,-1.412836252006949,-0.7301905644882236,-0.993355408143237,Medium
1.161631961016692,-1.161631961016692,0.0,-1.1468534525770835,-0.21527381502868312,1.378919810813516,-0.026796763445520868,0.8289351959848518,-0.993355408143237,Medium
-0.6163761425802848,0.6163761425802848,0.0,0.011428380755548613,0.7112992769168694,-1.3807595970854492,0.6662229808351933,-1.2950351327985685,1.0066890377827438,Medium
0.7665190491062528,-0.7665190491062528,0.0,0.24308474742207503,-1.1418469069742356,1.378919810813516,-0.4888099262993303,-1.3994926899518514,1.0066890377827438,Medium
-1.2090455104459439,1.2090455104459439,0.0,0.24308474742207503,1.1745858228896457,-0.0009198931359666289,-1.412836252006949,0.1635018689343083,-0.993355408143237,Low
0.9640755050614725,-0.9640755050614725,0.0,-0.915197085910557,-0.21527381502868312,1.6088930948050963,-0.4888099262993303,-0.014462858067580915,-0.993355408143237,Medium
-0.22126323066984552,0.22126323066984552,0.0,-0.6835407192440307,0.9429425499032575,-1.8407061650686098,1.590249306542812,-0.6025202168564332,1.0066890377827438,Low
-1.2090455104459439,1.2090455104459439,0.0,0.4747411140886015,0.9429425499032575,-1.8407061650686098,0.43521639940828855,0.2950410149791832,-0.993355408143237,Medium
-1.2090455104459439,1.2090455104459439,0.0,0.7063974807551279,0.7112992769168694,-0.6908397451107079,-0.719816507726235,1.0494567055306712,1.0066890377827438,High
-1.0114890544907242,1.0114890544907242,0.0,1.6330229474212337,-0.44691708801507124,-0.6908397451107079,-0.4888099262993303,-1.0861200184920026,1.0066890377827438,Low
0.17384968124059383,-0.17384968124059383,0.0,0.4747411140886015,-0.6785603610014593,0.6889999588387746,-0.4888099262993303,1.1964710452278842,1.0066890377827438,Medium
-0.023706774714625855,0.023706774714625855,0.0,-0.45188435257750426,0.47965600393048125,-0.9208130291022882,0.8972295622620979,-0.7108465724228008,-0.993355408143237,Low
-0.22126323066984552,0.22126323066984552,0.0,-0.45188435257750426,0.7112992769168694,0.6889999588387746,-0.9508230891531397,-1.3878862947125978,1.0066890377827438,High
-1.0114890544907242,1.0114890544907242,0.0,0.011428380755548613,1.1745858228896457,-0.23089317712754703,-0.9508230891531397,0.7283464372446532,1.0066890377827438,Low
-0.6163761425802848,0.6163761425802848,0.0,-0.45188435257750426,1.1745858228896457,0.4590266748471942,-1.1818296705800444,1.745840419885891,-0.993355408143237,Medium
0.7665190491062528,-0.7665190491062528,0.0,-2.0734789192431893,1.1745858228896457,0.918973242830355,-0.026796763445520868,-0.71858416924897,1.0066890377827438,Low
-1.4066019664011635,1.4066019664011635,0.0,1.1697102140881808,0.47965600393048125,-1.1507863130938687,-0.4888099262993303,-0.32009793270126075,1.0066890377827438,Medium
-0.4188196866250652,0.4188196866250652,0.0,0.24308474742207503,0.24801273094409315,-0.0009198931359666289,-0.4888099262993303,0.983687132508234,-0.993355408143237,Medium
-0.8139325985355046,0.8139325985355046,0.0,0.7063974807551279,0.24801273094409315,-0.0009198931359666289,-0.9508230891531397,-0.8269105248153373,-0.993355408143237,High
-0.22126323066984552,0.22126323066984552,0.0,1.1697102140881808,-0.9102036339878475,-0.46086646111912744,0.20420981798138385,-0.06475723743768017,1.0066890377827438,High
2.9396400646136693,-2.9396400646136693,0.0,-0.2202279859109778,-3.226636363851729,3.2187060827461593,0.20420981798138385,0.5155625245250031,1.0066890377827438,Medium
0.17384968124059383,-0.17384968124059383,0.0,-0.45188435257750426,0.24801273094409315,-0.9208130291022882,1.1282361436890027,-0.19629638348255513,-0.993355408143237,Low
-0.8139325985355046,0.8139325985355046,0.0,-0.45188435257750426,1.4062290958760337,0.2290533908556138,-1.1818296705800444,1.1926022468147996,1.0066890377827438,Medium
-1.0114890544907242,1.0114890544907242,0.0,0.4747411140886015,0.7112992769168694,0.918973242830355,-2.105855996287663,-1.3182479232770759,1.0066890377827438,Medium
-1.0114890544907242,1.0114890544907242,0.0,-0.45188435257750426,1.637872368862422,-0.9208130291022882,-0.25780334487242557,-0.32009793270126075,-0.993355408143237,High
-0.8139325985355046,0.8139325985355046,0.0,-1.1468534525770835,2.101158914835198,0.4590266748471942,-1.412836252006949,-0.3162291342881762,-0.993355408143237,High
-1.0114890544907242,1.0114890544907242,0.0,0.011428380755548613,1.1745858228896457,-1.3807595970854492,0.20420981798138385,1.4169925547737041,1.0066890377827438,Low
-0.8139325985355046,0.8139325985355046,0.0,0.011428380755548613,0.9429425499032575,-1.1507863130938687,0.20420981798138385,-1.4227054804303587,-0.993355408143237,Medium
1.161631961016692,-1.161631961016692,0.0,0.4747411140886015,-1.8367767259334,2.5287862307714177,-1.1818296705800444,0.24087783719599945,-0.993355408143237,Medium
-0.8139325985355046,0.8139325985355046,0.0,0.4747411140886015,0.47965600393048125,-0.6908397451107079,-0.25780334487242557,-0.30462273904892273,-0.993355408143237,High
0.17384968124059383,-0.17384968124059383,0.0,-1.1468534525770835,0.9429425499032575,1.378919810813516,-1.1818296705800444,-1.1364143978621017,-0.993355408143237,Low
-1.6041584223563832,1.6041584223563832,0.0,0.9380538474216543,0.9429425499032575,-2.0706794490601905,0.20420981798138385,1.1693894563362923,-0.993355408143237,Low
0.5689625931510331,-0.5689625931510331,0.0,-0.915197085910557,0.24801273094409315,0.4590266748471942,0.20420981798138385,-1.4188366820172742,1.0066890377827438,High
-0.4188196866250652,0.4188196866250652,0.0,0.24308474742207503,0.24801273094409315,-0.6908397451107079,0.20420981798138385,-0.18468998824330143,1.0066890377827438,Medium
-0.023706774714625855,0.023706774714625855,0.0,-0.6835407192440307,0.7112992769168694,-1.1507863130938687,1.1282361436890027,0.07065070702027892,-0.993355408143237,Medium
-0.22126323066984552,0.22126323066984552,0.0,0.24308474742207503,0.016369457957705016,0.2290533908556138,-0.4888099262993303,0.7090024451792305,-0.993355408143237,Low
-0.4188196866250652,0.4188196866250652,0.0,0.011428380755548613,0.47965600393048125,-0.46086646111912744,-0.026796763445520868,-1.4536558677350353,1.0066890377827438,Medium
-0.22126323066984552,0.22126323066984552,0.0,0.9380538474216543,-0.6785603610014593,0.2290533908556138,-0.4888099262993303,1.4479429420783805,-0.993355408143237,Medium
1.161631961016692,-1.161631961016692,0.0,-1.6101661859101364,0.24801273094409315,0.918973242830355,0.43521639940828855,0.5735945007212709,1.0066890377827438,High
0.17384968124059383,-0.17384968124059383,0.0,-0.2202279859109778,0.016369457957705016,-0.46086646111912744,0.6662229808351933,-0.05315084219842649,-0.993355408143237,High
1.7543013288823512,-1.7543013288823512,0.0,-1.8418225525766627,-0.21527381502868312,2.5287862307714177,-0.4888099262993303,0.1712394657604774,1.0066890377827438,High
0.7665190491062528,-0.7665190491062528,0.0,0.011428380755548613,-0.9102036339878475,-0.23089317712754703,1.1282361436890027,-0.11505161680777941,1.0066890377827438,High
-0.6163761425802848,0.6163761425802848,0.0,-0.2202279859109778,0.9429425499032575,-1.3807595970854492,0.6662229808351933,-1.2602159470808076,-0.993355408143237,Low
-1.4066019664011635,1.4066019664011635,0.0,-0.2202279859109778,1.8695156418488101,-0.0009198931359666289,-1.643842833433854,-0.683764983531209,-0.993355408143237,Low
-0.22126323066984552,0.22126323066984552,0.0,0.4747411140886015,-0.21527381502868312,-0.23089317712754703,-0.026796763445520868,-0.17308359300404777,1.0066890377827438,Low
0.3714061371958135,-0.3714061371958135,0.0,-0.45188435257750426,0.016369457957705016,-0.0009198931359666289,0.43521639940828855,-0.900417694663944,1.0066890377827438,Low
1.359188416971912,-1.359188416971912,0.0,-0.6835407192440307,-0.9102036339878475,0.4590266748471942,1.1282361436890027,1.1848646499886306,1.0066890377827438,Medium
1.9518577848375709,-1.9518577848375709,0.0,-1.3785098192436098,-0.9102036339878475,0.6889999588387746,1.590249306542812,0.6664456626353004,-0.993355408143237,High
-0.22126323066984552,0.22126323066984552,0.0,0.011428380755548613,0.24801273094409315,-0.46086646111912744,0.20420981798138385,-1.4575246661481196,-0.993355408143237,High
-2.5919407021324816,2.5919407021324816,0.0,0.7063974807551279,2.3328021878215863,-1.3807595970854492,-1.643842833433854,0.8405415912241054,-0.993355408143237,Low
-0.22126323066984552,0.22126323066984552,0.0,0.011428380755548613,0.24801273094409315,1.378919810813516,-1.643842833433854,1.6607268547980307,-0.993355408143237,High
-0.8139325985355046,0.8139325985355046,0.0,0.011428380755548613,0.9429425499032575,1.1489465268219354,-2.105855996287663,0.782509615027837,1.0066890377827438,High
0.9640755050614725,-0.9640755050614725,0.0,0.7063974807551279,-1.8367767259334,2.2988129467798375,-1.1818296705800444,1.3589605785774357,-0.993355408143237,Low
2.54452715270323,-2.54452715270323,0.0,-1.6101661859101364,-1.3734901799606238,0.918973242830355,2.0522624693966214,-1.3143791248639913,-0.993355408143237,High
-1.4066019664011635,1.4066019664011635,0.0,-0.6835407192440307,2.3328021878215863,-0.9208130291022882,-0.719816507726235,1.2970598039680827,1.0066890377827438,High
0.3714061371958135,-0.3714061371958135,0.0,0.011428380755548613,-0.44691708801507124,-0.6908397451107079,1.1282361436890027,0.012618730824010986,1.0066890377827438,High
0.5689625931510331,-0.5689625931510331,0.0,0.24308474742207503,-0.9102036339878475,0.918973242830355,-0.25780334487242557,0.9063111642465429,-0.993355408143237,Low
0.9640755050614725,-0.9640755050614725,0.0,-0.45188435257750426,-0.6785603610014593,0.918973242830355,0.20420981798138385,-0.6682897898788707,-0.993355408143237,Medium
0.3714061371958135,-0.3714061371958135,0.0,-1.3785098192436098,0.9429425499032575,-0.23089317712754703,0.6662229808351933,1.2854534087288292,1.0066890377827438,Medium
0.9640755050614725,-0.9640755050614725,0.0,-0.2202279859109778,-0.9102036339878475,0.2290533908556138,0.8972295622620979,0.08225710225953259,1.0066890377827438,High
0.17384968124059383,-0.17384968124059383,0.0,0.4747411140886015,-0.6785603610014593,-0.6908397451107079,0.8972295622620979,0.9604743420297267,-0.993355408143237,Low
-0.22126323066984552,0.22126323066984552,0.0,0.011428380755548613,0.24801273094409315,-0.0009198931359666289,-0.25780334487242557,-1.3917550931256824,-0.993355408143237,Low
1.359188416971912,-1.359188416971912,0.0,-0.45188435257750426,-1.1418469069742356,0.918973242830355,0.6662229808351933,0.6316264769175394,1.0066890377827438,High
-1.4066019664011635,1.4066019664011635,0.0,2.791304780753866,-1.1418469069742356,-1.3807595970854492,-0.25780334487242557,1.076538294422263,-0.993355408143237,Low
0.3714061371958135,-0.3714061371958135,0.0,0.7063974807551279,-1.1418469069742356,1.6088930948050963,-1.1818296705800444,0.7786408166147525,1.0066890377827438,High
0.5689625931510331,-0.5689625931510331,0.0,-0.45188435257750426,-0.21527381502868312,-0.0009198931359666289,0.6662229808351933,1.4556805389045495,1.0066890377827438,Medium
-1.2090455104459439,1.2090455104459439,0.0,-0.2202279859109778,1.637872368862422,-0.46086646111912744,-0.9508230891531397,-0.71858416924897,-0.993355408143237,High
2.54452715270323,-2.54452715270323,0.0,-2.7684480192427685,-0.21527381502868312,-0.9208130291022882,3.900315120811859,-1.0745136232527488,-0.993355408143237,Medium
0.5689625931510331,-0.5689625931510331,0.0,-0.45188435257750426,-0.21527381502868312,0.4590266748471942,0.20420981798138385,-0.9313680819686204,1.0066890377827438,Medium
-2.7894971580877015,2.7894971580877015,0.0,0.011428380755548613,3.2593752797671387,-0.46086646111912744,-2.7988757405683775,-0.8230417264022528,1.0066890377827438,High
1.161631961016692,-1.161631961016692,0.0,-1.3785098192436098,0.016369457957705016,-0.6908397451107079,2.0522624693966214,-1.256347148667723,-0.993355408143237,Low
-0.4188196866250652,0.4188196866250652,0.0,1.401366580754707,-0.9102036339878475,-0.6908397451107079,0.20420981798138385,-1.6393581915630937,1.0066890377827438,Low
0.3714061371958135,-0.3714061371958135,0.0,0.24308474742207503,-0.6785603610014593,0.6889999588387746,-0.25780334487242557,1.3318789896858438,1.0066890377827438,High
1.7543013288823512,-1.7543013288823512,0.0,-0.6835407192440307,-1.3734901799606238,-0.46086646111912744,2.514275632250431,-0.3239667311143453,1.0066890377827438,Medium
-1.0114890544907242,1.0114890544907242,0.0,1.1697102140881808,0.016369457957705016,0.4590266748471942,-1.643842833433854,-1.2253967613630465,-0.993355408143237,High
-0.023706774714625855,0.023706774714625855,0.0,0.011428380755548613,0.016369457957705016,1.1489465268219354,-1.1818296705800444,1.6026948786017623,1.0066890377827438,Medium
-0.6163761425802848,0.6163761425802848,0.0,-0.2202279859109778,0.9429425499032575,-0.0009198931359666289,-0.719816507726235,1.7419716214728065,-0.993355408143237,High
-1.6041584223563832,1.6041584223563832,0.0,0.4747411140886015,1.4062290958760337,-0.9208130291022882,-0.9508230891531397,-0.9120240899031976,-0.993355408143237,High
-0.8139325985355046,0.8139325985355046,0.0,0.4747411140886015,0.47965600393048125,0.918973242830355,-1.8748494148607586,-1.0590384296004105,1.0066890377827438,Low
0.5689625931510331,-0.5689625931510331,0.0,0.4747411140886015,-1.1418469069742356,1.6088930948050963,-0.9508230891531397,0.33372899911002885,1.0066890377827438,High
2.34697069674801,-2.34697069674801,0.0,-1.8418225525766627,-0.9102036339878475,1.6088930948050963,1.1282361436890027,-0.05315084219842649,1.0066890377827438,Medium
0.5689625931510331,-0.5689625931510331,0.0,0.24308474742207503,-0.9102036339878475,0.918973242830355,-0.25780334487242557,-0.8346481216415065,1.0066890377827438,High
-0.023706774714625855,0.023706774714625855,0.0,0.4747411140886015,-0.44691708801507124,-1.1507863130938687,1.1282361436890027,0.5233001213511721,-0.993355408143237,High
-1.4066019664011635,1.4066019664011635,0.0,0.011428380755548613,1.637872368862422,-0.0009198931359666289,-1.643842833433854,-0.6063890152695177,1.0066890377827438,Medium
-1.0114890544907242,1.0114890544907242,0.0,2.5596484140873392,-1.3734901799606238,0.2290533908556138,-1.412836252006949,-0.30462273904892273,1.0066890377827438,Low
0.5689625931510331,-0.5689625931510331,0.0,-1.1468534525770835,0.47965600393048125,-0.6908397451107079,1.3592427251159074,-1.376279899473344,1.0066890377827438,Medium
-0.023706774714625855,0.023706774714625855,0.0,-0.2202279859109778,0.24801273094409315,-0.0009198931359666289,-0.026796763445520868,0.07451950543336347,1.0066890377827438,High
-1.2090455104459439,1.2090455104459439,0.0,1.401366580754707,0.016369457957705016,-1.6107328810770296,0.20420981798138385,0.5387753150035104,-0.993355408143237,Medium
-0.023706774714625855,0.023706774714625855,0.0,-1.3785098192436098,1.4062290958760337,-0.46086646111912744,0.43521639940828855,-0.900417694663944,-0.993355408143237,Medium
-1.0114890544907242,1.0114890544907242,0.0,0.4747411140886015,0.7112992769168694,-1.1507863130938687,-0.026796763445520868,-1.1983151724714547,1.0066890377827438,Low
-0.6163761425802848,0.6163761425802848,0.0,-0.45188435257750426,1.1745858228896457,-0.6908397451107079,-0.026796763445520868,1.4247301515998732,1.0066890377827438,Low
-0.22126323066984552,0.22126323066984552,0.0,-0.45188435257750426,0.7112992769168694,0.4590266748471942,-0.719816507726235,-0.19629638348255513,-0.993355408143237,High
0.7665190491062528,-0.7665190491062528,0.0,-1.8418225525766627,0.9429425499032575,-1.1507863130938687,2.0522624693966214,0.4381865562633119,1.0066890377827438,Medium
0.3714061371958135,-0.3714061371958135,0.0,-1.1468534525770835,0.7112992769168694,0.2290533908556138,0.20420981798138385,-1.1325455994490172,-0.993355408143237,High
-0.6163761425802848,0.6163761425802848,0.0,2.5596484140873392,-1.8367767259334,-0.0009198931359666289,-0.719816507726235,0.47300574198107287,1.0066890377827438,High
-0.6163761425802848,0.6163761425802848,0.0,-0.915197085910557,1.637872368862422,-0.23089317712754703,-0.4888099262993303,0.9875559309213185,1.0066890377827438,Low
1.161631961016692,-1.161631961016692,0.0,-0.45188435257750426,-0.9102036339878475,0.6889999588387746,0.6662229808351933,-0.6141266120956869,1.0066890377827438,High
0.17384968124059383,-0.17384968124059383,0.0,0.011428380755548613,-0.21527381502868312,-0.0009198931359666289,0.20420981798138385,-0.5212754501816578,-0.993355408143237,Medium
-0.023706774714625855,0.023706774714625855,0.0,0.011428380755548613,0.016369457957705016,-1.1507863130938687,1.1282361436890027,-1.7089965629986157,1.0066890377827438,High
-0.4188196866250652,0.4188196866250652,0.0,1.1697102140881808,-0.6785603610014593,-0.23089317712754703,-0.25780334487242557,-0.6953713787704626,-0.993355408143237,Low
0.9640755050614725,-0.9640755050614725,0.0,-0.2202279859109778,-0.9102036339878475,1.1489465268219354,-0.026796763445520868,0.9798183340951495,1.0066890377827438,Medium
-0.4188196866250652,0.4188196866250652,0.0,-0.915197085910557,1.4062290958760337,0.2290533908556138,-0.719816507726235,1.5485317008185786,1.0066890377827438,Low
-1.2090455104459439,1.2090455104459439,0.0,0.9380538474216543,0.47965600393048125,-1.3807595970854492,-0.026796763445520868,-1.368542302647175,1.0066890377827438,High
0.3714061371958135,-0.3714061371958135,0.0,0.24308474742207503,-0.6785603610014593,-0.9208130291022882,1.3592427251159074,1.5988260801886778,1.0066890377827438,Medium
-1.6041584223563832,1.6041584223563832,0.0,1.6330229474212337,0.24801273094409315,-1.3807595970854492,-0.4888099262993303,-1.1905775756452854,1.0066890377827438,High
0.9640755050614725,-0.9640755050614725,0.0,-0.6835407192440307,-0.44691708801507124,-0.46086646111912744,1.590249306542812,0.39562977371938174,-0.993355408143237,Medium
-1.0114890544907242,1.0114890544907242,0.0,0.9380538474216543,0.24801273094409315,-1.3807595970854492,0.20420981798138385,-0.6721585882919553,-0.993355408143237,Medium
1.161631961016692,-1.161631961016692,0.0,-1.3785098192436098,0.016369457957705016,-0.0009198931359666289,1.3592427251159074,0.19445225623898477,-0.993355408143237,Medium
0.9640755050614725,-0.9640755050614725,0.0,0.011428380755548613,-1.1418469069742356,-0.23089317712754703,1.3592427251159074,0.5271689197642567,1.0066890377827438,High
1.359188416971912,-1.359188416971912,0.0,-2.0734789192431893,0.47965600393048125,0.918973242830355,0.6662229808351933,-0.2620659565049926,1.0066890377827438,High
-1.9992713342668227,1.9992713342668227,0.0,0.011428380755548613,2.3328021878215863,-1.3807595970854492,-0.9508230891531397,-0.5406194422470805,-0.993355408143237,Medium
-0.4188196866250652,0.4188196866250652,0.0,0.011428380755548613,0.47965600393048125,0.6889999588387746,-1.1818296705800444,0.47300574198107287,-0.993355408143237,High
-1.8017148783116028,1.8017148783116028,0.0,2.791304780753866,-0.6785603610014593,-2.530626017043351,0.43521639940828855,-1.7283405550640385,-0.993355408143237,Low
-0.023706774714625855,0.023706774714625855,0.0,-1.6101661859101364,1.637872368862422,0.6889999588387746,-0.719816507726235,1.6955460405157918,-0.993355408143237,High
-0.023706774714625855,0.023706774714625855,0.0,0.4747411140886015,-0.44691708801507124,0.918973242830355,-0.9508230891531397,1.2274214325325608,-0.993355408143237,Low
-0.4188196866250652,0.4188196866250652,0.0,0.7063974807551279,-0.21527381502868312,-0.6908397451107079,0.20420981798138385,0.39176097530629717,-0.993355408143237,Medium
0.5689625931510331,-0.5689625931510331,0.0,-1.6101661859101364,0.9429425499032575,1.1489465268219354,-0.4888099262993303,0.5233001213511721,1.0066890377827438,Medium
-0.6163761425802848,0.6163761425802848,0.0,-0.45188435257750426,1.1745858228896457,-1.1507863130938687,0.43521639940828855,1.3357477880989284,1.0066890377827438,Medium
2.1494142407927908,-2.1494142407927908,0.0,-0.45188435257750426,-2.0684199989197882,0.4590266748471942,2.0522624693966214,0.36467938641470526,-0.993355408143237,High
-0.023706774714625855,0.023706774714625855,0.0,0.24308474742207503,-0.21527381502868312,-0.0009198931359666289,-0.026796763445520868,-0.09570762474235663,1.0066890377827438,Low
-0.22126323066984552,0.22126323066984552,0.0,-0.2202279859109778,0.47965600393048125,-0.23089317712754703,-0.026796763445520868,-1.5890638121929945,1.0066890377827438,High
-1.6041584223563832,1.6041584223563832,0.0,1.1697102140881808,0.7112992769168694,-2.530626017043351,0.6662229808351933,0.7554280261362452,1.0066890377827438,Medium
0.5689625931510331,-0.5689625931510331,0.0,-0.2202279859109778,-0.44691708801507124,0.6889999588387746,-0.026796763445520868,-1.256347148667723,-0.993355408143237,Low
-1.0114890544907242,1.0114890544907242,0.0,1.6330229474212337,-0.44691708801507124,-1.1507863130938687,-0.026796763445520868,1.382173369055943,1.0066890377827438,Medium
1.9518577848375709,-1.9518577848375709,0.0,-1.3785098192436098,-0.9102036339878475,2.5287862307714177,-0.25780334487242557,-1.0938576153181716,-0.993355408143237,High
0.3714061371958135,-0.3714061371958135,0.0,-1.3785098192436098,0.9429425499032575,0.6889999588387746,-0.25780334487242557,-0.34717952159285265,1.0066890377827438,High
-1.2090455104459439,1.2090455104459439,0.0,1.1697102140881808,0.24801273094409315,0.6889999588387746,-2.105855996287663,0.44205535467639645,-0.993355408143237,Low
-1.8017148783116028,1.8017148783116028,0.0,1.401366580754707,0.7112992769168694,-0.9208130291022882,-1.1818296705800444,-0.8694673073592675,1.0066890377827438,Low
-0.6163761425802848,0.6163761425802848,0.0,1.1697102140881808,-0.44691708801507124,-0.46086646111912744,-0.25780334487242557,-0.12278921363394853,-0.993355408143237,Medium
-0.6163761425802848,0.6163761425802848,0.0,1.86467931408776,-1.1418469069742356,-1.1507863130938687,0.43521639940828855,0.04356911812868745,1.0066890377827438,Medium
-0.6163761425802848,0.6163761425802848,0.0,0.9380538474216543,-0.21527381502868312,-0.46086646111912744,-0.25780334487242557,-1.1712335835798626,1.0066890377827438,Low
0.7665190491062528,-0.7665190491062528,0.0,-0.45188435257750426,-0.44691708801507124,0.918973242830355,-0.026796763445520868,-1.0358256391219032,-0.993355408143237,Medium
-1.2090455104459439,1.2090455104459439,0.0,-0.45188435257750426,1.8695156418488101,-0.6908397451107079,-0.719816507726235,-0.30462273904892273,1.0066890377827438,Low
0.9640755050614725,-0.9640755050614725,0.0,0.011428380755548613,-1.1418469069742356,-0.0009198931359666289,1.1282361436890027,-0.5174066517685731,-0.993355408143237,Medium
0.9640755050614725,-0.9640755050614725,0.0,-0.6835407192440307,-0.44691708801507124,-0.0009198931359666289,1.1282361436890027,0.05517551336794112,-0.993355408143237,High
0.9640755050614725,-0.9640755050614725,0.0,-0.915197085910557,-0.21527381502868312,-0.46086646111912744,1.590249306542812,-1.6354893931500092,1.0066890377827438,High
-0.8139325985355046,0.8139325985355046,0.0,0.7063974807551279,0.24801273094409315,-0.23089317712754703,-0.719816507726235,1.6607268547980307,1.0066890377827438,Low
0.7665190491062528,-0.7665190491062528,0.0,-1.8418225525766627,0.9429425499032575,0.2290533908556138,0.6662229808351933,1.1655206579232078,1.0066890377827438,Low
0.7665190491062528,-0.7665190491062528,0.0,-0.6835407192440307,-0.21527381502868312,0.918973242830355,-0.026796763445520868,-1.558113424888318,1.0066890377827438,Low
2.1494142407927908,-2.1494142407927908,0.0,-1.1468534525770835,-1.3734901799606238,1.378919810813516,1.1282361436890027,1.1616518595101233,-0.993355408143237,Medium
-0.22126323066984552,0.22126323066984552,0.0,1.1697102140881808,-0.9102036339878475,0.6889999588387746,-0.9508230891531397,1.4092549579475349,1.0066890377827438,Low
-1.4066019664011635,1.4066019664011635,0.0,0.7063974807551279,0.9429425499032575,-1.6107328810770296,-0.026796763445520868,1.738102823059722,1.0066890377827438,High
0.7665190491062528,-0.7665190491062528,0.0,-1.1468534525770835,0.24801273094409315,-0.6908397451107079,1.590249306542812,0.05130671495485656,-0.993355408143237,High
-1.0114890544907242,1.0114890544907242,0.0,1.86467931408776,-0.6785603610014593,-1.3807595970854492,0.20420981798138385,1.6297764674933544,-0.993355408143237,Medium
-0.22126323066984552,0.22126323066984552,0.0,1.1697102140881808,-0.9102036339878475,-0.46086646111912744,0.20420981798138385,-0.9855312597518042,1.0066890377827438,Low
1.7543013288823512,-1.7543013288823512,0.0,-0.45188435257750426,-1.6051334529470118,1.1489465268219354,0.8972295622620979,-0.07636363267693383,1.0066890377827438,Low
-0.8139325985355046,0.8139325985355046,0.0,-1.1468534525770835,2.101158914835198,-0.23089317712754703,-0.719816507726235,1.517581313513902,-0.993355408143237,High
-1.0114890544907242,1.0114890544907242,0.0,1.6330229474212337,-0.44691708801507124,-1.6107328810770296,0.43521639940828855,-1.445918270908866,1.0066890377827438,High
1.359188416971912,-1.359188416971912,0.0,-1.8418225525766627,0.24801273094409315,2.0688396627882573,-0.4888099262993303,-1.3724111010602595,1.0066890377827438,Low
-0.023706774714625855,0.023706774714625855,0.0,-0.2202279859109778,0.24801273094409315,0.2290533908556138,-0.25780334487242557,0.05517551336794112,-0.993355408143237,High
-1.2090455104459439,1.2090455104459439,0.0,0.4747411140886015,0.9429425499032575,-1.3807595970854492,-0.026796763445520868,-0.4129490946152901,1.0066890377827438,Low
2.1494142407927908,-2.1494142407927908,0.0,0.4747411140886015,-2.9949930908653406,0.2290533908556138,2.283269050823526,-1.480737456626627,1.0066890377827438,High
0.7665190491062528,-0.7665190491062528,0.0,0.011428380755548613,-0.9102036339878475,-0.6908397451107079,1.590249306542812,-0.2543283596788235,1.0066890377827438,Low
-0.22126323066984552,0.22126323066984552,0.0,-0.915197085910557,1.1745858228896457,-0.6908397451107079,0.43521639940828855,-1.1402831962751863,1.0066890377827438,Low
-0.4188196866250652,0.4188196866250652,0.0,-0.915197085910557,1.4062290958760337,0.2290533908556138,-0.719816507726235,0.8676231801156973,1.0066890377827438,Low
-0.22126323066984552,0.22126323066984552,0.0,1.1697102140881808,-0.9102036339878475,-0.23089317712754703,-0.026796763445520868,1.1036198833138549,-0.993355408143237,High
1.5567448729271316,-1.5567448729271316,0.0,-1.3785098192436098,-0.44691708801507124,0.4590266748471942,1.3592427251159074,-0.46324347398538934,1.0066890377827438,Low
0.5689625931510331,-0.5689625931510331,0.0,-0.45188435257750426,-0.21527381502868312,0.4590266748471942,0.20420981798138385,-1.5155566423443878,-0.993355408143237,Low
0.9640755050614725,-0.9640755050614725,0.0,-0.45188435257750426,-0.6785603610014593,0.918973242830355,0.20420981798138385,0.30277861180535237,1.0066890377827438,High
0.9640755050614725,-0.9640755050614725,0.0,-1.1468534525770835,0.016369457957705016,0.4590266748471942,0.6662229808351933,1.4053861595344503,1.0066890377827438,High
-1.2090455104459439,1.2090455104459439,0.0,0.4747411140886015,0.9429425499032575,-2.0706794490601905,0.6662229808351933,0.6238888800913702,-0.993355408143237,Low
1.7543013288823512,-1.7543013288823512,0.0,-0.2202279859109778,-1.8367767259334,2.0688396627882573,-0.026796763445520868,-0.16921479459096322,1.0066890377827438,Medium
0.17384968124059383,-0.17384968124059383,0.0,1.1697102140881808,-1.3734901799606238,0.2290533908556138,-0.026796763445520868,0.07838830384644803,1.0066890377827438,High
-0.023706774714625855,0.023706774714625855,0.0,0.7063974807551279,-0.6785603610014593,-1.8407061650686098,1.821255887969717,0.18671465941281565,1.0066890377827438,High
-0.22126323066984552,0.22126323066984552,0.0,-1.1468534525770835,1.4062290958760337,-1.1507863130938687,0.8972295622620979,-1.6354893931500092,-0.993355408143237,Medium
0.3714061371958135,-0.3714061371958135,0.0,1.1697102140881808,-1.6051334529470118,0.6889999588387746,-0.25780334487242557,-0.9623184692732969,-0.993355408143237,High
0.7665190491062528,-0.7665190491062528,0.0,-0.45188435257750426,-0.44691708801507124,0.918973242830355,-0.026796763445520868,-1.1054640105574252,1.0066890377827438,High
-0.4188196866250652,0.4188196866250652,0.0,0.011428380755548613,0.47965600393048125,-1.3807595970854492,0.8972295622620979,0.6122824848521166,-0.993355408143237,Low
0.17384968124059383,-0.17384968124059383,0.0,0.7063974807551279,-0.9102036339878475,1.6088930948050963,-1.412836252006949,-1.6587021836285165,1.0066890377827438,Medium
-1.0114890544907242,1.0114890544907242,0.0,0.4747411140886015,0.7112992769168694,-0.0009198931359666289,-1.1818296705800444,0.678052057874554,-0.993355408143237,Low
-1.6041584223563832,1.6041584223563832,0.0,1.86467931408776,0.016369457957705016,-1.1507863130938687,-0.719816507726235,-1.3182479232770759,1.0066890377827438,Medium
0.5689625931510331,-0.5689625931510331,0.0,-1.3785098192436098,0.7112992769168694,0.2290533908556138,0.43521639940828855,-0.900417694663944,-0.993355408143237,Low
-0.6163761425802848,0.6163761425802848,0.0,1.6330229474212337,-0.9102036339878475,0.2290533908556138,-0.9508230891531397,1.5021061198615644,-0.993355408143237,Medium
-1.6041584223563832,1.6041584223563832,0.0,0.24308474742207503,1.637872368862422,-1.1507863130938687,-0.719816507726235,0.9217863578988811,1.0066890377827438,Low
-1.8017148783116028,1.8017148783116028,0.0,1.6330229474212337,0.47965600393048125,-1.1507863130938687,-0.9508230891531397,-1.6045390058453328,-0.993355408143237,High
0.7665190491062528,-0.7665190491062528,0.0,-0.45188435257750426,-0.44691708801507124,1.378919810813516,-0.4888099262993303,-0.4168178930283747,-0.993355408143237,Medium
-1.0114890544907242,1.0114890544907242,0.0,1.1697102140881808,0.016369457957705016,-0.46086646111912744,-0.719816507726235,1.2196838357063917,-0.993355408143237,Medium
-1.4066019664011635,1.4066019664011635,0.0,0.9380538474216543,0.7112992769168694,-1.3807595970854492,-0.25780334487242557,1.5407941039924093,-0.993355408143237,Low
1.161631961016692,-1.161631961016692,0.0,-0.45188435257750426,-0.9102036339878475,0.918973242830355,0.43521639940828855,1.7148900325812146,1.0066890377827438,High
1.359188416971912,-1.359188416971912,0.0,-0.915197085910557,-0.6785603610014593,-0.6908397451107079,2.283269050823526,1.5988260801886778,1.0066890377827438,Low
-1.6041584223563832,1.6041584223563832,0.0,3.022961147420392,-1.1418469069742356,-2.0706794490601905,0.20420981798138385,1.2622406182503219,1.0066890377827438,Medium
-1.6041584223563832,1.6041584223563832,0.0,2.0963356807542866,-0.21527381502868312,-1.3807595970854492,-0.4888099262993303,-0.5715698295517567,-0.993355408143237,Low
-0.22126323066984552,0.22126323066984552,0.0,1.1697102140881808,-0.9102036339878475,-1.1507863130938687,0.8972295622620979,-1.689652570933193,-0.993355408143237,Low
-0.4188196866250652,0.4188196866250652,0.0,0.9380538474216543,-0.44691708801507124,-0.9208130291022882,0.43521639940828855,-0.2968851422227536,-0.993355408143237,Low
0.5689625931510331,-0.5689625931510331,0.0,0.011428380755548613,-0.6785603610014593,0.2290533908556138,0.43521639940828855,0.4072361689586354,1.0066890377827438,Medium
0.5689625931510331,-0.5689625931510331,0.0,-0.915197085910557,0.24801273094409315,0.918973242830355,-0.25780334487242557,1.5988260801886778,-0.993355408143237,Medium
-0.22126323066984552,0.22126323066984552,0.0,1.1697102140881808,-0.9102036339878475,-0.6908397451107079,0.43521639940828855,-1.7051277645855312,-0.993355408143237,High
-1.2090455104459439,1.2090455104459439,0.0,0.9380538474216543,0.47965600393048125,-0.23089317712754703,-1.1818296705800444,0.36854818482778984,-0.993355408143237,Low
1.7543013288823512,-1.7543013288823512,0.0,-1.3785098192436098,-0.6785603610014593,0.6889999588387746,1.3592427251159074,-0.9894000581648887,-0.993355408143237,High
-1.0114890544907242,1.0114890544907242,0.0,0.7063974807551279,0.47965600393048125,-0.46086646111912744,-0.719816507726235,-0.23111556920031612,1.0066890377827438,High
2.1494142407927908,-2.1494142407927908,0.0,-2.536791652576242,0.016369457957705016,1.8388663787966766,0.6662229808351933,0.44979295150256554,1.0066890377827438,Medium
-2.3943842461772618,2.3943842461772618,0.0,1.401366580754707,1.4062290958760337,-0.6908397451107079,-2.105855996287663,0.4072361689586354,1.0066890377827438,Medium
-0.4188196866250652,0.4188196866250652,0.0,-0.6835407192440307,1.1745858228896457,-0.46086646111912744,-0.026796763445520868,0.6393640737437084,1.0066890377827438,Medium
0.3714061371958135,-0.3714061371958135,0.0,-0.2202279859109778,-0.21527381502868312,-0.23089317712754703,0.6662229808351933,-0.153739600938625,1.0066890377827438,High
-0.4188196866250652,0.4188196866250652,0.0,0.4747411140886015,0.016369457957705016,-0.23089317712754703,-0.25780334487242557,1.1307014722054467,1.0066890377827438,Low
-3.184610069998141,3.184610069998141,0.0,1.86467931408776,1.8695156418488101,-0.6908397451107079,-3.029882321995282,1.3705669738166895,-0.993355408143237,Medium
-0.8139325985355046,0.8139325985355046,0.0,0.7063974807551279,0.24801273094409315,-0.9208130291022882,-0.026796763445520868,0.36467938641470526,1.0066890377827438,Low
0.3714061371958135,-0.3714061371958135,0.0,-1.1468534525770835,0.7112992769168694,2.0688396627882573,-1.643842833433854,-1.2795599391462302,1.0066890377827438,Medium
-0.8139325985355046,0.8139325985355046,0.0,0.011428380755548613,0.9429425499032575,-1.8407061650686098,0.8972295622620979,1.250634223011068,1.0066890377827438,High
0.5689625931510331,-0.5689625931510331,0.0,0.011428380755548613,-0.6785603610014593,-0.0009198931359666289,0.6662229808351933,1.5485317008185786,1.0066890377827438,Medium
-1.0114890544907242,1.0114890544907242,0.0,0.7063974807551279,0.47965600393048125,-0.9208130291022882,-0.25780334487242557,1.1655206579232078,1.0066890377827438,High
2.34697069674801,-2.34697069674801,0.0,-0.6835407192440307,-2.0684199989197882,1.378919810813516,1.3592427251159074,1.076538294422263,1.0066890377827438,Medium
0.9640755050614725,-0.9640755050614725,0.0,-0.45188435257750426,-0.6785603610014593,1.8388663787966766,-0.719816507726235,-0.683764983531209,1.0066890377827438,Low
1.359188416971912,-1.359188416971912,0.0,-1.1468534525770835,-0.44691708801507124,-0.9208130291022882,2.514275632250431,1.6645956532111152,1.0066890377827438,Low
-0.8139325985355046,0.8139325985355046,0.0,-0.45188435257750426,1.4062290958760337,-0.0009198931359666289,-0.9508230891531397,-0.3433107231797681,1.0066890377827438,Low
0.3714061371958135,-0.3714061371958135,0.0,-0.2202279859109778,-0.21527381502868312,-0.46086646111912744,0.8972295622620979,0.4846121372203266,-0.993355408143237,Low
-0.4188196866250652,0.4188196866250652,0.0,-0.2202279859109778,0.7112992769168694,-0.23089317712754703,-0.25780334487242557,-0.7456657581405618,1.0066890377827438,Low
-1.4066019664011635,1.4066019664011635,0.0,2.3279920474208127,-0.6785603610014593,-1.6107328810770296,-0.026796763445520868,0.012618730824010986,1.0066890377827438,Low
-1.0114890544907242,1.0114890544907242,0.0,-1.6101661859101364,2.7960887337943627,0.2290533908556138,-1.412836252006949,-1.333723116929414,1.0066890377827438,Low
-1.2090455104459439,1.2090455104459439,0.0,0.9380538474216543,0.47965600393048125,-0.9208130291022882,-0.4888099262993303,0.7322152356577378,1.0066890377827438,Medium
0.7665190491062528,-0.7665190491062528,0.0,1.1697102140881808,-2.0684199989197882,1.378919810813516,-0.4888099262993303,0.34146659593619794,-0.993355408143237,Low
-1.2090455104459439,1.2090455104459439,0.0,1.401366580754707,0.016369457957705016,-0.46086646111912744,-0.9508230891531397,-1.055169631187326,1.0066890377827438,High
-1.6041584223563832,1.6041584223563832,0.0,0.9380538474216543,0.9429425499032575,-0.46086646111912744,-1.412836252006949,-0.536750643833996,-0.993355408143237,Low
-0.023706774714625855,0.023706774714625855,0.0,0.011428380755548613,0.016369457957705016,-0.0009198931359666289,-0.026796763445520868,-1.0977264137312561,1.0066890377827438,High
-0.023706774714625855,0.023706774714625855,0.0,1.6330229474212337,-1.6051334529470118,-1.3807595970854492,1.3592427251159074,1.068800697596094,-0.993355408143237,High
-1.4066019664011635,1.4066019664011635,0.0,1.401366580754707,0.24801273094409315,-0.23089317712754703,-1.412836252006949,1.138439069031616,1.0066890377827438,Medium
-0.8139325985355046,0.8139325985355046,0.0,0.24308474742207503,0.7112992769168694,-0.6908397451107079,-0.25780334487242557,-0.4980626597031504,1.0066890377827438,Medium
-0.023706774714625855,0.023706774714625855,0.0,-0.45188435257750426,0.47965600393048125,-0.9208130291022882,0.8972295622620979,0.33759779752311336,1.0066890377827438,Medium
-0.22126323066984552,0.22126323066984552,0.0,-0.2202279859109778,0.47965600393048125,0.6889999588387746,-0.9508230891531397,-0.6025202168564332,1.0066890377827438,Low
0.7665190491062528,-0.7665190491062528,0.0,-2.305135285909716,1.4062290958760337,0.4590266748471942,0.43521639940828855,1.4247301515998732,-0.993355408143237,Medium
0.7665190491062528,-0.7665190491062528,0.0,-0.6835407192440307,-0.21527381502868312,0.2290533908556138,0.6662229808351933,0.38789217689321265,1.0066890377827438,High
0.9640755050614725,-0.9640755050614725,0.0,-0.45188435257750426,-0.6785603610014593,1.1489465268219354,-0.026796763445520868,1.2893222071419137,-0.993355408143237,High
0.9640755050614725,-0.9640755050614725,0.0,0.7063974807551279,-1.8367767259334,1.378919810813516,-0.25780334487242557,0.5619881054820173,1.0066890377827438,High
-0.6163761425802848,0.6163761425802848,0.0,1.401366580754707,-0.6785603610014593,0.6889999588387746,-1.412836252006949,1.7226276294073837,-0.993355408143237,Low
-1.0114890544907242,1.0114890544907242,0.0,-1.3785098192436098,2.5644454608079745,-0.6908397451107079,-0.4888099262993303,-0.6412082009872788,-0.993355408143237,Medium
-1.2090455104459439,1.2090455104459439,0.0,1.86467931408776,-0.44691708801507124,-0.6908397451107079,-0.719816507726235,-1.2872975359723995,1.0066890377827438,High
-1.2090455104459439,1.2090455104459439,0.0,0.9380538474216543,0.47965600393048125,-0.46086646111912744,-0.9508230891531397,-0.11892041522086397,1.0066890377827438,Low
-1.4066019664011635,1.4066019664011635,0.0,0.011428380755548613,1.637872368862422,-0.46086646111912744,-1.1818296705800444,-1.2486095518415539,-0.993355408143237,Medium
-1.0114890544907242,1.0114890544907242,0.0,0.9380538474216543,0.24801273094409315,-0.23089317712754703,-0.9508230891531397,-0.9855312597518042,-0.993355408143237,Low
0.5689625931510331,-0.5689625931510331,0.0,-0.6835407192440307,0.016369457957705016,-0.9208130291022882,1.590249306542812,-0.594782620030264,-0.993355408143237,High
0.3714061371958135,-0.3714061371958135,0.0,-0.45188435257750426,0.016369457957705016,-0.0009198931359666289,0.43521639940828855,-0.006725261241411801,-0.993355408143237,High
0.7665190491062528,-0.7665190491062528,0.0,0.4747411140886015,-1.3734901799606238,-0.23089317712754703,1.1282361436890027,0.37628578165395893,1.0066890377827438,Medium
-1.4066019664011635,1.4066019664011635,0.0,2.791304780753866,-1.1418469069742356,-0.23089317712754703,-1.412836252006949,-0.7688785486190692,-0.993355408143237,High
-0.22126323066984552,0.22126323066984552,0.0,-1.1468534525770835,1.4062290958760337,-1.3807595970854492,1.1282361436890027,1.0455879071175864,-0.993355408143237,High
0.3714061371958135,-0.3714061371958135,0.0,0.011428380755548613,-0.44691708801507124,-0.46086646111912744,0.8972295622620979,-1.6741773772808548,1.0066890377827438,Medium
0.7665190491062528,-0.7665190491062528,0.0,-0.915197085910557,0.016369457957705016,1.1489465268219354,-0.25780334487242557,1.4479429420783805,1.0066890377827438,Low
0.9640755050614725,-0.9640755050614725,0.0,-0.6835407192440307,-0.44691708801507124,0.918973242830355,0.20420981798138385,-0.2968851422227536,-0.993355408143237,Medium
0.3714061371958135,-0.3714061371958135,0.0,-0.45188435257750426,0.016369457957705016,1.1489465268219354,-0.719816507726235,-1.5426382312359799,1.0066890377827438,High
-1.2090455104459439,1.2090455104459439,0.0,0.7063974807551279,0.7112992769168694,-1.8407061650686098,0.43521639940828855,1.2119462388802225,-0.993355408143237,Medium
-1.8017148783116028,1.8017148783116028,0.0,1.86467931408776,0.24801273094409315,-0.46086646111912744,-1.643842833433854,1.649120459558777,-0.993355408143237,High
-0.4188196866250652,0.4188196866250652,0.0,0.9380538474216543,-0.44691708801507124,-0.23089317712754703,-0.25780334487242557,-1.167364785166778,1.0066890377827438,Low
-0.8139325985355046,0.8139325985355046,0.0,-0.45188435257750426,1.4062290958760337,-0.9208130291022882,-0.026796763445520868,0.08999469908570171,-0.993355408143237,Low
0.9640755050614725,-0.9640755050614725,0.0,-0.915197085910557,-0.21527381502868312,0.2290533908556138,0.8972295622620979,-0.045413245372257376,-0.993355408143237,High
0.7665190491062528,-0.7665190491062528,0.0,-0.2202279859109778,-0.6785603610014593,0.2290533908556138,0.6662229808351933,0.2176650467174921,1.0066890377827438,Low
0.3714061371958135,-0.3714061371958135,0.0,0.24308474742207503,-0.6785603610014593,-0.0009198931359666289,0.43521639940828855,-1.2602159470808076,-0.993355408143237,Medium
0.9640755050614725,-0.9640755050614725,0.0,-0.6835407192440307,-0.44691708801507124,0.4590266748471942,0.6662229808351933,-0.8230417264022528,-0.993355408143237,High
0.9640755050614725,-0.9640755050614725,0.0,0.24308474742207503,-1.3734901799606238,0.6889999588387746,0.43521639940828855,-0.621864208921856,-0.993355408143237,High
0.5689625931510331,-0.5689625931510331,0.0,1.401366580754707,-2.0684199989197882,1.6088930948050963,-0.9508230891531397,1.5601380960578322,-0.993355408143237,Low
1.9518577848375709,-1.9518577848375709,0.0,-1.8418225525766627,-0.44691708801507124,1.1489465268219354,1.1282361436890027,-1.1402831962751863,1.0066890377827438,High
0.5689625931510331,-0.5689625931510331,0.0,-0.915197085910557,0.24801273094409315,-0.0009198931359666289,0.6662229808351933,-0.6296018057480252,-0.993355408143237,Medium
-0.4188196866250652,0.4188196866250652,0.0,-1.1468534525770835,1.637872368862422,-1.1507863130938687,0.6662229808351933,-0.19242758506947055,1.0066890377827438,Low
-1.2090455104459439,1.2090455104459439,0.0,-0.915197085910557,2.3328021878215863,-1.6107328810770296,0.20420981798138385,-1.3724111010602595,-0.993355408143237,High
-0.8139325985355046,0.8139325985355046,0.0,0.4747411140886015,0.47965600393048125,-2.0706794490601905,1.1282361436890027,-1.1441519946882708,1.0066890377827438,Low
0.9640755050614725,-0.9640755050614725,0.0,-0.45188435257750426,-0.6785603610014593,0.2290533908556138,0.8972295622620979,1.3241413928596746,-0.993355408143237,High
-0.8139325985355046,0.8139325985355046,0.0,0.011428380755548613,0.9429425499032575,-1.1507863130938687,0.20420981798138385,-1.3027727296247378,-0.993355408143237,Low
0.7665190491062528,-0.7665190491062528,0.0,-0.6835407192440307,-0.21527381502868312,2.0688396627882573,-1.1818296705800444,-0.45550587715922025,1.0066890377827438,Medium
-0.023706774714625855,0.023706774714625855,0.0,0.4747411140886015,-0.44691708801507124,-1.8407061650686098,1.821255887969717,0.4884809356334111,1.0066890377827438,Medium
-0.8139325985355046,0.8139325985355046,0.0,-1.8418225525766627,2.7960887337943627,-0.6908397451107079,-0.25780334487242557,-0.2427219644395698,-0.993355408143237,Medium
3.1371965205688888,-3.1371965205688888,0.0,-2.305135285909716,-1.3734901799606238,1.8388663787966766,1.821255887969717,-0.656683394639617,-0.993355408143237,Medium
-2.7894971580877015,2.7894971580877015,0.0,0.7063974807551279,2.5644454608079745,-0.6908397451107079,-2.567869159141473,0.9875559309213185,-0.993355408143237,Low
0.17384968124059383,-0.17384968124059383,0.0,1.6330229474212337,-1.8367767259334,2.5287862307714177,-2.336862577714568,-1.58519501377991,1.0066890377827438,High
1.5567448729271316,-1.5567448729271316,0.0,-1.3785098192436098,-0.44691708801507124,2.2988129467798375,-0.4888099262993303,-1.5349006344098106,-0.993355408143237,Medium
0.5689625931510331,-0.5689625931510331,0.0,-0.6835407192440307,0.016369457957705016,0.6889999588387746,-0.026796763445520868,1.2931910055549982,-0.993355408143237,Low
-1.0114890544907242,1.0114890544907242,0.0,0.24308474742207503,0.9429425499032575,0.4590266748471942,-1.643842833433854,-1.0822512200789178,1.0066890377827438,Low
0.7665190491062528,-0.7665190491062528,0.0,-0.6835407192440307,-0.21527381502868312,-0.46086646111912744,1.3592427251159074,-0.4787186676377276,-0.993355408143237,Low
-1.0114890544907242,1.0114890544907242,0.0,0.9380538474216543,0.24801273094409315,-0.23089317712754703,-0.9508230891531397,-1.298903931211653,1.0066890377827438,Medium
-1.8017148783116028,1.8017148783116028,0.0,0.24308474742207503,1.8695156418488101,-1.8407061650686098,-0.25780334487242557,-0.9158928883162821,-0.993355408143237,Low
0.3714061371958135,-0.3714061371958135,0.0,-0.6835407192440307,0.24801273094409315,0.918973242830355,-0.4888099262993303,0.1905834578259002,-0.993355408143237,Low
-0.023706774714625855,0.023706774714625855,0.0,-1.1468534525770835,1.1745858228896457,-0.23089317712754703,0.20420981798138385,-0.3897363041367828,-0.993355408143237,Medium
-0.4188196866250652,0.4188196866250652,0.0,0.24308474742207503,0.24801273094409315,1.378919810813516,-1.8748494148607586,-1.689652570933193,-0.993355408143237,Low
-0.023706774714625855,0.023706774714625855,0.0,0.9380538474216543,-0.9102036339878475,-0.9208130291022882,0.8972295622620979,0.9914247293344032,-0.993355408143237,Medium
1.7543013288823512,-1.7543013288823512,0.0,0.24308474742207503,-2.3000632719061764,1.8388663787966766,0.20420981798138385,0.9411303499643039,-0.993355408143237,Low
1.7543013288823512,-1.7543013288823512,0.0,-1.3785098192436098,-0.6785603610014593,0.4590266748471942,1.590249306542812,1.4595493373176343,-0.993355408143237,Medium
-0.4188196866250652,0.4188196866250652,0.0,-0.45188435257750426,0.9429425499032575,-2.0706794490601905,1.590249306542812,-0.17695239141713232,1.0066890377827438,Low
0.17384968124059383,-0.17384968124059383,0.0,0.24308474742207503,-0.44691708801507124,0.4590266748471942,-0.25780334487242557,1.6336452659064389,-0.993355408143237,Low
-1.9992713342668227,1.9992713342668227,0.0,1.1697102140881808,1.1745858228896457,-0.0009198931359666289,-2.336862577714568,-0.7263217660751391,1.0066890377827438,Medium
-1.9992713342668227,1.9992713342668227,0.0,2.0963356807542866,0.24801273094409315,-1.1507863130938687,-1.1818296705800444,-0.691502580357378,-0.993355408143237,Low
-0.6163761425802848,0.6163761425802848,0.0,-0.2202279859109778,0.9429425499032575,-0.9208130291022882,0.20420981798138385,1.436336546839127,-0.993355408143237,High
1.7543013288823512,-1.7543013288823512,0.0,0.4747411140886015,-2.531706544892564,1.8388663787966766,0.20420981798138385,-0.32009793270126075,-0.993355408143237,High
1.7543013288823512,-1.7543013288823512,0.0,-2.305135285909716,0.24801273094409315,0.918973242830355,1.1282361436890027,-0.5560946358994185,-0.993355408143237,Medium
-0.4188196866250652,0.4188196866250652,0.0,-0.2202279859109778,0.7112992769168694,-0.0009198931359666289,-0.4888099262993303,-1.5349006344098106,1.0066890377827438,High
-0.8139325985355046,0.8139325985355046,0.0,0.24308474742207503,0.7112992769168694,-0.6908397451107079,-0.25780334487242557,-0.900417694663944,1.0066890377827438,Medium
-1.4066019664011635,1.4066019664011635,0.0,0.7063974807551279,0.9429425499032575,-1.6107328810770296,-0.026796763445520868,0.08612590067261715,1.0066890377827438,Medium
1.359188416971912,-1.359188416971912,0.0,-0.915197085910557,-0.6785603610014593,1.1489465268219354,0.43521639940828855,-0.9661872676863814,-0.993355408143237,Low
-0.22126323066984552,0.22126323066984552,0.0,-0.45188435257750426,0.7112992769168694,0.2290533908556138,-0.4888099262993303,-0.21177157713489334,-0.993355408143237,Medium
1.9518577848375709,-1.9518577848375709,0.0,-2.0734789192431893,-0.21527381502868312,-0.9208130291022882,3.207295376531145,-0.3510483200059372,-0.993355408143237,High
-1.9992713342668227,1.9992713342668227,0.0,1.1697102140881808,1.1745858228896457,-1.3807595970854492,-0.9508230891531397,-0.4245554898545438,-0.993355408143237,Low
0.7665190491062528,-0.7665190491062528,0.0,-0.6835407192440307,-0.21527381502868312,1.1489465268219354,-0.25780334487242557,-1.6973901677593621,1.0066890377827438,Low
1.161631961016692,-1.161631961016692,0.0,0.24308474742207503,-1.6051334529470118,1.1489465268219354,0.20420981798138385,0.747690429310076,1.0066890377827438,High
-1.0114890544907242,1.0114890544907242,0.0,2.0963356807542866,-0.9102036339878475,-0.0009198931359666289,-1.1818296705800444,-1.523294239170557,-0.993355408143237,High
-0.023706774714625855,0.023706774714625855,0.0,1.6330229474212337,-1.6051334529470118,-0.0009198931359666289,-0.026796763445520868,1.1926022468147996,-0.993355408143237,High
0.5689625931510331,-0.5689625931510331,0.0,-1.8418225525766627,1.1745858228896457,-0.46086646111912744,1.1282361436890027,-1.1557583899275246,1.0066890377827438,Low
0.3714061371958135,-0.3714061371958135,0.0,0.4747411140886015,-0.9102036339878475,-0.23089317712754703,0.6662229808351933,-0.9236304851424513,1.0066890377827438,Low
-0.6163761425802848,0.6163761425802848,0.0,0.7063974807551279,0.016369457957705016,-0.46086646111912744,-0.25780334487242557,0.13255148162963185,-0.993355408143237,High
0.7665190491062528,-0.7665190491062528,0.0,-1.1468534525770835,0.24801273094409315,1.378919810813516,-0.4888099262993303,1.478893329383057,-0.993355408143237,Medium
1.5567448729271316,-1.5567448729271316,0.0,-0.915197085910557,-0.9102036339878475,0.6889999588387746,1.1282361436890027,0.2911722165660987,1.0066890377827438,Low
0.17384968124059383,-0.17384968124059383,0.0,0.9380538474216543,-1.1418469069742356,0.6889999588387746,-0.4888099262993303,1.7071524357550454,1.0066890377827438,Medium
-0.6163761425802848,0.6163761425802848,0.0,-1.1468534525770835,1.8695156418488101,-1.6107328810770296,0.8972295622620979,0.25248423243525314,1.0066890377827438,High
-1.2090455104459439,1.2090455104459439,0.0,0.9380538474216543,0.47965600393048125,-0.9208130291022882,-0.4888099262993303,-0.5599634343125031,1.0066890377827438,Medium
-1.0114890544907242,1.0114890544907242,0.0,1.401366580754707,-0.21527381502868312,-1.3807595970854492,0.20420981798138385,0.9295239547250502,-0.993355408143237,High
0.9640755050614725,-0.9640755050614725,0.0,-1.1468534525770835,0.016369457957705016,-0.0009198931359666289,1.1282361436890027,-0.6257330073349405,-0.993355408143237,High
-0.023706774714625855,0.023706774714625855,0.0,0.011428380755548613,0.016369457957705016,-0.46086646111912744,0.43521639940828855,0.480743338807242,-0.993355408143237,Low
-0.22126323066984552,0.22126323066984552,0.0,-0.6835407192440307,0.9429425499032575,0.4590266748471942,-0.719816507726235,-1.6741773772808548,1.0066890377827438,Medium
-1.8017148783116028,1.8017148783116028,0.0,3.2546175140869185,-1.1418469069742356,-1.3807595970854492,-0.719816507726235,-0.02606925330683459,1.0066890377827438,Low
-0.8139325985355046,0.8139325985355046,0.0,0.4747411140886015,0.47965600393048125,-0.6908397451107079,-0.25780334487242557,-0.335573126353599,-0.993355408143237,Low
1.7543013288823512,-1.7543013288823512,0.0,-2.536791652576242,0.47965600393048125,0.2290533908556138,1.821255887969717,-0.5599634343125031,1.0066890377827438,High
1.161631961016692,-1.161631961016692,0.0,-0.6835407192440307,-0.6785603610014593,0.6889999588387746,0.6662229808351933,-0.8230417264022528,-0.993355408143237,Low
-0.6163761425802848,0.6163761425802848,0.0,0.7063974807551279,0.016369457957705016,-0.0009198931359666289,-0.719816507726235,-0.9158928883162821,-0.993355408143237,Low
-1.6041584223563832,1.6041584223563832,0.0,1.1697102140881808,0.7112992769168694,0.2290533908556138,-2.105855996287663,0.1905834578259002,-0.993355408143237,High
0.7665190491062528,-0.7665190491062528,0.0,0.011428380755548613,-0.9102036339878475,0.4590266748471942,0.43521639940828855,-1.4691310613873731,1.0066890377827438,Medium
1.7543013288823512,-1.7543013288823512,0.0,-0.6835407192440307,-1.3734901799606238,1.6088930948050963,0.43521639940828855,0.14028907845580096,1.0066890377827438,Medium
0.5689625931510331,-0.5689625931510331,0.0,0.24308474742207503,-0.9102036339878475,0.4590266748471942,0.20420981798138385,0.3569417895885362,-0.993355408143237,Medium
-0.8139325985355046,0.8139325985355046,0.0,-0.6835407192440307,1.637872368862422,-1.1507863130938687,0.20420981798138385,-0.3587859168321063,1.0066890377827438,Medium
0.3714061371958135,-0.3714061371958135,0.0,-0.2202279859109778,-0.21527381502868312,-0.9208130291022882,1.3592427251159074,-1.523294239170557,-0.993355408143237,High
0.7665190491062528,-0.7665190491062528,0.0,-0.45188435257750426,-0.44691708801507124,0.918973242830355,-0.026796763445520868,-1.4729998598004577,-0.993355408143237,Low
1.161631961016692,-1.161631961016692,0.0,0.24308474742207503,-1.6051334529470118,0.6889999588387746,0.6662229808351933,1.571744491297086,-0.993355408143237,Medium
0.3714061371958135,-0.3714061371958135,0.0,-0.45188435257750426,0.016369457957705016,0.2290533908556138,0.20420981798138385,1.2467654245979836,1.0066890377827438,Medium
-0.22126323066984552,0.22126323066984552,0.0,1.401366580754707,-1.1418469069742356,0.918973242830355,-1.1818296705800444,-0.71858416924897,1.0066890377827438,Low
0.3714061371958135,-0.3714061371958135,0.0,0.011428380755548613,-0.44691708801507124,-0.46086646111912744,0.8972295622620979,1.71102123416813,-0.993355408143237,Low
-0.22126323066984552,0.22126323066984552,0.0,1.1697102140881808,-0.9102036339878475,1.1489465268219354,-1.412836252006949,-0.14600200411245587,1.0066890377827438,High
-2.1968277902220423,2.1968277902220423,0.0,1.401366580754707,1.1745858228896457,-0.0009198931359666289,-2.567869159141473,-0.6179954105087715,-0.993355408143237,High
2.9396400646136693,-2.9396400646136693,0.0,-0.2202279859109778,-3.226636363851729,0.918973242830355,2.514275632250431,-1.1364143978621017,1.0066890377827438,Medium
-1.6041584223563832,1.6041584223563832,0.0,2.5596484140873392,-0.6785603610014593,-0.23089317712754703,-1.643842833433854,0.8676231801156973,1.0066890377827438,High
1.7543013288823512,-1.7543013288823512,0.0,-1.8418225525766627,-0.21527381502868312,3.9086259347209005,-1.8748494148607586,1.436336546839127,-0.993355408143237,High
-0.023706774714625855,0.023706774714625855,0.0,-0.45188435257750426,0.47965600393048125,-0.23089317712754703,0.20420981798138385,-1.4652622629742886,1.0066890377827438,High
0.5689625931510331,-0.5689625931510331,0.0,-0.915197085910557,0.24801273094409315,-0.0009198931359666289,0.6662229808351933,-0.3123603358750916,1.0066890377827438,High
0.5689625931510331,-0.5689625931510331,0.0,0.4747411140886015,-1.1418469069742356,1.378919810813516,-0.719816507726235,-1.5426382312359799,-0.993355408143237,Medium
-1.4066019664011635,1.4066019664011635,0.0,2.0963356807542866,-0.44691708801507124,-0.9208130291022882,-0.719816507726235,0.4575305483287347,1.0066890377827438,Medium
0.5689625931510331,-0.5689625931510331,0.0,0.24308474742207503,-0.9102036339878475,0.4590266748471942,0.20420981798138385,-0.9584496708602123,1.0066890377827438,High
0.9640755050614725,-0.9640755050614725,0.0,0.011428380755548613,-1.1418469069742356,0.918973242830355,0.20420981798138385,1.0262439150521638,-0.993355408143237,Medium
-0.4188196866250652,0.4188196866250652,0.0,-0.6835407192440307,1.1745858228896457,0.4590266748471942,-0.9508230891531397,0.33759779752311336,-0.993355408143237,High
-0.4188196866250652,0.4188196866250652,0.0,0.24308474742207503,0.24801273094409315,1.378919810813516,-1.8748494148607586,-0.80369773433683,1.0066890377827438,Low
0.17384968124059383,-0.17384968124059383,0.0,-0.45188435257750426,0.24801273094409315,-0.46086646111912744,0.6662229808351933,-0.5986514184433487,-0.993355408143237,High
1.161631961016692,-1.161631961016692,0.0,0.4747411140886015,-1.8367767259334,1.378919810813516,-0.026796763445520868,-0.6644209914657861,-0.993355408143237,Low
-0.22126323066984552,0.22126323066984552,0.0,0.24308474742207503,0.016369457957705016,-0.6908397451107079,0.43521639940828855,0.22153384513057667,1.0066890377827438,High
-0.6163761425802848,0.6163761425802848,0.0,-0.45188435257750426,1.1745858228896457,-1.3807595970854492,0.6662229808351933,0.6857896547007232,-0.993355408143237,Low
0.17384968124059383,-0.17384968124059383,0.0,1.1697102140881808,-1.3734901799606238,1.378919810813516,-1.1818296705800444,-0.30462273904892273,1.0066890377827438,High
-0.4188196866250652,0.4188196866250652,0.0,0.7063974807551279,-0.21527381502868312,-0.9208130291022882,0.43521639940828855,-0.4168178930283747,1.0066890377827438,High
-1.4066019664011635,1.4066019664011635,0.0,0.7063974807551279,0.9429425499032575,0.4590266748471942,-2.105855996287663,0.6200200816782856,1.0066890377827438,High
-0.023706774714625855,0.023706774714625855,0.0,-0.45188435257750426,0.47965600393048125,0.2290533908556138,-0.25780334487242557,0.3221226038707751,1.0066890377827438,Medium
-0.4188196866250652,0.4188196866250652,0.0,0.4747411140886015,0.016369457957705016,1.1489465268219354,-1.643842833433854,0.7631656229624143,1.0066890377827438,Low
0.9640755050614725,-0.9640755050614725,0.0,-1.6101661859101364,0.47965600393048125,0.4590266748471942,0.6662229808351933,-1.384017496299513,1.0066890377827438,Medium
0.5689625931510331,-0.5689625931510331,0.0,0.4747411140886015,-1.1418469069742356,0.2290533908556138,0.43521639940828855,1.4208613531867886,-0.993355408143237,Medium
-1.8017148783116028,1.8017148783116028,0.0,0.24308474742207503,1.8695156418488101,-1.1507863130938687,-0.9508230891531397,-1.062907228013495,1.0066890377827438,Low
1.161631961016692,-1.161631961016692,0.0,-0.915197085910557,-0.44691708801507124,0.2290533908556138,1.1282361436890027,1.6336452659064389,-0.993355408143237,Medium
-1.0114890544907242,1.0114890544907242,0.0,0.4747411140886015,0.7112992769168694,-0.6908397451107079,-0.4888099262993303,0.5774632991343555,1.0066890377827438,High
-0.023706774714625855,0.023706774714625855,0.0,0.4747411140886015,-0.44691708801507124,0.2290533908556138,-0.25780334487242557,-0.3665235136582754,1.0066890377827438,High
0.5689625931510331,-0.5689625931510331,0.0,0.011428380755548613,-0.6785603610014593,0.918973242830355,-0.25780334487242557,-0.11118281839469485,-0.993355408143237,High
-0.6163761425802848,0.6163761425802848,0.0,-0.2202279859109778,0.9429425499032575,-0.9208130291022882,0.20420981798138385,-1.0706448248396643,1.0066890377827438,Medium
0.5689625931510331,-0.5689625931510331,0.0,-1.3785098192436098,0.7112992769168694,-0.0009198931359666289,0.6662229808351933,0.44205535467639645,1.0066890377827438,Medium
-0.22126323066984552,0.22126323066984552,0.0,-0.45188435257750426,0.7112992769168694,-0.6908397451107079,0.43521639940828855,0.10933869115112449,1.0066890377827438,High
0.17384968124059383,-0.17384968124059383,0.0,-1.1468534525770835,0.9429425499032575,2.0688396627882573,-1.8748494148607586,-1.3917550931256824,1.0066890377827438,High
-0.22126323066984552,0.22126323066984552,0.0,-0.2202279859109778,0.47965600393048125,-0.6908397451107079,0.43521639940828855,0.39176097530629717,-0.993355408143237,Medium
1.359188416971912,-1.359188416971912,0.0,-0.915197085910557,-0.6785603610014593,0.6889999588387746,0.8972295622620979,-0.9623184692732969,1.0066890377827438,High
0.7665190491062528,-0.7665190491062528,0.0,-1.6101661859101364,0.7112992769168694,-0.46086646111912744,1.3592427251159074,0.7322152356577378,-0.993355408143237,Low
-1.8017148783116028,1.8017148783116028,0.0,0.9380538474216543,1.1745858228896457,-0.46086646111912744,-1.643842833433854,-0.10344522156852573,1.0066890377827438,Low
-1.6041584223563832,1.6041584223563832,0.0,0.7063974807551279,1.1745858228896457,-0.6908397451107079,-1.1818296705800444,-1.488475053452796,1.0066890377827438,High
0.9640755050614725,-0.9640755050614725,0.0,-1.6101661859101364,0.47965600393048125,0.918973242830355,0.20420981798138385,0.8985735674203738,1.0066890377827438,High
0.17384968124059383,-0.17384968124059383,0.0,0.9380538474216543,-1.1418469069742356,0.4590266748471942,-0.25780334487242557,1.0378503102914174,1.0066890377827438,Medium
-1.4066019664011635,1.4066019664011635,0.0,-0.6835407192440307,2.3328021878215863,-0.0009198931359666289,-1.643842833433854,-0.35491711841902174,-0.993355408143237,Low
-0.22126323066984552,0.22126323066984552,0.0,1.1697102140881808,-0.9102036339878475,-1.3807595970854492,1.1282361436890027,-1.7012589661724467,-0.993355408143237,High
-0.8139325985355046,0.8139325985355046,0.0,-1.1468534525770835,2.101158914835198,-0.23089317712754703,-0.719816507726235,-0.8269105248153373,1.0066890377827438,High
0.3714061371958135,-0.3714061371958135,0.0,0.011428380755548613,-0.44691708801507124,0.2290533908556138,0.20420981798138385,0.6548392673960467,-0.993355408143237,Medium
0.17384968124059383,-0.17384968124059383,0.0,0.7063974807551279,-0.9102036339878475,0.6889999588387746,-0.4888099262993303,-0.014462858067580915,-0.993355408143237,Medium
0.17384968124059383,-0.17384968124059383,0.0,0.24308474742207503,-0.44691708801507124,-0.0009198931359666289,0.20420981798138385,-0.9274992835555358,1.0066890377827438,High
-0.6163761425802848,0.6163761425802848,0.0,0.24308474742207503,0.47965600393048125,-1.6107328810770296,0.8972295622620979,0.16737066734739287,-0.993355408143237,High
0.7665190491062528,-0.7665190491062528,0.0,-0.6835407192440307,-0.21527381502868312,-0.46086646111912744,1.3592427251159074,0.04356911812868745,-0.993355408143237,Low
-0.8139325985355046,0.8139325985355046,0.0,0.24308474742207503,0.7112992769168694,-0.9208130291022882,-0.026796763445520868,-0.19629638348255513,-0.993355408143237,Medium
0.7665190491062528,-0.7665190491062528,0.0,-0.6835407192440307,-0.21527381502868312,-0.0009198931359666289,0.8972295622620979,1.622038870667185,1.0066890377827438,Medium
-0.22126323066984552,0.22126323066984552,0.0,-0.2202279859109778,0.47965600393048125,-0.23089317712754703,-0.026796763445520868,-0.6296018057480252,1.0066890377827438,Medium
-1.0114890544907242,1.0114890544907242,0.0,1.401366580754707,-0.21527381502868312,-0.46086646111912744,-0.719816507726235,-0.2427219644395698,1.0066890377827438,Low
-0.6163761425802848,0.6163761425802848,0.0,0.24308474742207503,0.47965600393048125,-0.0009198931359666289,-0.719816507726235,0.20218985306515386,1.0066890377827438,Low
-0.023706774714625855,0.023706774714625855,0.0,0.7063974807551279,-0.6785603610014593,-0.0009198931359666289,-0.026796763445520868,-1.0435632359480724,1.0066890377827438,High
-0.6163761425802848,0.6163761425802848,0.0,1.6330229474212337,-0.9102036339878475,1.1489465268219354,-1.8748494148607586,-0.06475723743768017,-0.993355408143237,Low
-0.8139325985355046,0.8139325985355046,0.0,-0.2202279859109778,1.1745858228896457,-0.46086646111912744,-0.4888099262993303,1.3666981754036047,-0.993355408143237,High
-0.4188196866250652,0.4188196866250652,0.0,-0.6835407192440307,1.1745858228896457,-0.6908397451107079,0.20420981798138385,1.0030311245736567,1.0066890377827438,Medium
1.161631961016692,-1.161631961016692,0.0,0.4747411140886015,-1.8367767259334,2.0688396627882573,-0.719816507726235,1.7032836373419609,1.0066890377827438,Medium
0.17384968124059383,-0.17384968124059383,0.0,-0.6835407192440307,0.47965600393048125,0.4590266748471942,-0.25780334487242557,-0.4709810708115585,1.0066890377827438,Low
1.161631961016692,-1.161631961016692,0.0,0.4747411140886015,-1.8367767259334,1.378919810813516,-0.026796763445520868,1.571744491297086,-0.993355408143237,High
-1.2090455104459439,1.2090455104459439,0.0,1.1697102140881808,0.24801273094409315,0.2290533908556138,-1.643842833433854,-1.3646735042340903,1.0066890377827438,Medium
0.17384968124059383,-0.17384968124059383,0.0,0.24308474742207503,-0.44691708801507124,-0.0009198931359666289,0.20420981798138385,1.1732582547493768,-0.993355408143237,Medium
0.5689625931510331,-0.5689625931510331,0.0,0.24308474742207503,-0.9102036339878475,0.2290533908556138,0.43521639940828855,0.43044895943714273,-0.993355408143237,Low
2.7420836086584495,-2.7420836086584495,0.0,-0.915197085910557,-2.3000632719061764,1.8388663787966766,1.3592427251159074,-1.0590384296004105,1.0066890377827438,Medium
1.7543013288823512,-1.7543013288823512,0.0,-0.2202279859109778,-1.8367767259334,1.378919810813516,0.6662229808351933,0.33372899911002885,1.0066890377827438,High
0.5689625931510331,-0.5689625931510331,0.0,-0.45188435257750426,-0.21527381502868312,-0.23089317712754703,0.8972295622620979,-0.4941938612900658,-0.993355408143237,Medium
-0.023706774714625855,0.023706774714625855,0.0,0.7063974807551279,-0.6785603610014593,-0.46086646111912744,0.43521639940828855,0.6973960499399768,-0.993355408143237,High
-0.4188196866250652,0.4188196866250652,0.0,-0.6835407192440307,1.1745858228896457,-1.1507863130938687,0.6662229808351933,-0.2349843676134007,-0.993355408143237,High
-0.023706774714625855,0.023706774714625855,0.0,0.011428380755548613,0.016369457957705016,-0.0009198931359666289,-0.026796763445520868,0.3569417895885362,1.0066890377827438,High
0.5689625931510331,-0.5689625931510331,0.0,-0.915197085910557,0.24801273094409315,1.378919810813516,-0.719816507726235,0.12868268321654727,1.0066890377827438,High
0.7665190491062528,-0.7665190491062528,0.0,-0.2202279859109778,-0.6785603610014593,-0.46086646111912744,1.3592427251159074,-0.9042864930770285,-0.993355408143237,Low
0.5689625931510331,-0.5689625931510331,0.0,-0.2202279859109778,-0.44691708801507124,1.8388663787966766,-1.1818296705800444,1.6723332500372845,-0.993355408143237,Low
0.3714061371958135,-0.3714061371958135,0.0,0.4747411140886015,-0.9102036339878475,-0.6908397451107079,1.1282361436890027,0.12094508639037817,1.0066890377827438,Low
-0.6163761425802848,0.6163761425802848,0.0,1.1697102140881808,-0.44691708801507124,-0.9208130291022882,0.20420981798138385,0.8134600023325135,1.0066890377827438,Low
-0.4188196866250652,0.4188196866250652,0.0,0.4747411140886015,0.016369457957705016,-0.46086646111912744,-0.026796763445520868,-1.4575246661481196,-0.993355408143237,High
-1.6041584223563832,1.6041584223563832,0.0,1.6330229474212337,0.24801273094409315,-1.8407061650686098,-0.026796763445520868,1.3976485627082813,-0.993355408143237,Medium
0.17384968124059383,-0.17384968124059383,0.0,-0.915197085910557,0.7112992769168694,-1.6107328810770296,1.821255887969717,-0.2543283596788235,-0.993355408143237,Low
0.17384968124059383,-0.17384968124059383,0.0,-1.6101661859101364,1.4062290958760337,1.1489465268219354,-0.9508230891531397,1.27771581190266,-0.993355408143237,Low
0.9640755050614725,-0.9640755050614725,0.0,-0.45188435257750426,-0.6785603610014593,0.918973242830355,0.20420981798138385,-0.9236304851424513,1.0066890377827438,High
-0.023706774714625855,0.023706774714625855,0.0,-1.1468534525770835,1.1745858228896457,0.918973242830355,-0.9508230891531397,1.3164037960335055,-0.993355408143237,High
-0.4188196866250652,0.4188196866250652,0.0,-0.6835407192440307,1.1745858228896457,0.4590266748471942,-0.9508230891531397,1.3009286023811673,-0.993355408143237,Medium
-0.8139325985355046,0.8139325985355046,0.0,0.9380538474216543,0.016369457957705016,-0.9208130291022882,-0.026796763445520868,-0.8578609121200138,-0.993355408143237,High
0.3714061371958135,-0.3714061371958135,0.0,0.011428380755548613,-0.44691708801507124,-0.0009198931359666289,0.43521639940828855,-0.6412082009872788,-0.993355408143237,Medium
1.359188416971912,-1.359188416971912,0.0,-0.2202279859109778,-1.3734901799606238,2.5287862307714177,-0.9508230891531397,-1.1751023819929474,1.0066890377827438,Medium
-0.023706774714625855,0.023706774714625855,0.0,-0.2202279859109778,0.24801273094409315,-0.0009198931359666289,-0.026796763445520868,-0.22724677078723157,1.0066890377827438,Medium
0.17384968124059383,-0.17384968124059383,0.0,-0.2202279859109778,0.016369457957705016,0.918973242830355,-0.719816507726235,-0.9352368803817049,-0.993355408143237,Medium
0.7665190491062528,-0.7665190491062528,0.0,-1.1468534525770835,0.24801273094409315,-1.1507863130938687,2.0522624693966214,-1.159627188340609,1.0066890377827438,Low
0.9640755050614725,-0.9640755050614725,0.0,-0.2202279859109778,-0.9102036339878475,-0.46086646111912744,1.590249306542812,0.6664456626353004,-0.993355408143237,Medium
-0.4188196866250652,0.4188196866250652,0.0,-0.2202279859109778,0.7112992769168694,0.4590266748471942,-0.9508230891531397,1.451811740491465,1.0066890377827438,Medium
-1.0114890544907242,1.0114890544907242,0.0,1.401366580754707,-0.21527381502868312,-0.6908397451107079,-0.4888099262993303,-1.2447407534284693,1.0066890377827438,Low
-1.0114890544907242,1.0114890544907242,0.0,0.011428380755548613,1.1745858228896457,-0.0009198931359666289,-1.1818296705800444,-0.9855312597518042,1.0066890377827438,High
-2.1968277902220423,2.1968277902220423,0.0,1.1697102140881808,1.4062290958760337,-1.1507863130938687,-1.412836252006949,-0.536750643833996,1.0066890377827438,Low
1.7543013288823512,-1.7543013288823512,0.0,-1.8418225525766627,-0.21527381502868312,1.1489465268219354,0.8972295622620979,0.31438500704460604,-0.993355408143237,Low
-0.22126323066984552,0.22126323066984552,0.0,0.011428380755548613,0.24801273094409315,0.6889999588387746,-0.9508230891531397,-0.7031089755966317,-0.993355408143237,High
-1.4066019664011635,1.4066019664011635,0.0,1.401366580754707,0.24801273094409315,-2.7605993010349317,1.1282361436890027,-0.4206866914414592,1.0066890377827438,Low
0.3714061371958135,-0.3714061371958135,0.0,-0.2202279859109778,-0.21527381502868312,0.2290533908556138,0.20420981798138385,-1.3646735042340903,1.0066890377827438,Medium
-1.9992713342668227,1.9992713342668227,0.0,0.4747411140886015,1.8695156418488101,0.2290533908556138,-2.567869159141473,-1.229265559776131,-0.993355408143237,Medium
0.3714061371958135,-0.3714061371958135,0.0,-0.45188435257750426,0.016369457957705016,-0.0009198931359666289,0.43521639940828855,0.8637543817026128,-0.993355408143237,Medium
-1.2090455104459439,1.2090455104459439,0.0,0.7063974807551279,0.7112992769168694,-0.46086646111912744,-0.9508230891531397,-0.6102578136826023,1.0066890377827438,Low
0.5689625931510331,-0.5689625931510331,0.0,0.24308474742207503,-0.9102036339878475,-0.9208130291022882,1.590249306542812,0.5503817102427636,1.0066890377827438,Low
-0.023706774714625855,0.023706774714625855,0.0,0.24308474742207503,-0.21527381502868312,-0.46086646111912744,0.43521639940828855,-0.5522258374863339,1.0066890377827438,Medium
-0.023706774714625855,0.023706774714625855,0.0,0.4747411140886015,-0.44691708801507124,0.2290533908556138,-0.25780334487242557,-0.4477682803330511,1.0066890377827438,High
-1.2090455104459439,1.2090455104459439,0.0,0.24308474742207503,1.1745858228896457,-0.9208130291022882,-0.4888099262993303,-1.0783824216658333,-0.993355408143237,High
1.5567448729271316,-1.5567448729271316,0.0,-0.915197085910557,-0.9102036339878475,0.6889999588387746,1.1282361436890027,-0.32783552952742984,-0.993355408143237,Medium
-1.9992713342668227,1.9992713342668227,0.0,2.0963356807542866,0.24801273094409315,-2.3006527330517708,-0.026796763445520868,-0.9468432756209586,-0.993355408143237,Low
0.7665190491062528,-0.7665190491062528,0.0,-0.45188435257750426,-0.44691708801507124,0.4590266748471942,0.43521639940828855,0.09386349749878627,1.0066890377827438,Medium
0.17384968124059383,-0.17384968124059383,0.0,0.24308474742207503,-0.44691708801507124,1.6088930948050963,-1.412836252006949,1.2390278277718143,1.0066890377827438,High
-0.4188196866250652,0.4188196866250652,0.0,0.24308474742207503,0.24801273094409315,-0.9208130291022882,0.43521639940828855,-1.1944463740583702,-0.993355408143237,Low
0.5689625931510331,-0.5689625931510331,0.0,-1.6101661859101364,0.9429425499032575,0.918973242830355,-0.25780334487242557,-0.2079027787218088,1.0066890377827438,Medium
-0.22126323066984552,0.22126323066984552,0.0,1.401366580754707,-1.1418469069742356,-0.9208130291022882,0.6662229808351933,-1.5697198201275717,1.0066890377827438,High
-0.4188196866250652,0.4188196866250652,0.0,-1.1468534525770835,1.637872368862422,-0.23089317712754703,-0.25780334487242557,-0.3626547152451909,1.0066890377827438,Low
-1.4066019664011635,1.4066019664011635,0.0,0.7063974807551279,0.9429425499032575,-0.46086646111912744,-1.1818296705800444,-1.6509645868023475,1.0066890377827438,High
0.17384968124059383,-0.17384968124059383,0.0,0.4747411140886015,-0.6785603610014593,0.2290533908556138,-0.026796763445520868,0.9449991483773885,-0.993355408143237,Low
-0.8139325985355046,0.8139325985355046,0.0,-0.45188435257750426,1.4062290958760337,-0.6908397451107079,-0.25780334487242557,-1.4304430772565278,1.0066890377827438,Medium
-0.023706774714625855,0.023706774714625855,0.0,0.24308474742207503,-0.21527381502868312,1.1489465268219354,-1.1818296705800444,0.983687132508234,-0.993355408143237,Medium
-2.1968277902220423,2.1968277902220423,0.0,1.86467931408776,0.7112992769168694,-1.1507863130938687,-1.412836252006949,-0.018331656480665474,-0.993355408143237,High
0.9640755050614725,-0.9640755050614725,0.0,-0.2202279859109778,-0.9102036339878475,-0.0009198931359666289,1.1282361436890027,-1.1944463740583702,-0.993355408143237,High
0.7665190491062528,-0.7665190491062528,0.0,-0.6835407192440307,-0.21527381502868312,0.918973242830355,-0.026796763445520868,-0.8694673073592675,-0.993355408143237,Low
0.5689625931510331,-0.5689625931510331,0.0,-0.45188435257750426,-0.21527381502868312,-2.3006527330517708,2.9762887951042405,0.5619881054820173,1.0066890377827438,Medium
-0.023706774714625855,0.023706774714625855,0.0,-0.45188435257750426,0.47965600393048125,1.1489465268219354,-1.1818296705800444,0.7554280261362452,1.0066890377827438,Low
0.9640755050614725,-0.9640755050614725,0.0,-0.45188435257750426,-0.6785603610014593,0.4590266748471942,0.6662229808351933,-1.3569359074079212,1.0066890377827438,Medium
-0.6163761425802848,0.6163761425802848,0.0,-0.45188435257750426,1.1745858228896457,0.918973242830355,-1.643842833433854,0.09386349749878627,-0.993355408143237,High
0.3714061371958135,-0.3714061371958135,0.0,1.401366580754707,-1.8367767259334,0.6889999588387746,-0.25780334487242557,-0.8153041295760837,-0.993355408143237,Medium
-0.22126323066984552,0.22126323066984552,0.0,0.7063974807551279,-0.44691708801507124,-1.8407061650686098,1.590249306542812,-0.5328818454209114,-0.993355408143237,High
0.5689625931510331,-0.5689625931510331,0.0,-0.915197085910557,0.24801273094409315,0.6889999588387746,-0.026796763445520868,-0.7959601375106609,-0.993355408143237,Low
0.9640755050614725,-0.9640755050614725,0.0,-0.2202279859109778,-0.9102036339878475,2.7587595147629984,-1.643842833433854,0.11707628797729361,1.0066890377827438,Medium
1.161631961016692,-1.161631961016692,0.0,-1.1468534525770835,-0.21527381502868312,0.4590266748471942,0.8972295622620979,-0.8849425010116057,-0.993355408143237,High
-0.6163761425802848,0.6163761425802848,0.0,0.24308474742207503,0.47965600393048125,0.4590266748471942,-1.1818296705800444,-0.7301905644882236,1.0066890377827438,High
0.17384968124059383,-0.17384968124059383,0.0,0.9380538474216543,-1.1418469069742356,-1.6107328810770296,1.821255887969717,1.389910965882112,-0.993355408143237,High
0.17384968124059383,-0.17384968124059383,0.0,-0.45188435257750426,0.24801273094409315,0.918973242830355,-0.719816507726235,-0.3162291342881762,-0.993355408143237,Medium
-1.0114890544907242,1.0114890544907242,0.0,0.9380538474216543,0.24801273094409315,1.378919810813516,-2.567869159141473,0.8405415912241054,1.0066890377827438,Medium
-1.2090455104459439,1.2090455104459439,0.0,0.9380538474216543,0.47965600393048125,-0.9208130291022882,-0.4888099262993303,-1.6703085788677703,1.0066890377827438,Medium
-0.8139325985355046,0.8139325985355046,0.0,1.1697102140881808,-0.21527381502868312,-1.8407061650686098,0.8972295622620979,1.1345702706185314,1.0066890377827438,High
0.17384968124059383,-0.17384968124059383,0.0,-0.45188435257750426,0.24801273094409315,0.4590266748471942,-0.25780334487242557,-0.06475723743768017,-0.993355408143237,High
-1.2090455104459439,1.2090455104459439,0.0,0.9380538474216543,0.47965600393048125,0.6889999588387746,-2.105855996287663,0.23700903878291488,1.0066890377827438,Low
0.17384968124059383,-0.17384968124059383,0.0,0.24308474742207503,-0.44691708801507124,-0.6908397451107079,0.8972295622620979,1.3164037960335055,-0.993355408143237,High
-0.8139325985355046,0.8139325985355046,0.0,0.7063974807551279,0.24801273094409315,0.4590266748471942,-1.412836252006949,-0.30075394063583816,1.0066890377827438,Low
-0.023706774714625855,0.023706774714625855,0.0,-0.915197085910557,0.9429425499032575,0.918973242830355,-0.9508230891531397,1.4595493373176343,1.0066890377827438,Low
-0.023706774714625855,0.023706774714625855,0.0,-0.45188435257750426,0.47965600393048125,-0.23089317712754703,0.20420981798138385,-1.3027727296247378,1.0066890377827438,Medium
-0.22126323066984552,0.22126323066984552,0.0,0.7063974807551279,-0.44691708801507124,0.6889999588387746,-0.9508230891531397,0.5813320975474401,-0.993355408143237,High
-0.4188196866250652,0.4188196866250652,0.0,-0.45188435257750426,0.9429425499032575,0.918973242830355,-1.412836252006949,1.1732582547493768,-0.993355408143237,Low
0.3714061371958135,-0.3714061371958135,0.0,0.24308474742207503,-0.6785603610014593,1.378919810813516,-0.9508230891531397,0.44592415308948097,-0.993355408143237,High
0.7665190491062528,-0.7665190491062528,0.0,0.9380538474216543,-1.8367767259334,1.1489465268219354,-0.25780334487242557,1.7071524357550454,1.0066890377827438,Low
0.3714061371958135,-0.3714061371958135,0.0,-0.2202279859109778,-0.21527381502868312,1.378919810813516,-0.9508230891531397,-0.3781299088975291,1.0066890377827438,Medium
0.3714061371958135,-0.3714061371958135,0.0,-0.6835407192440307,0.24801273094409315,0.4590266748471942,-0.026796763445520868,-0.22337797237414703,-0.993355408143237,Low
-0.6163761425802848,0.6163761425802848,0.0,0.7063974807551279,0.016369457957705016,0.2290533908556138,-0.9508230891531397,-1.5349006344098106,-0.993355408143237,High
-0.22126323066984552,0.22126323066984552,0.0,-0.2202279859109778,0.47965600393048125,-0.6908397451107079,0.43521639940828855,1.7342340246466372,-0.993355408143237,Medium
-0.22126323066984552,0.22126323066984552,0.0,-0.2202279859109778,0.47965600393048125,0.2290533908556138,-0.4888099262993303,1.6955460405157918,-0.993355408143237,Low
0.5689625931510331,-0.5689625931510331,0.0,0.011428380755548613,-0.6785603610014593,-0.46086646111912744,1.1282361436890027,-1.1132016073835944,-0.993355408143237,Low
-1.6041584223563832,1.6041584223563832,0.0,1.86467931408776,0.016369457957705016,-1.1507863130938687,-0.719816507726235,0.9411303499643039,-0.993355408143237,High
-1.4066019664011635,1.4066019664011635,0.0,0.7063974807551279,0.9429425499032575,-1.1507863130938687,-0.4888099262993303,1.1152262785531086,1.0066890377827438,High
-0.4188196866250652,0.4188196866250652,0.0,0.7063974807551279,-0.21527381502868312,-0.9208130291022882,0.43521639940828855,0.4072361689586354,1.0066890377827438,High
1.5567448729271316,-1.5567448729271316,0.0,-0.6835407192440307,-1.1418469069742356,0.2290533908556138,1.590249306542812,0.3259914022838597,1.0066890377827438,Low
0.5689625931510331,-0.5689625931510331,0.0,0.011428380755548613,-0.6785603610014593,-0.0009198931359666289,0.6662229808351933,-1.186708777232201,-0.993355408143237,Low
-1.4066019664011635,1.4066019664011635,0.0,-1.3785098192436098,3.0277320067807505,-1.3807595970854492,-0.25780334487242557,0.5194313229380876,1.0066890377827438,Medium
0.7665190491062528,-0.7665190491062528,0.0,-0.915197085910557,0.016369457957705016,0.918973242830355,-0.026796763445520868,-1.062907228013495,-0.993355408143237,Low
-1.0114890544907242,1.0114890544907242,0.0,-0.2202279859109778,1.4062290958760337,-1.1507863130938687,-0.026796763445520868,-1.0242192438826498,1.0066890377827438,Low
-1.9992713342668227,1.9992713342668227,0.0,2.3279920474208127,0.016369457957705016,-1.1507863130938687,-1.1818296705800444,-0.060888439024595606,-0.993355408143237,Medium
0.9640755050614725,-0.9640755050614725,0.0,0.24308474742207503,-1.3734901799606238,0.2290533908556138,0.8972295622620979,0.5271689197642567,-0.993355408143237,Low
1.7543013288823512,-1.7543013288823512,0.0,-0.45188435257750426,-1.6051334529470118,-0.0009198931359666289,2.0522624693966214,-1.550375828062149,1.0066890377827438,Medium
-0.8139325985355046,0.8139325985355046,0.0,0.7063974807551279,0.24801273094409315,-0.9208130291022882,-0.026796763445520868,1.5910884833625087,1.0066890377827438,Low
-0.6163761425802848,0.6163761425802848,0.0,-0.45188435257750426,1.1745858228896457,0.2290533908556138,-0.9508230891531397,0.8057224055063444,1.0066890377827438,Low
-1.2090455104459439,1.2090455104459439,0.0,-0.45188435257750426,1.8695156418488101,-0.9208130291022882,-0.4888099262993303,-1.4343118756696125,1.0066890377827438,Medium
2.1494142407927908,-2.1494142407927908,0.0,-0.45188435257750426,-2.0684199989197882,-1.3807595970854492,3.900315120811859,0.9566055436166422,1.0066890377827438,High
-0.023706774714625855,0.023706774714625855,0.0,-0.6835407192440307,0.7112992769168694,-0.6908397451107079,0.6662229808351933,-1.004875251817227,1.0066890377827438,Low
-0.4188196866250652,0.4188196866250652,0.0,0.9380538474216543,-0.44691708801507124,-0.9208130291022882,0.43521639940828855,0.6122824848521166,1.0066890377827438,High
-0.6163761425802848,0.6163761425802848,0.0,0.9380538474216543,-0.21527381502868312,0.6889999588387746,-1.412836252006949,-0.13052681046011763,1.0066890377827438,Low
1.161631961016692,-1.161631961016692,0.0,0.24308474742207503,-1.6051334529470118,0.4590266748471942,0.8972295622620979,-0.32783552952742984,-0.993355408143237,Medium
-0.6163761425802848,0.6163761425802848,0.0,0.011428380755548613,0.7112992769168694,-1.1507863130938687,0.43521639940828855,-1.732209353477123,1.0066890377827438,Low
-0.6163761425802848,0.6163761425802848,0.0,-0.6835407192440307,1.4062290958760337,-0.0009198931359666289,-0.719816507726235,1.312534997620421,1.0066890377827438,Medium
-0.4188196866250652,0.4188196866250652,0.0,0.7063974807551279,-0.21527381502868312,-1.1507863130938687,0.6662229808351933,-0.49032506287698124,1.0066890377827438,High
0.7665190491062528,-0.7665190491062528,0.0,-0.6835407192440307,-0.21527381502868312,-0.0009198931359666289,0.8972295622620979,-1.298903931211653,-0.993355408143237,High
1.359188416971912,-1.359188416971912,0.0,-1.3785098192436098,-0.21527381502868312,1.6088930948050963,-0.026796763445520868,-0.5058002565293195,1.0066890377827438,Medium
-0.4188196866250652,0.4188196866250652,0.0,-0.915197085910557,1.4062290958760337,-0.23089317712754703,-0.25780334487242557,0.480743338807242,1.0066890377827438,Medium
-0.22126323066984552,0.22126323066984552,0.0,-0.2202279859109778,0.47965600393048125,-1.1507863130938687,0.8972295622620979,-1.732209353477123,-0.993355408143237,Low
-0.023706774714625855,0.023706774714625855,0.0,-0.2202279859109778,0.24801273094409315,-1.3807595970854492,1.3592427251159074,0.11707628797729361,1.0066890377827438,High
-1.6041584223563832,1.6041584223563832,0.0,0.7063974807551279,1.1745858228896457,-1.1507863130938687,-0.719816507726235,-0.32009793270126075,1.0066890377827438,High
-0.023706774714625855,0.023706774714625855,0.0,1.401366580754707,-1.3734901799606238,1.6088930948050963,-1.643842833433854,-0.7301905644882236,-0.993355408143237,High
-1.0114890544907242,1.0114890544907242,0.0,2.0963356807542866,-0.9102036339878475,-0.9208130291022882,-0.25780334487242557,-1.124808002622848,-0.993355408143237,Medium
-0.023706774714625855,0.023706774714625855,0.0,0.7063974807551279,-0.6785603610014593,0.6889999588387746,-0.719816507726235,-0.32009793270126075,1.0066890377827438,Low
-0.023706774714625855,0.023706774714625855,0.0,1.1697102140881808,-1.1418469069742356,0.6889999588387746,-0.719816507726235,0.8018536070932598,-0.993355408143237,Low
0.7665190491062528,-0.7665190491062528,0.0,0.011428380755548613,-0.9102036339878475,0.4590266748471942,0.43521639940828855,1.1848646499886306,-0.993355408143237,High
0.7665190491062528,-0.7665190491062528,0.0,0.011428380755548613,-0.9102036339878475,1.6088930948050963,-0.719816507726235,-0.08797002791618751,1.0066890377827438,Low
-0.4188196866250652,0.4188196866250652,0.0,0.011428380755548613,0.47965600393048125,-0.46086646111912744,-0.026796763445520868,0.5000873308726648,1.0066890377827438,Low
-0.6163761425802848,0.6163761425802848,0.0,0.011428380755548613,0.7112992769168694,0.2290533908556138,-0.9508230891531397,-0.18468998824330143,-0.993355408143237,Low
0.5689625931510331,-0.5689625931510331,0.0,-0.45188435257750426,-0.21527381502868312,0.6889999588387746,-0.026796763445520868,-1.6857837725201084,-0.993355408143237,Low
0.7665190491062528,-0.7665190491062528,0.0,0.011428380755548613,-0.9102036339878475,-0.0009198931359666289,0.8972295622620979,1.347354183338182,-0.993355408143237,High
0.9640755050614725,-0.9640755050614725,0.0,-1.1468534525770835,0.016369457957705016,0.918973242830355,0.20420981798138385,-1.724471756650954,-0.993355408143237,Low
-0.22126323066984552,0.22126323066984552,0.0,1.1697102140881808,-0.9102036339878475,-0.0009198931359666289,-0.25780334487242557,0.5387753150035104,1.0066890377827438,High
-0.023706774714625855,0.023706774714625855,0.0,0.011428380755548613,0.016369457957705016,-0.6908397451107079,0.6662229808351933,-0.6179954105087715,-0.993355408143237,Medium
-0.8139325985355046,0.8139325985355046,0.0,1.86467931408776,-0.9102036339878475,0.2290533908556138,-1.1818296705800444,-1.020350445469565,-0.993355408143237,Low
-0.8139325985355046,0.8139325985355046,0.0,0.4747411140886015,0.47965600393048125,-1.6107328810770296,0.6662229808351933,1.622038870667185,1.0066890377827438,Low
0.7665190491062528,-0.7665190491062528,0.0,-0.45188435257750426,-0.44691708801507124,0.6889999588387746,0.20420981798138385,-1.3878862947125978,1.0066890377827438,Medium
0.5689625931510331,-0.5689625931510331,0.0,-0.915197085910557,0.24801273094409315,0.4590266748471942,0.20420981798138385,1.4169925547737041,-0.993355408143237,High
-1.6041584223563832,1.6041584223563832,0.0,0.9380538474216543,0.9429425499032575,-1.3807595970854492,-0.4888099262993303,-1.1789711804060319,-0.993355408143237,Medium
1.359188416971912,-1.359188416971912,0.0,-0.2202279859109778,-1.3734901799606238,0.6889999588387746,0.8972295622620979,1.018506318225995,1.0066890377827438,Low
0.3714061371958135,-0.3714061371958135,0.0,-0.915197085910557,0.47965600393048125,-0.23089317712754703,0.6662229808351933,-1.3917550931256824,-0.993355408143237,High
-0.22126323066984552,0.22126323066984552,0.0,0.24308474742207503,0.016369457957705016,-0.0009198931359666289,-0.25780334487242557,-1.654833385215432,-0.993355408143237,Medium
-1.4066019664011635,1.4066019664011635,0.0,1.401366580754707,0.24801273094409315,-1.8407061650686098,0.20420981798138385,-1.592932610606079,-0.993355408143237,Medium
-1.2090455104459439,1.2090455104459439,0.0,-0.915197085910557,2.3328021878215863,-2.0706794490601905,0.6662229808351933,-0.2620659565049926,-0.993355408143237,High
-0.8139325985355046,0.8139325985355046,0.0,-0.2202279859109778,1.1745858228896457,-0.6908397451107079,-0.25780334487242557,0.47300574198107287,1.0066890377827438,Medium
-1.4066019664011635,1.4066019664011635,0.0,1.1697102140881808,0.47965600393048125,-1.1507863130938687,-0.4888099262993303,0.9643431404428112,1.0066890377827438,Low
-0.22126323066984552,0.22126323066984552,0.0,-0.6835407192440307,0.9429425499032575,-0.0009198931359666289,-0.25780334487242557,0.30277861180535237,1.0066890377827438,Medium
-1.4066019664011635,1.4066019664011635,0.0,-0.915197085910557,2.5644454608079745,-1.8407061650686098,0.20420981798138385,0.20218985306515386,-0.993355408143237,Low
0.7665190491062528,-0.7665190491062528,0.0,-1.1468534525770835,0.24801273094409315,1.378919810813516,-0.4888099262993303,-1.5426382312359799,1.0066890377827438,High
0.5689625931510331,-0.5689625931510331,0.0,0.24308474742207503,-0.9102036339878475,0.918973242830355,-0.25780334487242557,1.6529892579718617,1.0066890377827438,Medium
0.5689625931510331,-0.5689625931510331,0.0,0.011428380755548613,-0.6785603610014593,1.8388663787966766,-1.1818296705800444,0.8328039943979363,-0.993355408143237,Medium
0.5689625931510331,-0.5689625931510331,0.0,0.011428380755548613,-0.6785603610014593,-0.46086646111912744,1.1282361436890027,-0.4980626597031504,1.0066890377827438,Low
-0.023706774714625855,0.023706774714625855,0.0,0.4747411140886015,-0.44691708801507124,0.6889999588387746,-0.719816507726235,0.2718282245006759,-0.993355408143237,Medium
1.7543013288823512,-1.7543013288823512,0.0,-0.2202279859109778,-1.8367767259334,0.6889999588387746,1.3592427251159074,-0.7147153708358854,-0.993355408143237,Low
-1.9992713342668227,1.9992713342668227,0.0,1.401366580754707,0.9429425499032575,-1.1507863130938687,-1.1818296705800444,-0.24659076285265435,-0.993355408143237,Medium
1.161631961016692,-1.161631961016692,0.0,-0.2202279859109778,-1.1418469069742356,1.378919810813516,-0.026796763445520868,-0.27754115015733083,-0.993355408143237,Low
0.17384968124059383,-0.17384968124059383,0.0,0.7063974807551279,-0.9102036339878475,-0.46086646111912744,0.6662229808351933,-1.600670207432248,-0.993355408143237,Medium
-0.023706774714625855,0.023706774714625855,0.0,0.7063974807551279,-0.6785603610014593,-0.23089317712754703,0.20420981798138385,-0.21950917396106245,-0.993355408143237,Medium
0.5689625931510331,-0.5689625931510331,0.0,0.9380538474216543,-1.6051334529470118,-0.46086646111912744,1.1282361436890027,0.047437916541772006,1.0066890377827438,Low
-0.8139325985355046,0.8139325985355046,0.0,1.1697102140881808,-0.21527381502868312,-0.9208130291022882,-0.026796763445520868,1.3318789896858438,-0.993355408143237,Low
-1.6041584223563832,1.6041584223563832,0.0,0.4747411140886015,1.4062290958760337,-1.1507863130938687,-0.719816507726235,-0.15760839935170953,-0.993355408143237,High
0.7665190491062528,-0.7665190491062528,0.0,-1.6101661859101364,0.7112992769168694,0.4590266748471942,0.43521639940828855,-0.40908029620220554,1.0066890377827438,Low
0.9640755050614725,-0.9640755050614725,0.0,0.011428380755548613,-1.1418469069742356,0.2290533908556138,0.8972295622620979,0.2679594260875913,1.0066890377827438,High
1.7543013288823512,-1.7543013288823512,0.0,-1.6101661859101364,-0.44691708801507124,1.8388663787966766,0.20420981798138385,-1.647095788389263,-0.993355408143237,Low
0.17384968124059383,-0.17384968124059383,0.0,0.24308474742207503,-0.44691708801507124,-0.0009198931359666289,0.20420981798138385,-0.8191729279891682,1.0066890377827438,Medium
-1.8017148783116028,1.8017148783116028,0.0,0.24308474742207503,1.8695156418488101,0.2290533908556138,-2.336862577714568,-0.7804849438583229,-0.993355408143237,Medium
-0.22126323066984552,0.22126323066984552,0.0,0.9380538474216543,-0.6785603610014593,-0.46086646111912744,0.20420981798138385,-1.2486095518415539,1.0066890377827438,Low
0.17384968124059383,-0.17384968124059383,0.0,-1.8418225525766627,1.637872368862422,0.918973242830355,-0.719816507726235,-1.5000814486920497,-0.993355408143237,Low
-0.4188196866250652,0.4188196866250652,0.0,0.24308474742207503,0.24801273094409315,-0.0009198931359666289,-0.4888099262993303,1.1771270531624616,-0.993355408143237,High
1.161631961016692,-1.161631961016692,0.0,-1.8418225525766627,0.47965600393048125,1.1489465268219354,0.20420981798138385,-0.8539921137069292,-0.993355408143237,Low
1.161631961016692,-1.161631961016692,0.0,-0.915197085910557,-0.44691708801507124,1.1489465268219354,0.20420981798138385,1.4634181357307188,1.0066890377827438,Medium
0.17384968124059383,-0.17384968124059383,0.0,0.9380538474216543,-1.1418469069742356,0.2290533908556138,-0.026796763445520868,-1.6432269899761782,-0.993355408143237,Medium
-1.0114890544907242,1.0114890544907242,0.0,0.011428380755548613,1.1745858228896457,-0.46086646111912744,-0.719816507726235,-0.38199870731061364,1.0066890377827438,High
1.161631961016692,-1.161631961016692,0.0,-0.2202279859109778,-1.1418469069742356,-0.23089317712754703,1.590249306542812,1.4595493373176343,-0.993355408143237,High
0.9640755050614725,-0.9640755050614725,0.0,-1.3785098192436098,0.24801273094409315,1.1489465268219354,-0.026796763445520868,0.047437916541772006,1.0066890377827438,High
-0.8139325985355046,0.8139325985355046,0.0,-0.2202279859109778,1.1745858228896457,-0.0009198931359666289,-0.9508230891531397,1.6684644516241998,1.0066890377827438,Low
-0.023706774714625855,0.023706774714625855,0.0,0.7063974807551279,-0.6785603610014593,-0.6908397451107079,0.6662229808351933,-1.0822512200789178,-0.993355408143237,High
0.17384968124059383,-0.17384968124059383,0.0,0.7063974807551279,-0.9102036339878475,0.4590266748471942,-0.25780334487242557,-0.6876337819442935,1.0066890377827438,High
0.3714061371958135,-0.3714061371958135,0.0,0.24308474742207503,-0.6785603610014593,1.1489465268219354,-0.719816507726235,0.047437916541772006,-0.993355408143237,High
0.17384968124059383,-0.17384968124059383,0.0,-0.45188435257750426,0.24801273094409315,-0.6908397451107079,0.8972295622620979,0.7283464372446532,1.0066890377827438,Medium
0.9640755050614725,-0.9640755050614725,0.0,-0.6835407192440307,-0.44691708801507124,-0.6908397451107079,1.821255887969717,-0.34717952159285265,-0.993355408143237,Medium
0.7665190491062528,-0.7665190491062528,0.0,-1.6101661859101364,0.7112992769168694,1.8388663787966766,-0.9508230891531397,-0.033806850133003705,-0.993355408143237,High
-1.4066019664011635,1.4066019664011635,0.0,0.24308474742207503,1.4062290958760337,-2.0706794490601905,0.43521639940828855,-0.6876337819442935,-0.993355408143237,Low
0.17384968124059383,-0.17384968124059383,0.0,0.011428380755548613,-0.21527381502868312,0.918973242830355,-0.719816507726235,1.018506318225995,1.0066890377827438,High
0.7665190491062528,-0.7665190491062528,0.0,0.9380538474216543,-1.8367767259334,1.378919810813516,-0.4888099262993303,-0.5174066517685731,-0.993355408143237,Low
-0.4188196866250652,0.4188196866250652,0.0,0.9380538474216543,-0.44691708801507124,-1.3807595970854492,0.8972295622620979,-0.9584496708602123,1.0066890377827438,Low
-1.0114890544907242,1.0114890544907242,0.0,0.7063974807551279,0.47965600393048125,-1.8407061650686098,0.6662229808351933,1.6297764674933544,1.0066890377827438,Medium
0.7665190491062528,-0.7665190491062528,0.0,-0.2202279859109778,-0.6785603610014593,1.378919810813516,-0.4888099262993303,-0.09183882632927207,-0.993355408143237,Medium
-0.6163761425802848,0.6163761425802848,0.0,1.1697102140881808,-0.44691708801507124,0.2290533908556138,-0.9508230891531397,-0.8810737025985211,1.0066890377827438,Low
0.5689625931510331,-0.5689625931510331,0.0,0.011428380755548613,-0.6785603610014593,0.6889999588387746,-0.026796763445520868,0.004881133997841872,-0.993355408143237,Medium
0.17384968124059383,-0.17384968124059383,0.0,0.011428380755548613,-0.21527381502868312,-0.46086646111912744,0.6662229808351933,-1.3801486978864286,-0.993355408143237,Low
-0.8139325985355046,0.8139325985355046,0.0,0.4747411140886015,0.47965600393048125,-0.9208130291022882,-0.026796763445520868,-0.9042864930770285,-0.993355408143237,High
-0.8139325985355046,0.8139325985355046,0.0,0.7063974807551279,0.24801273094409315,-0.0009198931359666289,-0.9508230891531397,0.7012648483530614,1.0066890377827438,Medium
-0.22126323066984552,0.22126323066984552,0.0,0.4747411140886015,-0.21527381502868312,-1.1507863130938687,0.8972295622620979,-1.0358256391219032,1.0066890377827438,High
-0.4188196866250652,0.4188196866250652,0.0,1.6330229474212337,-1.1418469069742356,0.4590266748471942,-0.9508230891531397,1.2854534087288292,1.0066890377827438,Low
-1.0114890544907242,1.0114890544907242,0.0,0.4747411140886015,0.7112992769168694,-0.6908397451107079,-0.4888099262993303,1.1732582547493768,-0.993355408143237,Low
-0.6163761425802848,0.6163761425802848,0.0,-0.45188435257750426,1.1745858228896457,-0.23089317712754703,-0.4888099262993303,0.14802667528197005,1.0066890377827438,Low
0.5689625931510331,-0.5689625931510331,0.0,-1.6101661859101364,0.9429425499032575,0.4590266748471942,0.20420981798138385,-1.2872975359723995,1.0066890377827438,High
1.161631961016692,-1.161631961016692,0.0,-0.2202279859109778,-1.1418469069742356,0.6889999588387746,0.6662229808351933,0.7283464372446532,1.0066890377827438,Medium
-0.4188196866250652,0.4188196866250652,0.0,-0.6835407192440307,1.1745858228896457,0.2290533908556138,-0.719816507726235,0.6277576785044547,1.0066890377827438,High
0.7665190491062528,-0.7665190491062528,0.0,-0.45188435257750426,-0.44691708801507124,1.378919810813516,-0.4888099262993303,1.6645956532111152,1.0066890377827438,Medium
1.7543013288823512,-1.7543013288823512,0.0,-1.1468534525770835,-0.9102036339878475,0.2290533908556138,1.821255887969717,-1.341460713755583,-0.993355408143237,Low
-0.6163761425802848,0.6163761425802848,0.0,-0.2202279859109778,0.9429425499032575,-0.6908397451107079,-0.026796763445520868,-0.8230417264022528,1.0066890377827438,Medium
-0.22126323066984552,0.22126323066984552,0.0,0.9380538474216543,-0.6785603610014593,0.2290533908556138,-0.4888099262993303,-1.600670207432248,-0.993355408143237,Medium
0.17384968124059383,-0.17384968124059383,0.0,0.011428380755548613,-0.21527381502868312,1.6088930948050963,-1.412836252006949,1.4943685230353951,-0.993355408143237,Medium
-0.023706774714625855,0.023706774714625855,0.0,-0.45188435257750426,0.47965600393048125,-1.8407061650686098,1.821255887969717,-1.2486095518415539,1.0066890377827438,Medium
-1.0114890544907242,1.0114890544907242,0.0,-0.45188435257750426,1.637872368862422,-0.0009198931359666289,-1.1818296705800444,-0.34717952159285265,1.0066890377827438,Low
0.3714061371958135,-0.3714061371958135,0.0,-0.45188435257750426,0.016369457957705016,-1.1507863130938687,1.590249306542812,-0.6876337819442935,-0.993355408143237,Low
0.17384968124059383,-0.17384968124059383,0.0,-0.45188435257750426,0.24801273094409315,0.2290533908556138,-0.026796763445520868,1.389910965882112,-0.993355408143237,Low
-0.22126323066984552,0.22126323066984552,0.0,0.24308474742207503,0.016369457957705016,-1.3807595970854492,1.1282361436890027,1.4943685230353951,1.0066890377827438,Low
-0.023706774714625855,0.023706774714625855,0.0,-0.6835407192440307,0.7112992769168694,0.2290533908556138,-0.25780334487242557,-1.2253967613630465,1.0066890377827438,Low
-0.8139325985355046,0.8139325985355046,0.0,1.401366580754707,-0.44691708801507124,0.4590266748471942,-1.412836252006949,0.07065070702027892,-0.993355408143237,Low
0.17384968124059383,-0.17384968124059383,0.0,0.9380538474216543,-1.1418469069742356,-0.6908397451107079,0.8972295622620979,-1.4497870693219506,1.0066890377827438,Low
0.3714061371958135,-0.3714061371958135,0.0,-0.45188435257750426,0.016369457957705016,-0.46086646111912744,0.8972295622620979,-1.689652570933193,-0.993355408143237,Medium
1.9518577848375709,-1.9518577848375709,0.0,-0.45188435257750426,-1.8367767259334,1.6088930948050963,0.6662229808351933,-1.5658510217144872,-0.993355408143237,High
-0.8139325985355046,0.8139325985355046,0.0,0.9380538474216543,0.016369457957705016,-0.46086646111912744,-0.4888099262993303,-0.3626547152451909,1.0066890377827438,Medium
-0.6163761425802848,0.6163761425802848,0.0,-0.915197085910557,1.637872368862422,-0.46086646111912744,-0.25780334487242557,-1.4691310613873731,-0.993355408143237,Medium
0.7665190491062528,-0.7665190491062528,0.0,0.24308474742207503,-1.1418469069742356,-0.6908397451107079,1.590249306542812,-1.2447407534284693,-0.993355408143237,High
-0.8139325985355046,0.8139325985355046,0.0,-0.2202279859109778,1.1745858228896457,-1.1507863130938687,0.20420981798138385,0.5039561292857494,1.0066890377827438,Low
-1.0114890544907242,1.0114890544907242,0.0,2.0963356807542866,-0.9102036339878475,-0.0009198931359666289,-1.1818296705800444,-1.620014199497671,-0.993355408143237,Low
-1.2090455104459439,1.2090455104459439,0.0,0.7063974807551279,0.7112992769168694,-0.0009198931359666289,-1.412836252006949,-1.1983151724714547,-0.993355408143237,High
0.3714061371958135,-0.3714061371958135,0.0,0.9380538474216543,-1.3734901799606238,-0.23089317712754703,0.6662229808351933,-0.14213320569937132,-0.993355408143237,High
0.17384968124059383,-0.17384968124059383,0.0,0.24308474742207503,-0.44691708801507124,-1.1507863130938687,1.3592427251159074,1.389910965882112,1.0066890377827438,High
1.5567448729271316,-1.5567448729271316,0.0,-1.3785098192436098,-0.44691708801507124,0.6889999588387746,1.1282361436890027,1.2235526341194762,-0.993355408143237,Low
-1.2090455104459439,1.2090455104459439,0.0,-0.6835407192440307,2.101158914835198,-0.9208130291022882,-0.4888099262993303,-1.5774574169537408,-0.993355408143237,Low
-0.4188196866250652,0.4188196866250652,0.0,1.401366580754707,-0.9102036339878475,-0.46086646111912744,-0.026796763445520868,-0.8423857184676755,-0.993355408143237,High
0.17384968124059383,-0.17384968124059383,0.0,-0.2202279859109778,0.016369457957705016,0.918973242830355,-0.719816507726235,-0.15760839935170953,1.0066890377827438,High
0.7665190491062528,-0.7665190491062528,0.0,0.9380538474216543,-1.8367767259334,-0.23089317712754703,1.1282361436890027,1.3860421674690275,-0.993355408143237,High
-0.22126323066984552,0.22126323066984552,0.0,0.011428380755548613,0.24801273094409315,-0.46086646111912744,0.20420981798138385,-0.7843537422714074,1.0066890377827438,Medium
-0.22126323066984552,0.22126323066984552,0.0,-1.1468534525770835,1.4062290958760337,-0.46086646111912744,0.20420981798138385,-1.0435632359480724,1.0066890377827438,High
-1.0114890544907242,1.0114890544907242,0.0,0.7063974807551279,0.47965600393048125,-0.9208130291022882,-0.25780334487242557,1.6259076690802696,-0.993355408143237,Medium
-0.22126323066984552,0.22126323066984552,0.0,-0.45188435257750426,0.7112992769168694,1.1489465268219354,-1.412836252006949,-0.5174066517685731,1.0066890377827438,Medium
-1.2090455104459439,1.2090455104459439,0.0,0.9380538474216543,0.47965600393048125,-0.9208130291022882,-0.4888099262993303,-0.5174066517685731,1.0066890377827438,High
1.161631961016692,-1.161631961016692,0.0,0.011428380755548613,-1.3734901799606238,1.1489465268219354,0.20420981798138385,0.31051620863152146,1.0066890377827438,High
-1.0114890544907242,1.0114890544907242,0.0,0.7063974807551279,0.47965600393048125,-0.46086646111912744,-0.719816507726235,-0.6334706041611097,-0.993355408143237,Low
-0.023706774714625855,0.023706774714625855,0.0,0.011428380755548613,0.016369457957705016,-0.23089317712754703,0.20420981798138385,-0.8153041295760837,-0.993355408143237,Medium
1.359188416971912,-1.359188416971912,0.0,-1.1468534525770835,-0.44691708801507124,0.918973242830355,0.6662229808351933,1.041719108704502,1.0066890377827438,Low
-0.4188196866250652,0.4188196866250652,0.0,-0.45188435257750426,0.9429425499032575,0.4590266748471942,-0.9508230891531397,-0.5290130470078268,1.0066890377827438,Medium
-1.8017148783116028,1.8017148783116028,0.0,1.401366580754707,0.7112992769168694,-1.6107328810770296,-0.4888099262993303,-0.0028564628283272433,-0.993355408143237,High
-0.023706774714625855,0.023706774714625855,0.0,0.011428380755548613,0.016369457957705016,-0.0009198931359666289,-0.026796763445520868,0.36467938641470526,1.0066890377827438,Low
-1.0114890544907242,1.0114890544907242,0.0,1.6330229474212337,-0.44691708801507124,-1.6107328810770296,0.43521639940828855,0.6896584531138077,-0.993355408143237,Low
-0.22126323066984552,0.22126323066984552,0.0,0.24308474742207503,0.016369457957705016,-0.46086646111912744,0.20420981798138385,0.9566055436166422,-0.993355408143237,Low
0.7665190491062528,-0.7665190491062528,0.0,0.24308474742207503,-1.1418469069742356,0.4590266748471942,0.43521639940828855,-1.4652622629742886,-0.993355408143237,High
0.5689625931510331,-0.5689625931510331,0.0,-0.2202279859109778,-0.44691708801507124,0.4590266748471942,0.20420981798138385,-0.8423857184676755,-0.993355408143237,High
1.161631961016692,-1.161631961016692,0.0,-0.6835407192440307,-0.6785603610014593,1.378919810813516,-0.026796763445520868,-0.34717952159285265,1.0066890377827438,Low
0.5689625931510331,-0.5689625931510331,0.0,-1.3785098192436098,0.7112992769168694,0.918973242830355,-0.25780334487242557,1.4169925547737041,-0.993355408143237,High
-0.8139325985355046,0.8139325985355046,0.0,0.011428380755548613,0.9429425499032575,-0.6908397451107079,-0.25780334487242557,1.4169925547737041,1.0066890377827438,Medium
1.359188416971912,-1.359188416971912,0.0,-1.3785098192436098,-0.21527381502868312,0.6889999588387746,0.8972295622620979,1.2235526341194762,-0.993355408143237,Medium
-1.4066019664011635,1.4066019664011635,0.0,1.401366580754707,0.24801273094409315,-0.46086646111912744,-1.1818296705800444,1.0030311245736567,1.0066890377827438,Medium
-0.22126323066984552,0.22126323066984552,0.0,-0.915197085910557,1.1745858228896457,0.2290533908556138,-0.4888099262993303,0.28730341815301413,-0.993355408143237,Low
1.7543013288823512,-1.7543013288823512,0.0,-0.6835407192440307,-1.3734901799606238,1.6088930948050963,0.43521639940828855,0.07065070702027892,1.0066890377827438,Low
-1.4066019664011635,1.4066019664011635,0.0,0.4747411140886015,1.1745858228896457,-2.0706794490601905,0.43521639940828855,-0.2814099485704154,-0.993355408143237,High
-1.2090455104459439,1.2090455104459439,0.0,0.011428380755548613,1.4062290958760337,-0.23089317712754703,-1.1818296705800444,0.6741832594614694,1.0066890377827438,Medium
1.5567448729271316,-1.5567448729271316,0.0,-1.3785098192436098,-0.44691708801507124,1.378919810813516,0.43521639940828855,-0.18468998824330143,1.0066890377827438,Low
-1.9992713342668227,1.9992713342668227,0.0,0.4747411140886015,1.8695156418488101,-0.6908397451107079,-1.643842833433854,-0.3123603358750916,-0.993355408143237,High
-0.6163761425802848,0.6163761425802848,0.0,-0.6835407192440307,1.4062290958760337,1.8388663787966766,-2.567869159141473,-0.6644209914657861,1.0066890377827438,High
-0.4188196866250652,0.4188196866250652,0.0,1.1697102140881808,-0.6785603610014593,0.4590266748471942,-0.9508230891531397,-0.6296018057480252,-0.993355408143237,High
-0.4188196866250652,0.4188196866250652,0.0,1.1697102140881808,-0.6785603610014593,-0.6908397451107079,0.20420981798138385,1.4556805389045495,1.0066890377827438,Medium
0.3714061371958135,-0.3714061371958135,0.0,0.011428380755548613,-0.44691708801507124,1.378919810813516,-0.9508230891531397,0.41110496737172,-0.993355408143237,Medium
0.3714061371958135,-0.3714061371958135,0.0,0.4747411140886015,-0.9102036339878475,1.8388663787966766,-1.412836252006949,-0.6605521930527016,-0.993355408143237,High
0.7665190491062528,-0.7665190491062528,0.0,0.4747411140886015,-1.3734901799606238,1.378919810813516,-0.4888099262993303,-0.6373394025741942,-0.993355408143237,Low
-1.0114890544907242,1.0114890544907242,0.0,-0.45188435257750426,1.637872368862422,-0.0009198931359666289,-1.1818296705800444,-1.4188366820172742,1.0066890377827438,High
1.9518577848375709,-1.9518577848375709,0.0,-0.6835407192440307,-1.6051334529470118,1.378919810813516,0.8972295622620979,1.1771270531624616,1.0066890377827438,Medium
-0.4188196866250652,0.4188196866250652,0.0,0.4747411140886015,0.016369457957705016,-0.9208130291022882,0.43521639940828855,0.5194313229380876,-0.993355408143237,Medium
0.5689625931510331,-0.5689625931510331,0.0,-0.915197085910557,0.24801273094409315,-0.23089317712754703,0.8972295622620979,-0.4322930866807129,1.0066890377827438,Medium
-1.6041584223563832,1.6041584223563832,0.0,0.7063974807551279,1.1745858228896457,-1.1507863130938687,-0.719816507726235,-0.07636363267693383,1.0066890377827438,Medium
0.17384968124059383,-0.17384968124059383,0.0,-0.2202279859109778,0.016369457957705016,0.2290533908556138,-0.026796763445520868,1.4247301515998732,-0.993355408143237,High
0.3714061371958135,-0.3714061371958135,0.0,0.7063974807551279,-1.1418469069742356,0.6889999588387746,-0.25780334487242557,0.33759779752311336,-0.993355408143237,High
0.5689625931510331,-0.5689625931510331,0.0,0.7063974807551279,-1.3734901799606238,-0.23089317712754703,0.8972295622620979,1.509843716687733,1.0066890377827438,Low
0.3714061371958135,-0.3714061371958135,0.0,0.4747411140886015,-0.9102036339878475,-1.6107328810770296,2.0522624693966214,0.6664456626353004,-0.993355408143237,High
-0.8139325985355046,0.8139325985355046,0.0,0.011428380755548613,0.9429425499032575,-0.9208130291022882,-0.026796763445520868,-1.4691310613873731,-0.993355408143237,Medium
-0.023706774714625855,0.023706774714625855,0.0,0.4747411140886015,-0.44691708801507124,-0.23089317712754703,0.20420981798138385,-0.9042864930770285,-0.993355408143237,Low
-0.4188196866250652,0.4188196866250652,0.0,0.24308474742207503,0.24801273094409315,-0.9208130291022882,0.43521639940828855,1.138439069031616,1.0066890377827438,Medium
0.17384968124059383,-0.17384968124059383,0.0,-0.2202279859109778,0.016369457957705016,-0.23089317712754703,0.43521639940828855,-0.4787186676377276,-0.993355408143237,High
0.3714061371958135,-0.3714061371958135,0.0,0.24308474742207503,-0.6785603610014593,1.6088930948050963,-1.1818296705800444,1.6529892579718617,-0.993355408143237,Medium
-0.023706774714625855,0.023706774714625855,0.0,1.401366580754707,-1.3734901799606238,0.2290533908556138,-0.25780334487242557,-0.2891475453965845,-0.993355408143237,High
0.5689625931510331,-0.5689625931510331,0.0,-1.1468534525770835,0.47965600393048125,0.2290533908556138,0.43521639940828855,-1.6393581915630937,-0.993355408143237,Medium
1.359188416971912,-1.359188416971912,0.0,-0.45188435257750426,-1.1418469069742356,-0.0009198931359666289,1.590249306542812,1.7032836373419609,1.0066890377827438,Medium
-1.0114890544907242,1.0114890544907242,0.0,0.4747411140886015,0.7112992769168694,-1.1507863130938687,-0.026796763445520868,-1.4072302867780204,1.0066890377827438,Low
-0.6163761425802848,0.6163761425802848,0.0,0.24308474742207503,0.47965600393048125,-0.0009198931359666289,-0.719816507726235,-0.9894000581648887,1.0066890377827438,Medium
0.9640755050614725,-0.9640755050614725,0.0,-0.915197085910557,-0.21527381502868312,-1.3807595970854492,2.514275632250431,-1.558113424888318,-0.993355408143237,Medium
-1.0114890544907242,1.0114890544907242,0.0,0.011428380755548613,1.1745858228896457,0.4590266748471942,-1.643842833433854,0.6896584531138077,1.0066890377827438,Low
-0.8139325985355046,0.8139325985355046,0.0,2.3279920474208127,-1.3734901799606238,-1.1507863130938687,0.20420981798138385,-0.4516370787461357,-0.993355408143237,Medium
0.5689625931510331,-0.5689625931510331,0.0,0.24308474742207503,-0.9102036339878475,-0.23089317712754703,0.8972295622620979,-0.49032506287698124,-0.993355408143237,Low
-1.9992713342668227,1.9992713342668227,0.0,1.1697102140881808,1.1745858228896457,0.4590266748471942,-2.7988757405683775,0.30277861180535237,1.0066890377827438,Low
-2.3943842461772618,2.3943842461772618,0.0,0.9380538474216543,1.8695156418488101,-1.3807595970854492,-1.412836252006949,1.208077440467138,1.0066890377827438,Medium
1.359188416971912,-1.359188416971912,0.0,-0.2202279859109778,-1.3734901799606238,-0.0009198931359666289,1.590249306542812,-0.7998289359237454,-0.993355408143237,Medium
0.7665190491062528,-0.7665190491062528,0.0,0.7063974807551279,-1.6051334529470118,0.918973242830355,-0.026796763445520868,1.1152262785531086,-0.993355408143237,High
-0.4188196866250652,0.4188196866250652,0.0,-0.6835407192440307,1.1745858228896457,0.2290533908556138,-0.719816507726235,-1.055169631187326,-0.993355408143237,Medium
1.161631961016692,-1.161631961016692,0.0,-0.2202279859109778,-1.1418469069742356,0.4590266748471942,0.8972295622620979,0.7941160102670908,-0.993355408143237,Low
-0.22126323066984552,0.22126323066984552,0.0,1.1697102140881808,-0.9102036339878475,0.918973242830355,-1.1818296705800444,0.14028907845580096,-0.993355408143237,Medium
0.17384968124059383,-0.17384968124059383,0.0,0.011428380755548613,-0.21527381502868312,0.4590266748471942,-0.25780334487242557,-0.2891475453965845,1.0066890377827438,High
0.9640755050614725,-0.9640755050614725,0.0,-0.915197085910557,-0.21527381502868312,0.918973242830355,0.20420981798138385,0.8328039943979363,-0.993355408143237,High
-0.023706774714625855,0.023706774714625855,0.0,0.9380538474216543,-0.9102036339878475,-0.6908397451107079,0.6662229808351933,-1.0435632359480724,1.0066890377827438,High
-0.8139325985355046,0.8139325985355046,0.0,-0.45188435257750426,1.4062290958760337,0.4590266748471942,-1.412836252006949,-1.4962126502789652,1.0066890377827438,Low
0.3714061371958135,-0.3714061371958135,0.0,0.011428380755548613,-0.44691708801507124,-0.23089317712754703,0.6662229808351933,-0.4864562644638967,-0.993355408143237,Low
-0.22126323066984552,0.22126323066984552,0.0,-1.6101661859101364,1.8695156418488101,-0.0009198931359666289,-0.25780334487242557,-0.873336105772352,-0.993355408143237,High
1.359188416971912,-1.359188416971912,0.0,-2.0734789192431893,0.47965600393048125,1.1489465268219354,0.43521639940828855,-1.0358256391219032,1.0066890377827438,Low
0.5689625931510331,-0.5689625931510331,0.0,0.24308474742207503,-0.9102036339878475,-0.23089317712754703,0.8972295622620979,-0.014462858067580915,-0.993355408143237,Medium
-0.023706774714625855,0.023706774714625855,0.0,-0.915197085910557,0.9429425499032575,-1.1507863130938687,1.1282361436890027,1.1771270531624616,1.0066890377827438,Medium
0.17384968124059383,-0.17384968124059383,0.0,-0.6835407192440307,0.47965600393048125,-0.6908397451107079,0.8972295622620979,0.5465129118296791,1.0066890377827438,Medium
-1.9992713342668227,1.9992713342668227,0.0,0.011428380755548613,2.3328021878215863,-1.1507863130938687,-1.1818296705800444,-0.440030683506882,-0.993355408143237,Low
-1.4066019664011635,1.4066019664011635,0.0,1.6330229474212337,0.016369457957705016,-0.9208130291022882,-0.719816507726235,-0.6798961851181243,-0.993355408143237,High
-0.023706774714625855,0.023706774714625855,0.0,-1.1468534525770835,1.1745858228896457,0.6889999588387746,-0.719816507726235,-0.19242758506947055,1.0066890377827438,High
0.7665190491062528,-0.7665190491062528,0.0,-0.915197085910557,0.016369457957705016,0.6889999588387746,0.20420981798138385,-0.8539921137069292,-0.993355408143237,High
-1.6041584223563832,1.6041584223563832,0.0,1.6330229474212337,0.24801273094409315,-0.6908397451107079,-1.1818296705800444,-1.4652622629742886,-0.993355408143237,High
0.7665190491062528,-0.7665190491062528,0.0,-0.6835407192440307,-0.21527381502868312,1.1489465268219354,-0.25780334487242557,0.25248423243525314,1.0066890377827438,Low
-0.22126323066984552,0.22126323066984552,0.0,0.011428380755548613,0.24801273094409315,0.4590266748471942,-0.719816507726235,-0.10344522156852573,1.0066890377827438,Low
0.9640755050614725,-0.9640755050614725,0.0,-0.45188435257750426,-0.6785603610014593,1.1489465268219354,-0.026796763445520868,1.1074886817269394,1.0066890377827438,High
1.359188416971912,-1.359188416971912,0.0,-1.8418225525766627,0.24801273094409315,0.6889999588387746,0.8972295622620979,-0.7688785486190692,1.0066890377827438,High
1.161631961016692,-1.161631961016692,0.0,-1.3785098192436098,0.016369457957705016,0.6889999588387746,0.6662229808351933,0.5813320975474401,1.0066890377827438,Medium
-1.4066019664011635,1.4066019664011635,0.0,-0.45188435257750426,2.101158914835198,-1.1507863130938687,-0.4888099262993303,0.3259914022838597,1.0066890377827438,High
2.34697069674801,-2.34697069674801,0.0,-1.1468534525770835,-1.6051334529470118,2.0688396627882573,0.6662229808351933,-1.376279899473344,-0.993355408143237,Medium
-0.8139325985355046,0.8139325985355046,0.0,0.4747411140886015,0.47965600393048125,-0.0009198931359666289,-0.9508230891531397,-0.7650097502059846,1.0066890377827438,Low
-1.4066019664011635,1.4066019664011635,0.0,0.9380538474216543,0.7112992769168694,-0.6908397451107079,-0.9508230891531397,-0.8307793232284219,1.0066890377827438,High
0.5689625931510331,-0.5689625931510331,0.0,-0.6835407192440307,0.016369457957705016,-0.23089317712754703,0.8972295622620979,-0.17308359300404777,-0.993355408143237,Medium
0.9640755050614725,-0.9640755050614725,0.0,0.9380538474216543,-2.0684199989197882,1.1489465268219354,-0.026796763445520868,0.2911722165660987,-0.993355408143237,High
0.17384968124059383,-0.17384968124059383,0.0,0.7063974807551279,-0.9102036339878475,0.4590266748471942,-0.25780334487242557,-1.6587021836285165,-0.993355408143237,High
-0.023706774714625855,0.023706774714625855,0.0,1.1697102140881808,-1.1418469069742356,-0.46086646111912744,0.43521639940828855,0.19445225623898477,-0.993355408143237,Low
1.359188416971912,-1.359188416971912,0.0,-1.8418225525766627,0.24801273094409315,1.1489465268219354,0.43521639940828855,-1.6354893931500092,-0.993355408143237,High
-1.0114890544907242,1.0114890544907242,0.0,1.86467931408776,-0.6785603610014593,-0.9208130291022882,-0.25780334487242557,0.6587080658091312,1.0066890377827438,Medium
1.7543013288823512,-1.7543013288823512,0.0,0.011428380755548613,-2.0684199989197882,-0.23089317712754703,2.283269050823526,-0.3587859168321063,-0.993355408143237,Medium
-0.023706774714625855,0.023706774714625855,0.0,-0.915197085910557,0.9429425499032575,-0.0009198931359666289,-0.026796763445520868,-1.2756911407331457,1.0066890377827438,Medium
-1.0114890544907242,1.0114890544907242,0.0,-0.45188435257750426,1.637872368862422,-0.9208130291022882,-0.25780334487242557,1.6375140643195234,1.0066890377827438,High
-1.8017148783116028,1.8017148783116028,0.0,-0.2202279859109778,2.3328021878215863,-0.23089317712754703,-1.8748494148607586,-1.047432034361157,-0.993355408143237,Low
0.5689625931510331,-0.5689625931510331,0.0,-1.3785098192436098,0.7112992769168694,-0.6908397451107079,1.3592427251159074,-0.9042864930770285,-0.993355408143237,Low
0.9640755050614725,-0.9640755050614725,0.0,-0.6835407192440307,-0.44691708801507124,0.918973242830355,0.20420981798138385,-0.19629638348255513,-0.993355408143237,Low
-0.6163761425802848,0.6163761425802848,0.0,-0.6835407192440307,1.4062290958760337,-0.0009198931359666289,-0.719816507726235,-0.6760273867050398,1.0066890377827438,High
0.17384968124059383,-0.17384968124059383,0.0,-0.2202279859109778,0.016369457957705016,0.6889999588387746,-0.4888099262993303,-0.3936051025498673,1.0066890377827438,Medium
1.359188416971912,-1.359188416971912,0.0,-0.915197085910557,-0.6785603610014593,1.1489465268219354,0.43521639940828855,0.30664741021843694,-0.993355408143237,High
-0.023706774714625855,0.023706774714625855,0.0,0.24308474742207503,-0.21527381502868312,-0.0009198931359666289,-0.026796763445520868,0.20605865147823843,-0.993355408143237,Medium
-0.023706774714625855,0.023706774714625855,0.0,-0.915197085910557,0.9429425499032575,1.1489465268219354,-1.1818296705800444,1.5330565071662403,1.0066890377827438,High
1.9518577848375709,-1.9518577848375709,0.0,-1.6101661859101364,-0.6785603610014593,2.0688396627882573,0.20420981798138385,-0.865598508946183,-0.993355408143237,Medium
-2.5919407021324816,2.5919407021324816,0.0,1.401366580754707,1.637872368862422,-2.0706794490601905,-0.9508230891531397,1.6800708468634535,-0.993355408143237,Low
-0.8139325985355046,0.8139325985355046,0.0,1.401366580754707,-0.44691708801507124,-0.0009198931359666289,-0.9508230891531397,-0.9700560660994659,-0.993355408143237,Medium
-1.6041584223563832,1.6041584223563832,0.0,1.1697102140881808,0.7112992769168694,-0.46086646111912744,-1.412836252006949,0.5233001213511721,-0.993355408143237,Medium
-1.4066019664011635,1.4066019664011635,0.0,1.401366580754707,0.24801273094409315,0.918973242830355,-2.567869159141473,1.1771270531624616,-0.993355408143237,Medium
-0.8139325985355046,0.8139325985355046,0.0,0.011428380755548613,0.9429425499032575,-1.8407061650686098,0.8972295622620979,-0.4593746755723048,-0.993355408143237,Low
0.3714061371958135,-0.3714061371958135,0.0,-0.915197085910557,0.47965600393048125,-0.0009198931359666289,0.43521639940828855,-1.6393581915630937,-0.993355408143237,High
-0.6163761425802848,0.6163761425802848,0.0,0.011428380755548613,0.7112992769168694,-1.1507863130938687,0.43521639940828855,1.1113574801400241,-0.993355408143237,High
-0.8139325985355046,0.8139325985355046,0.0,0.4747411140886015,0.47965600393048125,-0.9208130291022882,-0.026796763445520868,-1.368542302647175,1.0066890377827438,High
-1.9992713342668227,1.9992713342668227,0.0,1.401366580754707,0.9429425499032575,-0.6908397451107079,-1.643842833433854,-0.23885316602648524,1.0066890377827438,Low
-0.023706774714625855,0.023706774714625855,0.0,1.86467931408776,-1.8367767259334,0.4590266748471942,-0.4888099262993303,-0.27367235174424626,-0.993355408143237,Low
-1.4066019664011635,1.4066019664011635,0.0,1.6330229474212337,0.016369457957705016,-2.3006527330517708,0.6662229808351933,0.028093924476349216,-0.993355408143237,Low
-0.22126323066984552,0.22126323066984552,0.0,1.1697102140881808,-0.9102036339878475,0.6889999588387746,-0.9508230891531397,-0.23885316602648524,-0.993355408143237,Low
-0.4188196866250652,0.4188196866250652,0.0,-0.915197085910557,1.4062290958760337,-0.46086646111912744,-0.026796763445520868,0.2176650467174921,-0.993355408143237,Medium
0.9640755050614725,-0.9640755050614725,0.0,-0.915197085910557,-0.21527381502868312,1.1489465268219354,-0.026796763445520868,-1.0977264137312561,-0.993355408143237,High
-0.6163761425802848,0.6163761425802848,0.0,-0.2202279859109778,0.9429425499032575,0.918973242830355,-1.643842833433854,-1.58519501377991,1.0066890377827438,Low
1.5567448729271316,-1.5567448729271316,0.0,-1.3785098192436098,-0.44691708801507124,2.2988129467798375,-0.4888099262993303,-0.9855312597518042,-0.993355408143237,Medium
-0.023706774714625855,0.023706774714625855,0.0,0.24308474742207503,-0.21527381502868312,-0.6908397451107079,0.6662229808351933,1.0030311245736567,1.0066890377827438,High
-0.023706774714625855,0.023706774714625855,0.0,-0.2202279859109778,0.24801273094409315,0.4590266748471942,-0.4888099262993303,1.5214501119269868,-0.993355408143237,Medium
-1.6041584223563832,1.6041584223563832,0.0,1.401366580754707,0.47965600393048125,0.2290533908556138,-2.105855996287663,-1.7089965629986157,1.0066890377827438,Medium
-0.22126323066984552,0.22126323066984552,0.0,1.6330229474212337,-1.3734901799606238,0.4590266748471942,-0.719816507726235,-1.221527962949962,-0.993355408143237,Low
2.34697069674801,-2.34697069674801,0.0,-1.6101661859101364,-1.1418469069742356,0.918973242830355,1.821255887969717,1.010768721399826,1.0066890377827438,High
-1.9992713342668227,1.9992713342668227,0.0,0.011428380755548613,2.3328021878215863,-1.1507863130938687,-1.1818296705800444,0.8482791880502746,1.0066890377827438,Low
-1.0114890544907242,1.0114890544907242,0.0,2.5596484140873392,-1.3734901799606238,0.2290533908556138,-1.412836252006949,1.4982373214484797,1.0066890377827438,High
0.3714061371958135,-0.3714061371958135,0.0,-0.2202279859109778,-0.21527381502868312,0.918973242830355,-0.4888099262993303,-1.1634959867536936,1.0066890377827438,Medium
-0.6163761425802848,0.6163761425802848,0.0,0.24308474742207503,0.47965600393048125,-0.0009198931359666289,-0.719816507726235,-1.4265742788434432,-0.993355408143237,Low
-1.6041584223563832,1.6041584223563832,0.0,0.24308474742207503,1.637872368862422,-1.8407061650686098,-0.026796763445520868,1.2970598039680827,-0.993355408143237,Low
-0.8139325985355046,0.8139325985355046,0.0,0.9380538474216543,0.016369457957705016,0.6889999588387746,-1.643842833433854,1.3666981754036047,-0.993355408143237,Low
0.5689625931510331,-0.5689625931510331,0.0,0.011428380755548613,-0.6785603610014593,1.378919810813516,-0.719816507726235,1.2970598039680827,-0.993355408143237,High
0.3714061371958135,-0.3714061371958135,0.0,-0.2202279859109778,-0.21527381502868312,0.4590266748471942,-0.026796763445520868,-1.5426382312359799,-0.993355408143237,High
0.9640755050614725,-0.9640755050614725,0.0,-0.6835407192440307,-0.44691708801507124,1.1489465268219354,-0.026796763445520868,-1.1402831962751863,1.0066890377827438,High
1.359188416971912,-1.359188416971912,0.0,-1.3785098192436098,-0.21527381502868312,-0.46086646111912744,2.0522624693966214,1.2351590293587298,-0.993355408143237,Low
-1.4066019664011635,1.4066019664011635,0.0,2.0963356807542866,-0.44691708801507124,-0.9208130291022882,-0.719816507726235,0.9101799626596274,1.0066890377827438,Medium
-1.2090455104459439,1.2090455104459439,0.0,0.9380538474216543,0.47965600393048125,-0.46086646111912744,-0.9508230891531397,1.486630926209226,1.0066890377827438,Medium
0.17384968124059383,-0.17384968124059383,0.0,0.011428380755548613,-0.21527381502868312,-1.6107328810770296,1.821255887969717,-0.5986514184433487,1.0066890377827438,Low
-0.22126323066984552,0.22126323066984552,0.0,-0.6835407192440307,0.9429425499032575,0.4590266748471942,-0.719816507726235,-1.4072302867780204,1.0066890377827438,High
2.54452715270323,-2.54452715270323,0.0,-1.6101661859101364,-1.3734901799606238,0.4590266748471942,2.514275632250431,0.4072361689586354,1.0066890377827438,Medium
-0.8139325985355046,0.8139325985355046,0.0,2.0963356807542866,-1.1418469069742356,-0.23089317712754703,-0.719816507726235,0.7631656229624143,-0.993355408143237,Low
0.5689625931510331,-0.5689625931510331,0.0,-0.6835407192440307,0.016369457957705016,0.2290533908556138,0.43521639940828855,-1.1480207931013553,-0.993355408143237,Low
-0.22126323066984552,0.22126323066984552,0.0,-0.6835407192440307,0.9429425499032575,-0.23089317712754703,-0.026796763445520868,0.2950410149791832,-0.993355408143237,Low
0.17384968124059383,-0.17384968124059383,0.0,-1.1468534525770835,0.9429425499032575,0.4590266748471942,-0.25780334487242557,1.4904997246223106,-0.993355408143237,Low
-1.8017148783116028,1.8017148783116028,0.0,-0.2202279859109778,2.3328021878215863,-1.3807595970854492,-0.719816507726235,0.6393640737437084,1.0066890377827438,Low
-1.0114890544907242,1.0114890544907242,0.0,1.6330229474212337,-0.44691708801507124,-1.1507863130938687,-0.026796763445520868,1.4634181357307188,-0.993355408143237,Low
-0.023706774714625855,0.023706774714625855,0.0,0.7063974807551279,-0.6785603610014593,1.8388663787966766,-1.8748494148607586,-1.1054640105574252,1.0066890377827438,Low
0.7665190491062528,-0.7665190491062528,0.0,-0.915197085910557,0.016369457957705016,-0.46086646111912744,1.3592427251159074,-1.7206029582378695,-0.993355408143237,High
0.5689625931510331,-0.5689625931510331,0.0,-0.6835407192440307,0.016369457957705016,-0.9208130291022882,1.590249306542812,1.3783045706428585,-0.993355408143237,Medium
0.3714061371958135,-0.3714061371958135,0.0,-0.45188435257750426,0.016369457957705016,-0.0009198931359666289,0.43521639940828855,0.2679594260875913,-0.993355408143237,Medium
-0.023706774714625855,0.023706774714625855,0.0,1.401366580754707,-1.3734901799606238,0.2290533908556138,-0.25780334487242557,1.3550917801643512,-0.993355408143237,Low
0.9640755050614725,-0.9640755050614725,0.0,-1.6101661859101364,0.47965600393048125,-0.0009198931359666289,1.1282361436890027,0.15189547369505463,-0.993355408143237,Low
0.5689625931510331,-0.5689625931510331,0.0,-0.2202279859109778,-0.44691708801507124,1.1489465268219354,-0.4888099262993303,1.389910965882112,1.0066890377827438,Medium
0.5689625931510331,-0.5689625931510331,0.0,-0.2202279859109778,-0.44691708801507124,0.2290533908556138,0.43521639940828855,-0.5831762247910104,1.0066890377827438,Low
-1.8017148783116028,1.8017148783116028,0.0,0.9380538474216543,1.1745858228896457,-1.8407061650686098,-0.25780334487242557,-1.4536558677350353,-0.993355408143237,High
0.5689625931510331,-0.5689625931510331,0.0,-0.6835407192440307,0.016369457957705016,0.6889999588387746,-0.026796763445520868,0.5658569038951018,-0.993355408143237,Low
-1.2090455104459439,1.2090455104459439,0.0,0.24308474742207503,1.1745858228896457,-1.1507863130938687,-0.25780334487242557,0.9875559309213185,-0.993355408143237,Medium
0.7665190491062528,-0.7665190491062528,0.0,-1.1468534525770835,0.24801273094409315,2.2988129467798375,-1.412836252006949,-0.5909138216171795,1.0066890377827438,Low
0.7665190491062528,-0.7665190491062528,0.0,-1.6101661859101364,0.7112992769168694,0.918973242830355,-0.026796763445520868,1.6800708468634535,1.0066890377827438,Medium
0.7665190491062528,-0.7665190491062528,0.0,-0.45188435257750426,-0.44691708801507124,-0.23089317712754703,1.1282361436890027,-1.0745136232527488,1.0066890377827438,High
0.17384968124059383,-0.17384968124059383,0.0,-0.6835407192440307,0.47965600393048125,0.2290533908556138,-0.026796763445520868,1.0804070928353475,1.0066890377827438,Medium
1.5567448729271316,-1.5567448729271316,0.0,0.011428380755548613,-1.8367767259334,1.6088930948050963,0.20420981798138385,0.7709032197885833,1.0066890377827438,High
-0.4188196866250652,0.4188196866250652,0.0,-0.2202279859109778,0.7112992769168694,-0.6908397451107079,0.20420981798138385,-1.325985520103245,-0.993355408143237,High
2.9396400646136693,-2.9396400646136693,0.0,-3.000104385909295,-0.44691708801507124,2.5287862307714177,0.8972295622620979,-0.14987080252554041,1.0066890377827438,Low
-1.4066019664011635,1.4066019664011635,0.0,2.791304780753866,-1.1418469069742356,0.4590266748471942,-2.105855996287663,1.6529892579718617,-0.993355408143237,High
-0.023706774714625855,0.023706774714625855,0.0,0.011428380755548613,0.016369457957705016,-0.46086646111912744,0.43521639940828855,-0.3781299088975291,1.0066890377827438,Medium
-0.023706774714625855,0.023706774714625855,0.0,0.011428380755548613,0.016369457957705016,-0.6908397451107079,0.6662229808351933,-1.4149678836041897,1.0066890377827438,Low
-0.023706774714625855,0.023706774714625855,0.0,0.24308474742207503,-0.21527381502868312,-0.23089317712754703,0.20420981798138385,0.9217863578988811,1.0066890377827438,High
0.17384968124059383,-0.17384968124059383,0.0,1.401366580754707,-1.6051334529470118,-0.0009198931359666289,0.20420981798138385,0.8560167848764436,1.0066890377827438,High
0.9640755050614725,-0.9640755050614725,0.0,-0.45188435257750426,-0.6785603610014593,-0.23089317712754703,1.3592427251159074,-1.0977264137312561,-0.993355408143237,High
1.7543013288823512,-1.7543013288823512,0.0,-0.6835407192440307,-1.3734901799606238,2.0688396627882573,-0.026796763445520868,-0.3433107231797681,-0.993355408143237,Low
0.5689625931510331,-0.5689625931510331,0.0,0.4747411140886015,-1.1418469069742356,0.918973242830355,-0.25780334487242557,1.3086661992073365,1.0066890377827438,Low
-1.4066019664011635,1.4066019664011635,0.0,0.9380538474216543,0.7112992769168694,-2.3006527330517708,0.6662229808351933,-0.9236304851424513,1.0066890377827438,High
0.5689625931510331,-0.5689625931510331,0.0,0.011428380755548613,-0.6785603610014593,0.918973242830355,-0.25780334487242557,-0.7959601375106609,1.0066890377827438,High
-0.4188196866250652,0.4188196866250652,0.0,-0.45188435257750426,0.9429425499032575,0.6889999588387746,-1.1818296705800444,0.5233001213511721,1.0066890377827438,Low
0.3714061371958135,-0.3714061371958135,0.0,-0.45188435257750426,0.016369457957705016,0.2290533908556138,0.20420981798138385,-1.7051277645855312,1.0066890377827438,Medium
-1.2090455104459439,1.2090455104459439,0.0,0.7063974807551279,0.7112992769168694,0.6889999588387746,-2.105855996287663,-1.2099215677107082,-0.993355408143237,Medium
0.17384968124059383,-0.17384968124059383,0.0,-0.2202279859109778,0.016369457957705016,0.2290533908556138,-0.026796763445520868,1.4750245309699723,1.0066890377827438,High
0.5689625931510331,-0.5689625931510331,0.0,-0.45188435257750426,-0.21527381502868312,0.4590266748471942,0.20420981798138385,1.3241413928596746,1.0066890377827438,High
0.3714061371958135,-0.3714061371958135,0.0,-0.45188435257750426,0.016369457957705016,0.4590266748471942,-0.026796763445520868,-1.2602159470808076,1.0066890377827438,High
-1.6041584223563832,1.6041584223563832,0.0,0.4747411140886015,1.4062290958760337,-1.8407061650686098,-0.026796763445520868,0.07838830384644803,-0.993355408143237,Medium
-0.4188196866250652,0.4188196866250652,0.0,0.24308474742207503,0.24801273094409315,-0.6908397451107079,0.20420981798138385,0.07838830384644803,-0.993355408143237,Medium
-1.4066019664011635,1.4066019664011635,0.0,2.0963356807542866,-0.44691708801507124,-2.0706794490601905,0.43521639940828855,-0.2543283596788235,1.0066890377827438,Low
-0.4188196866250652,0.4188196866250652,0.0,1.1697102140881808,-0.6785603610014593,-1.8407061650686098,1.3592427251159074,-0.40908029620220554,-0.993355408143237,High
-1.6041584223563832,1.6041584223563832,0.0,0.24308474742207503,1.637872368862422,-0.6908397451107079,-1.1818296705800444,-1.5078190455182188,1.0066890377827438,High
-0.6163761425802848,0.6163761425802848,0.0,1.86467931408776,-1.1418469069742356,0.6889999588387746,-1.412836252006949,1.5872196849494242,-0.993355408143237,Low
0.3714061371958135,-0.3714061371958135,0.0,-0.915197085910557,0.47965600393048125,0.2290533908556138,0.20420981798138385,-1.689652570933193,1.0066890377827438,Medium
0.5689625931510331,-0.5689625931510331,0.0,-0.2202279859109778,-0.44691708801507124,0.2290533908556138,0.43521639940828855,0.46913694356798835,-0.993355408143237,Low
-0.023706774714625855,0.023706774714625855,0.0,0.24308474742207503,-0.21527381502868312,-0.23089317712754703,0.20420981798138385,1.2196838357063917,1.0066890377827438,High
-1.6041584223563832,1.6041584223563832,0.0,0.9380538474216543,0.9429425499032575,-0.23089317712754703,-1.643842833433854,1.6568580563849462,1.0066890377827438,Low
0.3714061371958135,-0.3714061371958135,0.0,-0.2202279859109778,-0.21527381502868312,0.4590266748471942,-0.026796763445520868,0.9024423658334584,-0.993355408143237,Low
1.9518577848375709,-1.9518577848375709,0.0,-0.915197085910557,-1.3734901799606238,1.1489465268219354,1.1282361436890027,-0.15760839935170953,1.0066890377827438,High
-0.4188196866250652,0.4188196866250652,0.0,0.4747411140886015,0.016369457957705016,-0.46086646111912744,-0.026796763445520868,1.5756132897101705,-0.993355408143237,Low
-2.1968277902220423,2.1968277902220423,0.0,0.4747411140886015,2.101158914835198,-1.1507863130938687,-1.412836252006949,0.10160109432495537,-0.993355408143237,Low
1.359188416971912,-1.359188416971912,0.0,-1.3785098192436098,-0.21527381502868312,0.918973242830355,0.6662229808351933,1.5756132897101705,1.0066890377827438,Medium
-1.4066019664011635,1.4066019664011635,0.0,0.011428380755548613,1.637872368862422,-0.23089317712754703,-1.412836252006949,-0.3974739009629519,1.0066890377827438,High
0.7665190491062528,-0.7665190491062528,0.0,-0.915197085910557,0.016369457957705016,0.6889999588387746,0.20420981798138385,-0.4864562644638967,1.0066890377827438,High
0.5689625931510331,-0.5689625931510331,0.0,-0.6835407192440307,0.016369457957705016,-0.0009198931359666289,0.6662229808351933,0.27956582132684504,-0.993355408143237,High
0.9640755050614725,-0.9640755050614725,0.0,-0.45188435257750426,-0.6785603610014593,0.4590266748471942,0.6662229808351933,0.028093924476349216,1.0066890377827438,Medium
1.7543013288823512,-1.7543013288823512,0.0,-0.45188435257750426,-1.6051334529470118,0.2290533908556138,1.821255887969717,-0.9932688565779733,1.0066890377827438,Low
0.7665190491062528,-0.7665190491062528,0.0,-1.3785098192436098,0.47965600393048125,1.1489465268219354,-0.25780334487242557,0.747690429310076,-0.993355408143237,Medium
1.5567448729271316,-1.5567448729271316,0.0,-0.6835407192440307,-1.1418469069742356,2.0688396627882573,-0.25780334487242557,0.5426441134165945,1.0066890377827438,High
0.5689625931510331,-0.5689625931510331,0.0,0.011428380755548613,-0.6785603610014593,0.4590266748471942,0.20420981798138385,1.7148900325812146,-0.993355408143237,Low
-1.4066019664011635,1.4066019664011635,0.0,1.1697102140881808,0.47965600393048125,0.6889999588387746,-2.336862577714568,-0.9777936629256351,1.0066890377827438,Low
1.5567448729271316,-1.5567448729271316,0.0,0.011428380755548613,-1.8367767259334,1.8388663787966766,-0.026796763445520868,0.2989098133922678,-0.993355408143237,High
-0.8139325985355046,0.8139325985355046,0.0,1.6330229474212337,-0.6785603610014593,0.2290533908556138,-1.1818296705800444,0.008749932410926428,-0.993355408143237,High
0.7665190491062528,-0.7665190491062528,0.0,0.24308474742207503,-1.1418469069742356,0.4590266748471942,0.43521639940828855,-0.9661872676863814,1.0066890377827438,High
-1.4066019664011635,1.4066019664011635,0.0,0.4747411140886015,1.1745858228896457,-2.3006527330517708,0.6662229808351933,0.9372615515512194,1.0066890377827438,Low
0.17384968124059383,-0.17384968124059383,0.0,0.24308474742207503,-0.44691708801507124,1.1489465268219354,-0.9508230891531397,0.9875559309213185,1.0066890377827438,Medium
-1.4066019664011635,1.4066019664011635,0.0,0.7063974807551279,0.9429425499032575,-0.23089317712754703,-1.412836252006949,-0.5677010311386722,1.0066890377827438,Low
0.7665190491062528,-0.7665190491062528,0.0,-0.915197085910557,0.016369457957705016,0.918973242830355,-0.026796763445520868,-0.7069777740097163,-0.993355408143237,Low
-1.2090455104459439,1.2090455104459439,0.0,1.401366580754707,0.016369457957705016,0.2290533908556138,-1.643842833433854,-1.0706448248396643,1.0066890377827438,High
1.161631961016692,-1.161631961016692,0.0,-0.45188435257750426,-0.9102036339878475,1.6088930948050963,-0.25780334487242557,-1.6432269899761782,-0.993355408143237,High
0.7665190491062528,-0.7665190491062528,0.0,-0.6835407192440307,-0.21527381502868312,0.2290533908556138,0.6662229808351933,0.20218985306515386,-0.993355408143237,High
0.17384968124059383,-0.17384968124059383,0.0,-0.45188435257750426,0.24801273094409315,-0.0009198931359666289,0.20420981798138385,0.1364202800427164,1.0066890377827438,Medium
-1.2090455104459439,1.2090455104459439,0.0,1.1697102140881808,0.24801273094409315,-1.1507863130938687,-0.25780334487242557,-0.6798961851181243,1.0066890377827438,High
-1.2090455104459439,1.2090455104459439,0.0,1.6330229474212337,-0.21527381502868312,-0.9208130291022882,-0.4888099262993303,-1.5194254407574725,-0.993355408143237,Medium
0.9640755050614725,-0.9640755050614725,0.0,0.4747411140886015,-1.6051334529470118,0.918973242830355,0.20420981798138385,0.27956582132684504,-0.993355408143237,High
-1.6041584223563832,1.6041584223563832,0.0,-0.2202279859109778,2.101158914835198,-0.9208130291022882,-0.9508230891531397,-0.8307793232284219,-0.993355408143237,Medium
0.7665190491062528,-0.7665190491062528,0.0,-1.3785098192436098,0.47965600393048125,-0.23089317712754703,1.1282361436890027,-1.012612848643396,-0.993355408143237,Medium
0.3714061371958135,-0.3714061371958135,0.0,0.4747411140886015,-0.9102036339878475,-1.1507863130938687,1.590249306542812,1.1500454642708695,1.0066890377827438,Medium
-0.4188196866250652,0.4188196866250652,0.0,0.7063974807551279,-0.21527381502868312,-0.46086646111912744,-0.026796763445520868,0.349204192762367,-0.993355408143237,High
0.5689625931510331,-0.5689625931510331,0.0,-0.2202279859109778,-0.44691708801507124,-0.0009198931359666289,0.6662229808351933,0.3298602006969443,-0.993355408143237,Medium
0.3714061371958135,-0.3714061371958135,0.0,0.011428380755548613,-0.44691708801507124,0.4590266748471942,-0.026796763445520868,-1.2370031566023,1.0066890377827438,High
1.5567448729271316,-1.5567448729271316,0.0,0.011428380755548613,-1.8367767259334,0.4590266748471942,1.3592427251159074,1.622038870667185,1.0066890377827438,Low
0.5689625931510331,-0.5689625931510331,0.0,0.4747411140886015,-1.1418469069742356,-0.0009198931359666289,0.6662229808351933,0.33372899911002885,1.0066890377827438,Medium
-0.023706774714625855,0.023706774714625855,0.0,-0.45188435257750426,0.47965600393048125,-0.46086646111912744,0.43521639940828855,-0.30462273904892273,1.0066890377827438,Low
-0.023706774714625855,0.023706774714625855,0.0,-1.1468534525770835,1.1745858228896457,0.4590266748471942,-0.4888099262993303,0.6471016705698776,1.0066890377827438,Medium
0.3714061371958135,-0.3714061371958135,0.0,-0.6835407192440307,0.24801273094409315,1.6088930948050963,-1.1818296705800444,0.4265801610240582,1.0066890377827438,Medium
-0.023706774714625855,0.023706774714625855,0.0,0.011428380755548613,0.016369457957705016,-0.46086646111912744,0.43521639940828855,1.068800697596094,1.0066890377827438,Medium
-0.22126323066984552,0.22126323066984552,0.0,-0.2202279859109778,0.47965600393048125,-1.1507863130938687,0.8972295622620979,1.4827621277961416,1.0066890377827438,Medium
0.17384968124059383,-0.17384968124059383,0.0,-0.2202279859109778,0.016369457957705016,1.1489465268219354,-0.9508230891531397,0.4652681451549038,-0.993355408143237,Low
-0.4188196866250652,0.4188196866250652,0.0,-0.915197085910557,1.4062290958760337,-0.9208130291022882,0.43521639940828855,-0.24659076285265435,-0.993355408143237,High
-0.023706774714625855,0.023706774714625855,0.0,-0.915197085910557,0.9429425499032575,1.378919810813516,-1.412836252006949,-0.041544446959172816,-0.993355408143237,High
-0.6163761425802848,0.6163761425802848,0.0,-0.45188435257750426,1.1745858228896457,0.6889999588387746,-1.412836252006949,1.6336452659064389,-0.993355408143237,High
-1.0114890544907242,1.0114890544907242,0.0,1.401366580754707,-0.21527381502868312,-2.3006527330517708,1.1282361436890027,0.33759779752311336,1.0066890377827438,High
-0.4188196866250652,0.4188196866250652,0.0,-0.2202279859109778,0.7112992769168694,-0.46086646111912744,-0.026796763445520868,-0.07636363267693383,-0.993355408143237,Medium
-0.8139325985355046,0.8139325985355046,0.0,1.86467931408776,-0.9102036339878475,-0.46086646111912744,-0.4888099262993303,-0.8269105248153373,1.0066890377827438,High
-0.6163761425802848,0.6163761425802848,0.0,0.24308474742207503,0.47965600393048125,-1.1507863130938687,0.43521639940828855,-0.908155291490113,1.0066890377827438,High
-0.22126323066984552,0.22126323066984552,0.0,0.011428380755548613,0.24801273094409315,0.4590266748471942,-0.719816507726235,-0.20016518189563967,-0.993355408143237,Low
0.3714061371958135,-0.3714061371958135,0.0,0.24308474742207503,-0.6785603610014593,0.6889999588387746,-0.25780334487242557,0.5387753150035104,-0.993355408143237,High
0.5689625931510331,-0.5689625931510331,0.0,-0.6835407192440307,0.016369457957705016,-0.23089317712754703,0.8972295622620979,-1.438180674082697,1.0066890377827438,High
-0.6163761425802848,0.6163761425802848,0.0,0.9380538474216543,-0.21527381502868312,-1.8407061650686098,1.1282361436890027,0.2176650467174921,1.0066890377827438,Low
-1.2090455104459439,1.2090455104459439,0.0,-0.6835407192440307,2.101158914835198,0.6889999588387746,-2.105855996287663,-0.5251442485947423,-0.993355408143237,Medium
0.17384968124059383,-0.17384968124059383,0.0,0.011428380755548613,-0.21527381502868312,-1.1507863130938687,1.3592427251159074,-0.08023243109001839,-0.993355408143237,High
-1.8017148783116028,1.8017148783116028,0.0,0.24308474742207503,1.8695156418488101,-2.0706794490601905,-0.026796763445520868,1.2467654245979836,1.0066890377827438,Medium
-0.22126323066984552,0.22126323066984552,0.0,0.24308474742207503,0.016369457957705016,-0.23089317712754703,-0.026796763445520868,0.5426441134165945,1.0066890377827438,Medium
0.3714061371958135,-0.3714061371958135,0.0,-0.2202279859109778,-0.21527381502868312,-0.6908397451107079,1.1282361436890027,-0.691502580357378,1.0066890377827438,Medium
0.3714061371958135,-0.3714061371958135,0.0,0.24308474742207503,-0.6785603610014593,-0.0009198931359666289,0.43521639940828855,0.4846121372203266,-0.993355408143237,Medium
0.5689625931510331,-0.5689625931510331,0.0,-1.1468534525770835,0.47965600393048125,-0.0009198931359666289,0.6662229808351933,0.25635303084833766,1.0066890377827438,Low
-1.4066019664011635,1.4066019664011635,0.0,2.5596484140873392,-0.9102036339878475,0.6889999588387746,-2.336862577714568,-1.4575246661481196,1.0066890377827438,Medium
-1.2090455104459439,1.2090455104459439,0.0,-0.2202279859109778,1.637872368862422,-1.6107328810770296,0.20420981798138385,-1.0513008327742415,1.0066890377827438,Medium
1.359188416971912,-1.359188416971912,0.0,-0.45188435257750426,-1.1418469069742356,1.378919810813516,0.20420981798138385,-0.873336105772352,-0.993355408143237,Low
0.17384968124059383,-0.17384968124059383,0.0,0.011428380755548613,-0.21527381502868312,0.4590266748471942,-0.25780334487242557,1.3628293769905202,-0.993355408143237,Low
0.3714061371958135,-0.3714061371958135,0.0,0.24308474742207503,-0.6785603610014593,-0.9208130291022882,1.3592427251159074,-0.900417694663944,-0.993355408143237,Low
0.17384968124059383,-0.17384968124059383,0.0,0.011428380755548613,-0.21527381502868312,-0.0009198931359666289,0.20420981798138385,1.5601380960578322,1.0066890377827438,Medium
-1.2090455104459439,1.2090455104459439,0.0,1.401366580754707,0.016369457957705016,-0.46086646111912744,-0.9508230891531397,-0.7069777740097163,-0.993355408143237,Medium
-0.4188196866250652,0.4188196866250652,0.0,-1.1468534525770835,1.637872368862422,0.6889999588387746,-1.1818296705800444,-1.2950351327985685,-0.993355408143237,High
-0.6163761425802848,0.6163761425802848,0.0,0.4747411140886015,0.24801273094409315,-0.9208130291022882,0.20420981798138385,-0.7688785486190692,-0.993355408143237,Low
-0.6163761425802848,0.6163761425802848,0.0,0.24308474742207503,0.47965600393048125,-1.1507863130938687,0.43521639940828855,1.1500454642708695,1.0066890377827438,High
-0.023706774714625855,0.023706774714625855,0.0,-0.2202279859109778,0.24801273094409315,0.918973242830355,-0.9508230891531397,-0.7534033549667309,-0.993355408143237,Low
0.17384968124059383,-0.17384968124059383,0.0,-0.2202279859109778,0.016369457957705016,-0.46086646111912744,0.6662229808351933,0.9643431404428112,1.0066890377827438,Medium
-1.4066019664011635,1.4066019664011635,0.0,2.791304780753866,-1.1418469069742356,0.4590266748471942,-2.105855996287663,1.509843716687733,-0.993355408143237,Low
1.161631961016692,-1.161631961016692,0.0,-0.45188435257750426,-0.9102036339878475,1.1489465268219354,0.20420981798138385,-0.2620659565049926,-0.993355408143237,Medium
-0.023706774714625855,0.023706774714625855,0.0,0.7063974807551279,-0.6785603610014593,-0.6908397451107079,0.6662229808351933,-0.9429744772078741,1.0066890377827438,High
-0.4188196866250652,0.4188196866250652,0.0,-0.2202279859109778,0.7112992769168694,-0.23089317712754703,-0.25780334487242557,1.3628293769905202,1.0066890377827438,High
-1.4066019664011635,1.4066019664011635,0.0,1.86467931408776,-0.21527381502868312,-0.9208130291022882,-0.719816507726235,-1.0667760264265798,1.0066890377827438,Medium
-0.22126323066984552,0.22126323066984552,0.0,0.24308474742207503,0.016369457957705016,0.4590266748471942,-0.719816507726235,0.04356911812868745,1.0066890377827438,Medium
0.5689625931510331,-0.5689625931510331,0.0,-0.2202279859109778,-0.44691708801507124,-0.0009198931359666289,0.6662229808351933,-1.732209353477123,-0.993355408143237,Low
0.17384968124059383,-0.17384968124059383,0.0,0.4747411140886015,-0.6785603610014593,0.6889999588387746,-0.4888099262993303,-0.14600200411245587,1.0066890377827438,High
-0.4188196866250652,0.4188196866250652,0.0,-0.6835407192440307,1.1745858228896457,-0.23089317712754703,-0.25780334487242557,-0.335573126353599,-0.993355408143237,High
-1.4066019664011635,1.4066019664011635,0.0,0.9380538474216543,0.7112992769168694,-1.1507863130938687,-0.4888099262993303,0.8869671721811201,1.0066890377827438,Low
1.9518577848375709,-1.9518577848375709,0.0,-0.915197085910557,-1.3734901799606238,1.378919810813516,0.8972295622620979,0.44979295150256554,-0.993355408143237,Medium
-0.4188196866250652,0.4188196866250652,0.0,2.0963356807542866,-1.6051334529470118,-1.3807595970854492,0.8972295622620979,-0.6682897898788707,1.0066890377827438,High
-1.0114890544907242,1.0114890544907242,0.0,1.401366580754707,-0.21527381502868312,-2.0706794490601905,0.8972295622620979,1.4092549579475349,1.0066890377827438,Low
-0.8139325985355046,0.8139325985355046,0.0,1.1697102140881808,-0.21527381502868312,-1.3807595970854492,0.43521639940828855,0.21379624830440755,1.0066890377827438,Medium
-1.6041584223563832,1.6041584223563832,0.0,1.6330229474212337,0.24801273094409315,-3.450519153009673,1.590249306542812,-0.536750643833996,-0.993355408143237,Low
1.5567448729271316,-1.5567448729271316,0.0,-1.8418225525766627,0.016369457957705016,0.918973242830355,0.8972295622620979,1.3241413928596746,1.0066890377827438,High
-0.6163761425802848,0.6163761425802848,0.0,0.4747411140886015,0.24801273094409315,0.918973242830355,-1.643842833433854,-0.6141266120956869,1.0066890377827438,Low
-1.2090455104459439,1.2090455104459439,0.0,1.86467931408776,-0.44691708801507124,-0.6908397451107079,-0.719816507726235,-0.873336105772352,-0.993355408143237,Low
0.5689625931510331,-0.5689625931510331,0.0,0.011428380755548613,-0.6785603610014593,1.378919810813516,-0.719816507726235,-0.20016518189563967,-0.993355408143237,Low
-1.2090455104459439,1.2090455104459439,0.0,1.6330229474212337,-0.21527381502868312,-0.23089317712754703,-1.1818296705800444,-0.25045956126573893,-0.993355408143237,High
-1.0114890544907242,1.0114890544907242,0.0,1.1697102140881808,0.016369457957705016,-0.46086646111912744,-0.719816507726235,0.2950410149791832,-0.993355408143237,Low
0.9640755050614725,-0.9640755050614725,0.0,-2.0734789192431893,0.9429425499032575,-0.6908397451107079,1.821255887969717,-1.5813262153668255,1.0066890377827438,Low
0.17384968124059383,-0.17384968124059383,0.0,0.24308474742207503,-0.44691708801507124,0.6889999588387746,-0.4888099262993303,1.7264964278204682,1.0066890377827438,High
0.5689625931510331,-0.5689625931510331,0.0,0.7063974807551279,-1.3734901799606238,-0.46086646111912744,1.1282361436890027,-0.4787186676377276,1.0066890377827438,High
1.359188416971912,-1.359188416971912,0.0,-1.3785098192436098,-0.21527381502868312,0.6889999588387746,0.8972295622620979,1.509843716687733,1.0066890377827438,High
1.161631961016692,-1.161631961016692,0.0,-0.915197085910557,-0.44691708801507124,1.8388663787966766,-0.4888099262993303,0.1364202800427164,-0.993355408143237,Medium
-0.6163761425802848,0.6163761425802848,0.0,0.7063974807551279,0.016369457957705016,-1.1507863130938687,0.43521639940828855,1.745840419885891,1.0066890377827438,Low
-0.22126323066984552,0.22126323066984552,0.0,0.011428380755548613,0.24801273094409315,0.4590266748471942,-0.719816507726235,-0.501931458116235,1.0066890377827438,High
0.5689625931510331,-0.5689625931510331,0.0,-0.45188435257750426,-0.21527381502868312,-0.9208130291022882,1.590249306542812,1.3976485627082813,1.0066890377827438,Medium
-0.8139325985355046,0.8139325985355046,0.0,0.9380538474216543,0.016369457957705016,-0.0009198931359666289,-0.9508230891531397,1.0920134880746013,-0.993355408143237,Low
0.9640755050614725,-0.9640755050614725,0.0,-0.6835407192440307,-0.44691708801507124,0.918973242830355,0.20420981798138385,0.05517551336794112,1.0066890377827438,High
0.3714061371958135,-0.3714061371958135,0.0,1.401366580754707,-1.8367767259334,2.2988129467798375,-1.8748494148607586,-0.4787186676377276,1.0066890377827438,Low
-0.023706774714625855,0.023706774714625855,0.0,0.9380538474216543,-0.9102036339878475,0.6889999588387746,-0.719816507726235,1.3937797642951968,1.0066890377827438,Low
-0.4188196866250652,0.4188196866250652,0.0,0.7063974807551279,-0.21527381502868312,-0.46086646111912744,-0.026796763445520868,0.20992744989132298,1.0066890377827438,Low
1.359188416971912,-1.359188416971912,0.0,0.011428380755548613,-1.6051334529470118,0.4590266748471942,1.1282361436890027,0.8405415912241054,1.0066890377827438,Medium
-0.4188196866250652,0.4188196866250652,0.0,0.24308474742207503,0.24801273094409315,0.4590266748471942,-0.9508230891531397,-1.159627188340609,-0.993355408143237,Low
0.9640755050614725,-0.9640755050614725,0.0,-0.6835407192440307,-0.44691708801507124,-0.9208130291022882,2.0522624693966214,-0.9042864930770285,1.0066890377827438,Medium
-1.0114890544907242,1.0114890544907242,0.0,-0.2202279859109778,1.4062290958760337,-0.23089317712754703,-0.9508230891531397,1.215815037293307,1.0066890377827438,Medium
-1.4066019664011635,1.4066019664011635,0.0,1.6330229474212337,0.016369457957705016,-0.0009198931359666289,-1.643842833433854,1.7303652262335527,1.0066890377827438,Low
-0.4188196866250652,0.4188196866250652,0.0,1.86467931408776,-1.3734901799606238,-0.23089317712754703,-0.25780334487242557,-0.4206866914414592,1.0066890377827438,Low
0.5689625931510331,-0.5689625931510331,0.0,-0.6835407192440307,0.016369457957705016,0.2290533908556138,0.43521639940828855,1.1500454642708695,-0.993355408143237,Low
-0.22126323066984552,0.22126323066984552,0.0,-0.45188435257750426,0.7112992769168694,-0.46086646111912744,0.20420981798138385,-0.43616188509379744,1.0066890377827438,High
-1.2090455104459439,1.2090455104459439,0.0,0.4747411140886015,0.9429425499032575,-0.9208130291022882,-0.4888099262993303,0.1364202800427164,1.0066890377827438,High
0.5689625931510331,-0.5689625931510331,0.0,-1.1468534525770835,0.47965600393048125,0.2290533908556138,0.43521639940828855,-0.873336105772352,-0.993355408143237,High
0.9640755050614725,-0.9640755050614725,0.0,-0.915197085910557,-0.21527381502868312,0.2290533908556138,0.8972295622620979,0.8869671721811201,-0.993355408143237,Low
1.161631961016692,-1.161631961016692,0.0,0.011428380755548613,-1.3734901799606238,0.6889999588387746,0.6662229808351933,-1.3878862947125978,1.0066890377827438,High
-0.22126323066984552,0.22126323066984552,0.0,-0.6835407192440307,0.9429425499032575,-0.0009198931359666289,-0.25780334487242557,0.7438216308969915,-0.993355408143237,High
-0.8139325985355046,0.8139325985355046,0.0,2.3279920474208127,-1.3734901799606238,-0.6908397451107079,-0.25780334487242557,0.5503817102427636,-0.993355408143237,High
1.359188416971912,-1.359188416971912,0.0,-1.3785098192436098,-0.21527381502868312,1.6088930948050963,-0.026796763445520868,-0.4516370787461357,1.0066890377827438,High
-0.22126323066984552,0.22126323066984552,0.0,0.24308474742207503,0.016369457957705016,0.2290533908556138,-0.4888099262993303,-1.5968014090191636,-0.993355408143237,High
-0.4188196866250652,0.4188196866250652,0.0,0.011428380755548613,0.47965600393048125,-1.3807595970854492,0.8972295622620979,-1.0358256391219032,-0.993355408143237,High
-0.8139325985355046,0.8139325985355046,0.0,-0.45188435257750426,1.4062290958760337,0.2290533908556138,-1.1818296705800444,0.8134600023325135,1.0066890377827438,High
-0.6163761425802848,0.6163761425802848,0.0,-0.915197085910557,1.637872368862422,-1.8407061650686098,1.1282361436890027,-1.5619822233014027,-0.993355408143237,Low
0.9640755050614725,-0.9640755050614725,0.0,-0.45188435257750426,-0.6785603610014593,0.4590266748471942,0.6662229808351933,-1.6819149741070238,-0.993355408143237,Low
2.1494142407927908,-2.1494142407927908,0.0,-1.6101661859101364,-0.9102036339878475,1.6088930948050963,0.8972295622620979,1.312534997620421,-0.993355408143237,High
1.5567448729271316,-1.5567448729271316,0.0,-1.8418225525766627,0.016369457957705016,-0.46086646111912744,2.283269050823526,-0.1614771977647941,1.0066890377827438,Medium
-1.0114890544907242,1.0114890544907242,0.0,2.3279920474208127,-1.1418469069742356,1.1489465268219354,-2.336862577714568,1.0804070928353475,1.0066890377827438,Medium
-1.2090455104459439,1.2090455104459439,0.0,1.401366580754707,0.016369457957705016,-1.3807595970854492,-0.026796763445520868,0.016487529237095545,1.0066890377827438,Low
0.3714061371958135,-0.3714061371958135,0.0,-0.915197085910557,0.47965600393048125,-0.6908397451107079,1.1282361436890027,1.1500454642708695,-0.993355408143237,Medium
0.17384968124059383,-0.17384968124059383,0.0,1.1697102140881808,-1.3734901799606238,-0.46086646111912744,0.6662229808351933,-1.4188366820172742,-0.993355408143237,Medium
-0.4188196866250652,0.4188196866250652,0.0,0.011428380755548613,0.47965600393048125,-0.6908397451107079,0.20420981798138385,1.3357477880989284,-0.993355408143237,High
-0.22126323066984552,0.22126323066984552,0.0,0.9380538474216543,-0.6785603610014593,-0.46086646111912744,0.20420981798138385,0.43044895943714273,1.0066890377827438,Medium
-0.023706774714625855,0.023706774714625855,0.0,1.1697102140881808,-1.1418469069742356,-0.0009198931359666289,-0.026796763445520868,0.9566055436166422,-0.993355408143237,High
0.17384968124059383,-0.17384968124059383,0.0,-1.1468534525770835,0.9429425499032575,0.918973242830355,-0.719816507726235,0.12094508639037817,-0.993355408143237,Medium
0.5689625931510331,-0.5689625931510331,0.0,-0.915197085910557,0.24801273094409315,0.4590266748471942,0.20420981798138385,0.5619881054820173,1.0066890377827438,Low
0.7665190491062528,-0.7665190491062528,0.0,-0.915197085910557,0.016369457957705016,-0.46086646111912744,1.3592427251159074,0.7051336467661459,1.0066890377827438,Medium
-1.2090455104459439,1.2090455104459439,0.0,0.7063974807551279,0.7112992769168694,-0.6908397451107079,-0.719816507726235,-1.0513008327742415,-0.993355408143237,High
-0.22126323066984552,0.22126323066984552,0.0,0.4747411140886015,-0.21527381502868312,0.6889999588387746,-0.9508230891531397,-0.22337797237414703,-0.993355408143237,High
0.3714061371958135,-0.3714061371958135,0.0,-0.2202279859109778,-0.21527381502868312,-0.0009198931359666289,0.43521639940828855,-1.5349006344098106,-0.993355408143237,High
-1.0114890544907242,1.0114890544907242,0.0,0.011428380755548613,1.1745858228896457,-0.9208130291022882,-0.25780334487242557,-0.8772049041854366,-0.993355408143237,Low
-0.023706774714625855,0.023706774714625855,0.0,0.7063974807551279,-0.6785603610014593,0.4590266748471942,-0.4888099262993303,1.5291877087531558,1.0066890377827438,Medium
0.7665190491062528,-0.7665190491062528,0.0,0.4747411140886015,-1.3734901799606238,1.6088930948050963,-0.719816507726235,-1.0435632359480724,1.0066890377827438,High
-0.6163761425802848,0.6163761425802848,0.0,0.011428380755548613,0.7112992769168694,-0.6908397451107079,-0.026796763445520868,-1.5658510217144872,1.0066890377827438,Low
0.17384968124059383,-0.17384968124059383,0.0,-1.1468534525770835,0.9429425499032575,1.6088930948050963,-1.412836252006949,-1.1983151724714547,-0.993355408143237,Medium
0.7665190491062528,-0.7665190491062528,0.0,-0.915197085910557,0.016369457957705016,0.6889999588387746,0.20420981798138385,-0.32783552952742984,1.0066890377827438,Medium
0.9640755050614725,-0.9640755050614725,0.0,-0.6835407192440307,-0.44691708801507124,0.6889999588387746,0.43521639940828855,-0.6257330073349405,1.0066890377827438,High
-0.023706774714625855,0.023706774714625855,0.0,-1.3785098192436098,1.4062290958760337,1.1489465268219354,-1.1818296705800444,1.242896626184899,1.0066890377827438,Medium
-0.22126323066984552,0.22126323066984552,0.0,0.4747411140886015,-0.21527381502868312,-0.46086646111912744,0.20420981798138385,1.5291877087531558,1.0066890377827438,Medium
0.7665190491062528,-0.7665190491062528,0.0,-1.1468534525770835,0.24801273094409315,0.4590266748471942,0.43521639940828855,1.0571943023568402,-0.993355408143237,Low
-0.8139325985355046,0.8139325985355046,0.0,1.401366580754707,-0.44691708801507124,-0.46086646111912744,-0.4888099262993303,-0.5715698295517567,1.0066890377827438,High
-0.22126323066984552,0.22126323066984552,0.0,-0.2202279859109778,0.47965600393048125,0.6889999588387746,-0.9508230891531397,-0.9623184692732969,1.0066890377827438,High
-0.22126323066984552,0.22126323066984552,0.0,-0.45188435257750426,0.7112992769168694,-0.46086646111912744,0.20420981798138385,-1.488475053452796,1.0066890377827438,Low
0.5689625931510331,-0.5689625931510331,0.0,-0.6835407192440307,0.016369457957705016,-0.0009198931359666289,0.6662229808351933,1.4247301515998732,1.0066890377827438,Medium
-0.4188196866250652,0.4188196866250652,0.0,-0.6835407192440307,1.1745858228896457,-0.0009198931359666289,-0.4888099262993303,-0.9894000581648887,1.0066890377827438,Low
-0.6163761425802848,0.6163761425802848,0.0,0.24308474742207503,0.47965600393048125,0.2290533908556138,-0.9508230891531397,0.8482791880502746,-0.993355408143237,Medium
-0.22126323066984552,0.22126323066984552,0.0,-0.915197085910557,1.1745858228896457,-1.1507863130938687,0.8972295622620979,1.3628293769905202,1.0066890377827438,Medium
0.5689625931510331,-0.5689625931510331,0.0,-0.2202279859109778,-0.44691708801507124,-1.3807595970854492,2.0522624693966214,-1.0590384296004105,-0.993355408143237,Low
-0.6163761425802848,0.6163761425802848,0.0,0.7063974807551279,0.016369457957705016,-0.9208130291022882,0.20420981798138385,1.010768721399826,-0.993355408143237,High
-1.2090455104459439,1.2090455104459439,0.0,0.7063974807551279,0.7112992769168694,-0.9208130291022882,-0.4888099262993303,0.9759495356820649,-0.993355408143237,High
-1.2090455104459439,1.2090455104459439,0.0,0.4747411140886015,0.9429425499032575,-0.9208130291022882,-0.4888099262993303,1.0726694960091785,-0.993355408143237,Low
1.9518577848375709,-1.9518577848375709,0.0,-0.915197085910557,-1.3734901799606238,0.2290533908556138,2.0522624693966214,0.44979295150256554,-0.993355408143237,Low
1.359188416971912,-1.359188416971912,0.0,-0.2202279859109778,-1.3734901799606238,1.1489465268219354,0.43521639940828855,-0.7495345565536464,-0.993355408143237,Medium
0.7665190491062528,-0.7665190491062528,0.0,-0.6835407192440307,-0.21527381502868312,-0.0009198931359666289,0.8972295622620979,-1.6122766026715019,-0.993355408143237,Low
-0.023706774714625855,0.023706774714625855,0.0,1.1697102140881808,-1.1418469069742356,-0.6908397451107079,0.6662229808351933,-0.40908029620220554,-0.993355408143237,Low
-1.6041584223563832,1.6041584223563832,0.0,3.022961147420392,-1.1418469069742356,-1.1507863130938687,-0.719816507726235,-0.8462545168807601,-0.993355408143237,High
-0.6163761425802848,0.6163761425802848,0.0,0.011428380755548613,0.7112992769168694,1.1489465268219354,-1.8748494148607586,-1.724471756650954,1.0066890377827438,Medium
0.17384968124059383,-0.17384968124059383,0.0,-1.3785098192436098,1.1745858228896457,-0.23089317712754703,0.43521639940828855,-1.3608047058210058,1.0066890377827438,Low
0.17384968124059383,-0.17384968124059383,0.0,-0.2202279859109778,0.016369457957705016,-0.23089317712754703,0.43521639940828855,-1.221527962949962,1.0066890377827438,High
1.9518577848375709,-1.9518577848375709,0.0,-1.3785098192436098,-0.9102036339878475,1.6088930948050963,0.6662229808351933,-1.5387694328228954,1.0066890377827438,High
1.161631961016692,-1.161631961016692,0.0,-0.6835407192440307,-0.6785603610014593,2.5287862307714177,-1.1818296705800444,-0.7727473470321538,-0.993355408143237,Medium
-1.2090455104459439,1.2090455104459439,0.0,1.401366580754707,0.016369457957705016,0.2290533908556138,-1.643842833433854,-0.9274992835555358,-0.993355408143237,High
1.9518577848375709,-1.9518577848375709,0.0,-0.915197085910557,-1.3734901799606238,0.918973242830355,1.3592427251159074,-0.536750643833996,-0.993355408143237,High
-1.0114890544907242,1.0114890544907242,0.0,0.011428380755548613,1.1745858228896457,-0.9208130291022882,-0.25780334487242557,0.1983210546520693,1.0066890377827438,Medium
0.7665190491062528,-0.7665190491062528,0.0,0.24308474742207503,-1.1418469069742356,0.918973242830355,-0.026796763445520868,0.07838830384644803,-0.993355408143237,High
0.17384968124059383,-0.17384968124059383,0.0,-0.915197085910557,0.7112992769168694,1.6088930948050963,-1.412836252006949,-0.6992401771835471,-0.993355408143237,High
0.3714061371958135,-0.3714061371958135,0.0,-0.2202279859109778,-0.21527381502868312,-0.46086646111912744,0.8972295622620979,0.8714919785287819,-0.993355408143237,Low
0.7665190491062528,-0.7665190491062528,0.0,-0.2202279859109778,-0.6785603610014593,0.4590266748471942,0.43521639940828855,1.745840419885891,-0.993355408143237,Low
1.359188416971912,-1.359188416971912,0.0,-0.45188435257750426,-1.1418469069742356,1.1489465268219354,0.43521639940828855,0.5658569038951018,-0.993355408143237,High
-1.0114890544907242,1.0114890544907242,0.0,0.9380538474216543,0.24801273094409315,-1.3807595970854492,0.20420981798138385,0.4846121372203266,1.0066890377827438,Medium
-0.4188196866250652,0.4188196866250652,0.0,0.24308474742207503,0.24801273094409315,-0.6908397451107079,0.20420981798138385,0.4072361689586354,-0.993355408143237,Low
0.7665190491062528,-0.7665190491062528,0.0,-1.1468534525770835,0.24801273094409315,1.1489465268219354,-0.25780334487242557,0.7438216308969915,1.0066890377827438,Low
-0.6163761425802848,0.6163761425802848,0.0,0.011428380755548613,0.7112992769168694,-0.46086646111912744,-0.25780334487242557,-1.6741773772808548,-0.993355408143237,Low
0.3714061371958135,-0.3714061371958135,0.0,-1.8418225525766627,1.4062290958760337,0.4590266748471942,-0.026796763445520868,-0.9545808724471277,-0.993355408143237,High
1.7543013288823512,-1.7543013288823512,0.0,-0.6835407192440307,-1.3734901799606238,1.1489465268219354,0.8972295622620979,-1.1364143978621017,1.0066890377827438,Low
2.1494142407927908,-2.1494142407927908,0.0,-1.6101661859101364,-0.9102036339878475,1.1489465268219354,1.3592427251159074,-1.1364143978621017,-0.993355408143237,Low
0.3714061371958135,-0.3714061371958135,0.0,0.7063974807551279,-1.1418469069742356,-0.9208130291022882,1.3592427251159074,-0.23111556920031612,1.0066890377827438,Low
-1.9992713342668227,1.9992713342668227,0.0,0.011428380755548613,2.3328021878215863,-0.23089317712754703,-2.105855996287663,0.41497376578480455,-0.993355408143237,High
-0.023706774714625855,0.023706774714625855,0.0,-1.1468534525770835,1.1745858228896457,0.2290533908556138,-0.25780334487242557,0.5697257023081864,1.0066890377827438,Low
0.7665190491062528,-0.7665190491062528,0.0,-0.45188435257750426,-0.44691708801507124,1.6088930948050963,-0.719816507726235,0.24087783719599945,-0.993355408143237,Medium
-0.023706774714625855,0.023706774714625855,0.0,1.1697102140881808,-1.1418469069742356,1.1489465268219354,-1.1818296705800444,1.3086661992073365,1.0066890377827438,High
0.9640755050614725,-0.9640755050614725,0.0,-0.915197085910557,-0.21527381502868312,0.2290533908556138,0.8972295622620979,0.6935272515268922,1.0066890377827438,High
0.17384968124059383,-0.17384968124059383,0.0,-1.1468534525770835,0.9429425499032575,-0.23089317712754703,0.43521639940828855,-1.2718223423200612,-0.993355408143237,Medium
-1.0114890544907242,1.0114890544907242,0.0,1.6330229474212337,-0.44691708801507124,-1.1507863130938687,-0.026796763445520868,0.7979848086801753,-0.993355408143237,Medium
-1.8017148783116028,1.8017148783116028,0.0,1.1697102140881808,0.9429425499032575,-1.1507863130938687,-0.9508230891531397,-0.08023243109001839,-0.993355408143237,Medium
-0.023706774714625855,0.023706774714625855,0.0,-0.2202279859109778,0.24801273094409315,0.4590266748471942,-0.4888099262993303,0.5968072911997783,-0.993355408143237,High
-0.8139325985355046,0.8139325985355046,0.0,0.011428380755548613,0.9429425499032575,0.2290533908556138,-1.1818296705800444,1.4982373214484797,1.0066890377827438,Medium
-0.4188196866250652,0.4188196866250652,0.0,-0.2202279859109778,0.7112992769168694,1.378919810813516,-1.8748494148607586,-0.5638322327255877,-0.993355408143237,Low
1.5567448729271316,-1.5567448729271316,0.0,-0.45188435257750426,-1.3734901799606238,1.8388663787966766,-0.026796763445520868,-1.5542446264752334,-0.993355408143237,High
0.17384968124059383,-0.17384968124059383,0.0,1.401366580754707,-1.6051334529470118,1.8388663787966766,-1.643842833433854,0.12481388480346273,1.0066890377827438,Low
0.9640755050614725,-0.9640755050614725,0.0,-1.1468534525770835,0.016369457957705016,1.378919810813516,-0.25780334487242557,-0.5793074263779259,1.0066890377827438,High
-0.023706774714625855,0.023706774714625855,0.0,-1.1468534525770835,1.1745858228896457,-0.6908397451107079,0.6662229808351933,1.1500454642708695,1.0066890377827438,Low
-0.023706774714625855,0.023706774714625855,0.0,0.011428380755548613,0.016369457957705016,-0.46086646111912744,0.43521639940828855,-0.7611409517929001,1.0066890377827438,Medium
0.7665190491062528,-0.7665190491062528,0.0,0.24308474742207503,-1.1418469069742356,0.6889999588387746,0.20420981798138385,-0.3936051025498673,-0.993355408143237,High
-0.22126323066984552,0.22126323066984552,0.0,1.1697102140881808,-0.9102036339878475,0.2290533908556138,-0.4888099262993303,0.3840233784801281,-0.993355408143237,Low
-1.2090455104459439,1.2090455104459439,0.0,1.86467931408776,-0.44691708801507124,-0.9208130291022882,-0.4888099262993303,0.5968072911997783,-0.993355408143237,Medium
0.5689625931510331,-0.5689625931510331,0.0,-0.45188435257750426,-0.21527381502868312,-0.6908397451107079,1.3592427251159074,1.0726694960091785,1.0066890377827438,High
2.34697069674801,-2.34697069674801,0.0,-0.915197085910557,-1.8367767259334,2.7587595147629984,-0.026796763445520868,1.5485317008185786,-0.993355408143237,Low
0.5689625931510331,-0.5689625931510331,0.0,-0.915197085910557,0.24801273094409315,-0.23089317712754703,0.8972295622620979,-0.8191729279891682,-0.993355408143237,Medium
-0.8139325985355046,0.8139325985355046,0.0,0.24308474742207503,0.7112992769168694,-1.3807595970854492,0.43521639940828855,1.1190950769661931,-0.993355408143237,High
1.359188416971912,-1.359188416971912,0.0,-0.6835407192440307,-0.9102036339878475,1.1489465268219354,0.43521639940828855,0.9682119388558958,-0.993355408143237,High
0.17384968124059383,-0.17384968124059383,0.0,-1.6101661859101364,1.4062290958760337,-0.0009198931359666289,0.20420981798138385,-0.405211497789121,1.0066890377827438,Low
-1.8017148783116028,1.8017148783116028,0.0,0.9380538474216543,1.1745858228896457,-0.46086646111912744,-1.643842833433854,1.7226276294073837,1.0066890377827438,Medium
0.17384968124059383,-0.17384968124059383,0.0,-1.6101661859101364,1.4062290958760337,-0.23089317712754703,0.43521639940828855,1.27771581190266,-0.993355408143237,Low
-0.023706774714625855,0.023706774714625855,0.0,0.4747411140886015,-0.44691708801507124,-0.0009198931359666289,-0.026796763445520868,-0.27367235174424626,-0.993355408143237,High
-0.023706774714625855,0.023706774714625855,0.0,0.9380538474216543,-0.9102036339878475,-1.3807595970854492,1.3592427251159074,-0.440030683506882,-0.993355408143237,Low
0.3714061371958135,-0.3714061371958135,0.0,-0.6835407192440307,0.24801273094409315,-0.0009198931359666289,0.43521639940828855,0.03583152130251833,1.0066890377827438,Low
0.3714061371958135,-0.3714061371958135,0.0,0.24308474742207503,-0.6785603610014593,-0.23089317712754703,0.6662229808351933,-0.4438994819199666,-0.993355408143237,Medium
0.5689625931510331,-0.5689625931510331,0.0,-0.6835407192440307,0.016369457957705016,2.0688396627882573,-1.412836252006949,-0.38199870731061364,1.0066890377827438,High
-0.6163761425802848,0.6163761425802848,0.0,1.6330229474212337,-0.9102036339878475,-0.0009198931359666289,-0.719816507726235,-1.4729998598004577,-0.993355408143237,High
-1.2090455104459439,1.2090455104459439,0.0,0.4747411140886015,0.9429425499032575,-0.23089317712754703,-1.1818296705800444,0.5968072911997783,-0.993355408143237,High
0.7665190491062528,-0.7665190491062528,0.0,-0.45188435257750426,-0.44691708801507124,1.6088930948050963,-0.719816507726235,0.5155625245250031,-0.993355408143237,High
0.9640755050614725,-0.9640755050614725,0.0,0.011428380755548613,-1.1418469069742356,0.6889999588387746,0.43521639940828855,0.47687454039415744,1.0066890377827438,Low
-1.0114890544907242,1.0114890544907242,0.0,0.9380538474216543,0.24801273094409315,-0.23089317712754703,-0.9508230891531397,-0.11118281839469485,-0.993355408143237,High
0.3714061371958135,-0.3714061371958135,0.0,0.011428380755548613,-0.44691708801507124,-0.0009198931359666289,0.43521639940828855,-0.4206866914414592,1.0066890377827438,Medium
-0.6163761425802848,0.6163761425802848,0.0,-0.6835407192440307,1.4062290958760337,-0.6908397451107079,-0.026796763445520868,0.30277861180535237,1.0066890377827438,Low
0.9640755050614725,-0.9640755050614725,0.0,-1.8418225525766627,0.7112992769168694,-0.46086646111912744,1.590249306542812,-0.13052681046011763,-0.993355408143237,Low
1.5567448729271316,-1.5567448729271316,0.0,-1.8418225525766627,0.016369457957705016,1.6088930948050963,0.20420981798138385,0.10546989273803993,1.0066890377827438,Low
-0.22126323066984552,0.22126323066984552,0.0,0.24308474742207503,0.016369457957705016,-0.46086646111912744,0.20420981798138385,-0.8810737025985211,1.0066890377827438,Low
-0.6163761425802848,0.6163761425802848,0.0,0.24308474742207503,0.47965600393048125,-0.23089317712754703,-0.4888099262993303,-0.7224529676620545,-0.993355408143237,High
-1.4066019664011635,1.4066019664011635,0.0,0.011428380755548613,1.637872368862422,1.1489465268219354,-2.7988757405683775,-0.7379281613143928,1.0066890377827438,Low
-0.4188196866250652,0.4188196866250652,0.0,0.24308474742207503,0.24801273094409315,-0.46086646111912744,-0.026796763445520868,0.40336737054555083,1.0066890377827438,High
0.5689625931510331,-0.5689625931510331,0.0,-0.6835407192440307,0.016369457957705016,-0.0009198931359666289,0.6662229808351933,0.33372899911002885,-0.993355408143237,Low
-0.22126323066984552,0.22126323066984552,0.0,0.7063974807551279,-0.44691708801507124,-1.6107328810770296,1.3592427251159074,1.3550917801643512,1.0066890377827438,Medium
0.17384968124059383,-0.17384968124059383,0.0,-1.1468534525770835,0.9429425499032575,-1.6107328810770296,1.821255887969717,-0.08797002791618751,-0.993355408143237,Medium
-0.22126323066984552,0.22126323066984552,0.0,0.7063974807551279,-0.44691708801507124,-0.6908397451107079,0.43521639940828855,-0.10731401998161029,-0.993355408143237,Low
0.17384968124059383,-0.17384968124059383,0.0,-0.6835407192440307,0.47965600393048125,0.4590266748471942,-0.25780334487242557,-1.0010064534041425,1.0066890377827438,Low
-0.22126323066984552,0.22126323066984552,0.0,0.4747411140886015,-0.21527381502868312,-1.1507863130938687,0.8972295622620979,0.07451950543336347,1.0066890377827438,Low
0.9640755050614725,-0.9640755050614725,0.0,-0.915197085910557,-0.21527381502868312,-0.46086646111912744,1.590249306542812,1.041719108704502,-0.993355408143237,Medium
3.1371965205688888,-3.1371965205688888,0.0,-1.8418225525766627,-1.8367767259334,1.378919810813516,2.283269050823526,1.32027259444659,1.0066890377827438,Low
0.5689625931510331,-0.5689625931510331,0.0,-0.45188435257750426,-0.21527381502868312,0.2290533908556138,0.43521639940828855,0.47300574198107287,-0.993355408143237,Low
0.3714061371958135,-0.3714061371958135,0.0,-1.8418225525766627,1.4062290958760337,-0.9208130291022882,1.3592427251159074,1.2738470134895754,-0.993355408143237,High
-0.4188196866250652,0.4188196866250652,0.0,0.011428380755548613,0.47965600393048125,-0.0009198931359666289,-0.4888099262993303,-1.0706448248396643,1.0066890377827438,Low
-0.023706774714625855,0.023706774714625855,0.0,1.86467931408776,-1.8367767259334,-0.23089317712754703,0.20420981798138385,-0.060888439024595606,1.0066890377827438,High
1.161631961016692,-1.161631961016692,0.0,-0.2202279859109778,-1.1418469069742356,1.6088930948050963,-0.25780334487242557,1.2854534087288292,-0.993355408143237,High
0.17384968124059383,-0.17384968124059383,0.0,-0.2202279859109778,0.016369457957705016,-0.9208130291022882,1.1282361436890027,-0.7495345565536464,-0.993355408143237,Low
0.3714061371958135,-0.3714061371958135,0.0,0.9380538474216543,-1.3734901799606238,-0.6908397451107079,1.1282361436890027,1.208077440467138,-0.993355408143237,Medium
-0.8139325985355046,0.8139325985355046,0.0,0.24308474742207503,0.7112992769168694,-0.46086646111912744,-0.4888099262993303,-0.3123603358750916,-0.993355408143237,High
0.7665190491062528,-0.7665190491062528,0.0,-0.45188435257750426,-0.44691708801507124,0.2290533908556138,0.6662229808351933,-1.4110990851911052,-0.993355408143237,High
0.5689625931510331,-0.5689625931510331,0.0,-0.45188435257750426,-0.21527381502868312,1.8388663787966766,-1.1818296705800444,-0.6102578136826023,-0.993355408143237,Low
0.5689625931510331,-0.5689625931510331,0.0,0.24308474742207503,-0.9102036339878475,-1.3807595970854492,2.0522624693966214,0.6471016705698776,1.0066890377827438,High
1.5567448729271316,-1.5567448729271316,0.0,-0.6835407192440307,-1.1418469069742356,0.2290533908556138,1.590249306542812,0.8985735674203738,-0.993355408143237,Medium
-0.22126323066984552,0.22126323066984552,0.0,-0.6835407192440307,0.9429425499032575,0.6889999588387746,-0.9508230891531397,0.2950410149791832,1.0066890377827438,High
-0.023706774714625855,0.023706774714625855,0.0,0.24308474742207503,-0.21527381502868312,1.8388663787966766,-1.8748494148607586,-0.8191729279891682,-0.993355408143237,Medium
0.9640755050614725,-0.9640755050614725,0.0,-2.0734789192431893,0.9429425499032575,-0.6908397451107079,1.821255887969717,1.5910884833625087,-0.993355408143237,High
-1.6041584223563832,1.6041584223563832,0.0,2.0963356807542866,-0.21527381502868312,-2.7605993010349317,0.8972295622620979,-0.9545808724471277,-0.993355408143237,Low
-1.4066019664011635,1.4066019664011635,0.0,0.24308474742207503,1.4062290958760337,-1.8407061650686098,0.20420981798138385,-0.14600200411245587,1.0066890377827438,High
-0.22126323066984552,0.22126323066984552,0.0,-1.1468534525770835,1.4062290958760337,-0.0009198931359666289,-0.25780334487242557,-0.4129490946152901,1.0066890377827438,High
-1.2090455104459439,1.2090455104459439,0.0,1.401366580754707,0.016369457957705016,-0.9208130291022882,-0.4888099262993303,-1.1132016073835944,-0.993355408143237,High
-0.22126323066984552,0.22126323066984552,0.0,0.9380538474216543,-0.6785603610014593,-0.0009198931359666289,-0.25780334487242557,-0.8075665327499145,-0.993355408143237,Medium
2.7420836086584495,-2.7420836086584495,0.0,-1.8418225525766627,-1.3734901799606238,3.4486793667377396,-0.25780334487242557,1.2390278277718143,-0.993355408143237,Low
-0.8139325985355046,0.8139325985355046,0.0,-0.45188435257750426,1.4062290958760337,-0.23089317712754703,-0.719816507726235,0.7979848086801753,-0.993355408143237,Low
-0.023706774714625855,0.023706774714625855,0.0,0.24308474742207503,-0.21527381502868312,0.4590266748471942,-0.4888099262993303,-1.4343118756696125,1.0066890377827438,High
-1.6041584223563832,1.6041584223563832,0.0,0.9380538474216543,0.9429425499032575,-1.8407061650686098,-0.026796763445520868,1.4169925547737041,-0.993355408143237,High
-0.6163761425802848,0.6163761425802848,0.0,1.1697102140881808,-0.44691708801507124,-0.46086646111912744,-0.25780334487242557,1.0378503102914174,-0.993355408143237,Medium
0.5689625931510331,-0.5689625931510331,0.0,0.4747411140886015,-1.1418469069742356,0.4590266748471942,0.20420981798138385,-0.5212754501816578,-0.993355408143237,Medium
0.17384968124059383,-0.17384968124059383,0.0,0.9380538474216543,-1.1418469069742356,0.6889999588387746,-0.4888099262993303,0.5426441134165945,1.0066890377827438,High
-0.22126323066984552,0.22126323066984552,0.0,0.24308474742207503,0.016369457957705016,-0.23089317712754703,-0.026796763445520868,0.8057224055063444,1.0066890377827438,Low
1.9518577848375709,-1.9518577848375709,0.0,-1.3785098192436098,-0.9102036339878475,2.7587595147629984,-0.4888099262993303,-1.5697198201275717,-0.993355408143237,Medium
0.5689625931510331,-0.5689625931510331,0.0,0.24308474742207503,-0.9102036339878475,0.6889999588387746,-0.026796763445520868,1.7148900325812146,-0.993355408143237,High
-0.023706774714625855,0.023706774714625855,0.0,-0.6835407192440307,0.7112992769168694,1.1489465268219354,-1.1818296705800444,-0.4709810708115585,1.0066890377827438,Medium
-0.6163761425802848,0.6163761425802848,0.0,0.24308474742207503,0.47965600393048125,0.2290533908556138,-0.9508230891531397,-0.08410122950310295,-0.993355408143237,High
1.7543013288823512,-1.7543013288823512,0.0,-0.915197085910557,-1.1418469069742356,-0.6908397451107079,2.745282213677336,-0.27367235174424626,1.0066890377827438,High
-0.8139325985355046,0.8139325985355046,0.0,0.4747411140886015,0.47965600393048125,0.2290533908556138,-1.1818296705800444,1.5291877087531558,1.0066890377827438,High
0.3714061371958135,-0.3714061371958135,0.0,-1.3785098192436098,0.9429425499032575,-0.46086646111912744,0.8972295622620979,0.2292714419567458,1.0066890377827438,Low
0.5689625931510331,-0.5689625931510331,0.0,0.011428380755548613,-0.6785603610014593,0.918973242830355,-0.25780334487242557,-1.2872975359723995,1.0066890377827438,High
0.9640755050614725,-0.9640755050614725,0.0,-0.6835407192440307,-0.44691708801507124,-0.0009198931359666289,1.1282361436890027,-0.153739600938625,-0.993355408143237,Medium
-1.0114890544907242,1.0114890544907242,0.0,0.7063974807551279,0.47965600393048125,0.918973242830355,-2.105855996287663,-1.5155566423443878,1.0066890377827438,High
0.3714061371958135,-0.3714061371958135,0.0,-0.2202279859109778,-0.21527381502868312,-0.9208130291022882,1.3592427251159074,-1.5774574169537408,1.0066890377827438,Medium
0.5689625931510331,-0.5689625931510331,0.0,0.011428380755548613,-0.6785603610014593,-0.46086646111912744,1.1282361436890027,0.09773229591187083,1.0066890377827438,High
0.9640755050614725,-0.9640755050614725,0.0,-1.1468534525770835,0.016369457957705016,2.2988129467798375,-1.1818296705800444,0.5542505086558481,-0.993355408143237,Medium
0.5689625931510331,-0.5689625931510331,0.0,0.9380538474216543,-1.6051334529470118,0.6889999588387746,-0.026796763445520868,0.2254026435436612,-0.993355408143237,Medium
0.5689625931510331,-0.5689625931510331,0.0,-0.6835407192440307,0.016369457957705016,-0.23089317712754703,0.8972295622620979,-1.0358256391219032,1.0066890377827438,Low
0.17384968124059383,-0.17384968124059383,0.0,-0.45188435257750426,0.24801273094409315,-0.0009198931359666289,0.20420981798138385,1.3047974007942518,-0.993355408143237,Low
-0.6163761425802848,0.6163761425802848,0.0,0.24308474742207503,0.47965600393048125,-0.6908397451107079,-0.026796763445520868,-0.6992401771835471,-0.993355408143237,High
1.161631961016692,-1.161631961016692,0.0,-0.2202279859109778,-1.1418469069742356,-0.9208130291022882,2.283269050823526,-1.376279899473344,1.0066890377827438,Low
1.161631961016692,-1.161631961016692,0.0,-1.1468534525770835,-0.21527381502868312,1.378919810813516,-0.026796763445520868,-0.5986514184433487,1.0066890377827438,Medium
-0.023706774714625855,0.023706774714625855,0.0,-0.45188435257750426,0.47965600393048125,-0.0009198931359666289,-0.026796763445520868,-0.6760273867050398,-0.993355408143237,High
0.5689625931510331,-0.5689625931510331,0.0,-0.915197085910557,0.24801273094409315,1.6088930948050963,-0.9508230891531397,1.505974918274649,-0.993355408143237,Medium
0.3714061371958135,-0.3714061371958135,0.0,1.1697102140881808,-1.6051334529470118,0.4590266748471942,-0.026796763445520868,-1.0783824216658333,-0.993355408143237,High
0.17384968124059383,-0.17384968124059383,0.0,-0.2202279859109778,0.016369457957705016,-0.0009198931359666289,0.20420981798138385,-0.9932688565779733,-0.993355408143237,High
1.161631961016692,-1.161631961016692,0.0,-1.1468534525770835,-0.21527381502868312,0.6889999588387746,0.6662229808351933,1.3628293769905202,-0.993355408143237,Medium
0.9640755050614725,-0.9640755050614725,0.0,-1.3785098192436098,0.24801273094409315,-0.9208130291022882,2.0522624693966214,0.024225126063264657,1.0066890377827438,Medium
-2.7894971580877015,2.7894971580877015,0.0,1.1697102140881808,2.101158914835198,-1.8407061650686098,-1.412836252006949,-1.0513008327742415,1.0066890377827438,Medium
-0.4188196866250652,0.4188196866250652,0.0,0.9380538474216543,-0.44691708801507124,-1.1507863130938687,0.6662229808351933,-0.900417694663944,-0.993355408143237,Low
0.3714061371958135,-0.3714061371958135,0.0,0.011428380755548613,-0.44691708801507124,0.918973242830355,-0.4888099262993303,0.5039561292857494,-0.993355408143237,Medium
1.9518577848375709,-1.9518577848375709,0.0,0.4747411140886015,-2.7633498178789524,1.378919810813516,0.8972295622620979,-0.9042864930770285,-0.993355408143237,Low
0.9640755050614725,-0.9640755050614725,0.0,-0.6835407192440307,-0.44691708801507124,-0.6908397451107079,1.821255887969717,1.7303652262335527,1.0066890377827438,Low
-0.023706774714625855,0.023706774714625855,0.0,0.7063974807551279,-0.6785603610014593,-0.0009198931359666289,-0.026796763445520868,1.0223751166390795,-0.993355408143237,High
0.5689625931510331,-0.5689625931510331,0.0,-1.3785098192436098,0.7112992769168694,0.4590266748471942,0.20420981798138385,0.4343177578502273,-0.993355408143237,Low
1.5567448729271316,-1.5567448729271316,0.0,-1.8418225525766627,0.016369457957705016,-0.46086646111912744,2.283269050823526,-0.40908029620220554,1.0066890377827438,Low
0.17384968124059383,-0.17384968124059383,0.0,0.011428380755548613,-0.21527381502868312,0.2290533908556138,-0.026796763445520868,-1.654833385215432,1.0066890377827438,Low
-0.6163761425802848,0.6163761425802848,0.0,1.401366580754707,-0.6785603610014593,-1.1507863130938687,0.43521639940828855,0.948867946790473,-0.993355408143237,Medium
1.161631961016692,-1.161631961016692,0.0,0.24308474742207503,-1.6051334529470118,1.378919810813516,-0.026796763445520868,0.5735945007212709,-0.993355408143237,Low
-0.4188196866250652,0.4188196866250652,0.0,-0.45188435257750426,0.9429425499032575,0.918973242830355,-1.412836252006949,0.15963307052122375,1.0066890377827438,High
-0.023706774714625855,0.023706774714625855,0.0,-0.915197085910557,0.9429425499032575,-0.23089317712754703,0.20420981798138385,0.10160109432495537,1.0066890377827438,High
-0.023706774714625855,0.023706774714625855,0.0,0.24308474742207503,-0.21527381502868312,0.918973242830355,-0.9508230891531397,1.5756132897101705,1.0066890377827438,High
-1.0114890544907242,1.0114890544907242,0.0,1.401366580754707,-0.21527381502868312,-0.6908397451107079,-0.4888099262993303,0.21379624830440755,1.0066890377827438,Medium
-0.023706774714625855,0.023706774714625855,0.0,-0.45188435257750426,0.47965600393048125,-0.9208130291022882,0.8972295622620979,-0.37039231207136,1.0066890377827438,Low
0.5689625931510331,-0.5689625931510331,0.0,2.3279920474208127,-2.9949930908653406,1.1489465268219354,-0.4888099262993303,-1.3453295121686677,-0.993355408143237,Medium
2.1494142407927908,-2.1494142407927908,0.0,-0.6835407192440307,-1.8367767259334,0.2290533908556138,2.283269050823526,-1.558113424888318,-0.993355408143237,Medium
-0.22126323066984552,0.22126323066984552,0.0,-0.2202279859109778,0.47965600393048125,-0.46086646111912744,0.20420981798138385,0.18284586099973107,-0.993355408143237,Low
0.3714061371958135,-0.3714061371958135,0.0,-0.45188435257750426,0.016369457957705016,0.2290533908556138,0.20420981798138385,1.3783045706428585,1.0066890377827438,High
1.359188416971912,-1.359188416971912,0.0,-0.2202279859109778,-1.3734901799606238,0.4590266748471942,1.1282361436890027,-1.0590384296004105,-0.993355408143237,High
-0.6163761425802848,0.6163761425802848,0.0,-0.45188435257750426,1.1745858228896457,0.4590266748471942,-1.1818296705800444,0.8908359705942046,1.0066890377827438,Medium
-0.023706774714625855,0.023706774714625855,0.0,-0.915197085910557,0.9429425499032575,-0.9208130291022882,0.8972295622620979,-0.5174066517685731,-0.993355408143237,High
1.9518577848375709,-1.9518577848375709,0.0,0.24308474742207503,-2.531706544892564,0.918973242830355,1.3592427251159074,-1.558113424888318,1.0066890377827438,Low
-0.4188196866250652,0.4188196866250652,0.0,0.24308474742207503,0.24801273094409315,-0.9208130291022882,0.43521639940828855,0.44592415308948097,1.0066890377827438,Medium
-0.22126323066984552,0.22126323066984552,0.0,0.7063974807551279,-0.44691708801507124,-0.46086646111912744,0.20420981798138385,0.6819208562876385,-0.993355408143237,Medium
-0.8139325985355046,0.8139325985355046,0.0,-0.2202279859109778,1.1745858228896457,-1.8407061650686098,0.8972295622620979,-1.7283405550640385,-0.993355408143237,Medium
-0.023706774714625855,0.023706774714625855,0.0,-0.2202279859109778,0.24801273094409315,-0.6908397451107079,0.6662229808351933,-1.4575246661481196,-0.993355408143237,High
0.17384968124059383,-0.17384968124059383,0.0,0.011428380755548613,-0.21527381502868312,0.4590266748471942,-0.25780334487242557,0.8057224055063444,-0.993355408143237,Medium
-0.22126323066984552,0.22126323066984552,0.0,0.7063974807551279,-0.44691708801507124,0.2290533908556138,-0.4888099262993303,-0.2349843676134007,-0.993355408143237,Medium
2.9396400646136693,-2.9396400646136693,0.0,-2.305135285909716,-1.1418469069742356,2.0688396627882573,1.3592427251159074,-0.6412082009872788,1.0066890377827438,Low
-0.22126323066984552,0.22126323066984552,0.0,-1.1468534525770835,1.4062290958760337,-0.46086646111912744,0.20420981798138385,0.10546989273803993,1.0066890377827438,Low
-1.4066019664011635,1.4066019664011635,0.0,1.86467931408776,-0.21527381502868312,-0.6908397451107079,-0.9508230891531397,1.2854534087288292,1.0066890377827438,High
-1.2090455104459439,1.2090455104459439,0.0,0.7063974807551279,0.7112992769168694,-0.23089317712754703,-1.1818296705800444,-1.3801486978864286,-0.993355408143237,Low
1.161631961016692,-1.161631961016692,0.0,1.1697102140881808,-2.531706544892564,-0.46086646111912744,1.821255887969717,-0.683764983531209,1.0066890377827438,Medium
1.9518577848375709,-1.9518577848375709,0.0,-0.45188435257750426,-1.8367767259334,2.5287862307714177,-0.25780334487242557,1.0339815118783329,-0.993355408143237,High
0.3714061371958135,-0.3714061371958135,0.0,0.011428380755548613,-0.44691708801507124,0.6889999588387746,-0.25780334487242557,1.32027259444659,1.0066890377827438,Low
-2.3943842461772618,2.3943842461772618,0.0,3.022961147420392,-0.21527381502868312,-3.2205458690180926,0.43521639940828855,1.6529892579718617,1.0066890377827438,Medium
-0.6163761425802848,0.6163761425802848,0.0,-0.915197085910557,1.637872368862422,0.4590266748471942,-1.1818296705800444,1.084275891248432,-0.993355408143237,High
0.3714061371958135,-0.3714061371958135,0.0,-1.1468534525770835,0.7112992769168694,0.918973242830355,-0.4888099262993303,1.7342340246466372,-0.993355408143237,Medium
-0.6163761425802848,0.6163761425802848,0.0,-0.915197085910557,1.637872368862422,-0.46086646111912744,-0.25780334487242557,1.0726694960091785,-0.993355408143237,Medium
0.5689625931510331,-0.5689625931510331,0.0,0.24308474742207503,-0.9102036339878475,1.6088930948050963,-0.9508230891531397,-1.6084078042584173,-0.993355408143237,High
1.7543013288823512,-1.7543013288823512,0.0,-2.536791652576242,0.47965600393048125,-0.0009198931359666289,2.0522624693966214,-0.6605521930527016,1.0066890377827438,Low
-1.9992713342668227,1.9992713342668227,0.0,1.401366580754707,0.9429425499032575,-2.0706794490601905,-0.25780334487242557,-0.3665235136582754,1.0066890377827438,High
-1.0114890544907242,1.0114890544907242,0.0,2.0963356807542866,-0.9102036339878475,-0.9208130291022882,-0.25780334487242557,0.5078249276988339,1.0066890377827438,High
0.17384968124059383,-0.17384968124059383,0.0,0.24308474742207503,-0.44691708801507124,0.4590266748471942,-0.25780334487242557,0.3801545800670435,-0.993355408143237,High
0.9640755050614725,-0.9640755050614725,0.0,-1.1468534525770835,0.016369457957705016,-0.23089317712754703,1.3592427251159074,0.7670344213754988,-0.993355408143237,High
-0.22126323066984552,0.22126323066984552,0.0,1.1697102140881808,-0.9102036339878475,-0.9208130291022882,0.6662229808351933,0.7051336467661459,-0.993355408143237,High
-1.0114890544907242,1.0114890544907242,0.0,1.86467931408776,-0.6785603610014593,-1.3807595970854492,0.20420981798138385,-1.592932610606079,-0.993355408143237,Medium
1.9518577848375709,-1.9518577848375709,0.0,-0.915197085910557,-1.3734901799606238,-0.6908397451107079,2.9762887951042405,-1.047432034361157,-0.993355408143237,High
-0.8139325985355046,0.8139325985355046,0.0,0.4747411140886015,0.47965600393048125,-1.1507863130938687,0.20420981798138385,-0.1808211898302169,1.0066890377827438,Low
0.5689625931510331,-0.5689625931510331,0.0,0.9380538474216543,-1.6051334529470118,-0.0009198931359666289,0.6662229808351933,1.2931910055549982,1.0066890377827438,High
0.5689625931510331,-0.5689625931510331,0.0,-0.2202279859109778,-0.44691708801507124,1.378919810813516,-0.719816507726235,-0.5599634343125031,-0.993355408143237,Medium
0.3714061371958135,-0.3714061371958135,0.0,-0.2202279859109778,-0.21527381502868312,-0.23089317712754703,0.6662229808351933,0.19445225623898477,1.0066890377827438,Low
1.9518577848375709,-1.9518577848375709,0.0,-1.1468534525770835,-1.1418469069742356,-0.0009198931359666289,2.283269050823526,-0.71858416924897,-0.993355408143237,High
-0.4188196866250652,0.4188196866250652,0.0,-0.6835407192440307,1.1745858228896457,0.2290533908556138,-0.719816507726235,-1.5039502471051343,1.0066890377827438,Medium
-1.0114890544907242,1.0114890544907242,0.0,0.4747411140886015,0.7112992769168694,-0.9208130291022882,-0.25780334487242557,-0.7379281613143928,-0.993355408143237,Low
0.3714061371958135,-0.3714061371958135,0.0,-0.6835407192440307,0.24801273094409315,-1.1507863130938687,1.590249306542812,-0.029938051719919145,1.0066890377827438,High
0.9640755050614725,-0.9640755050614725,0.0,1.1697102140881808,-2.3000632719061764,0.6889999588387746,0.43521639940828855,0.5116937261119184,1.0066890377827438,Low
-0.6163761425802848,0.6163761425802848,0.0,0.011428380755548613,0.7112992769168694,1.1489465268219354,-1.8748494148607586,-1.4536558677350353,1.0066890377827438,Medium
-0.6163761425802848,0.6163761425802848,0.0,-1.1468534525770835,1.8695156418488101,-0.23089317712754703,-0.4888099262993303,0.6703144610483849,-0.993355408143237,Medium
-0.023706774714625855,0.023706774714625855,0.0,-0.915197085910557,0.9429425499032575,-0.0009198931359666289,-0.026796763445520868,-1.5697198201275717,1.0066890377827438,High
0.7665190491062528,-0.7665190491062528,0.0,-1.1468534525770835,0.24801273094409315,-1.3807595970854492,2.283269050823526,-0.501931458116235,1.0066890377827438,Low
-0.023706774714625855,0.023706774714625855,0.0,1.1697102140881808,-1.1418469069742356,0.4590266748471942,-0.4888099262993303,0.4536617499156501,1.0066890377827438,High
-0.023706774714625855,0.023706774714625855,0.0,0.7063974807551279,-0.6785603610014593,-0.23089317712754703,0.20420981798138385,-0.2427219644395698,-0.993355408143237,Low
0.5689625931510331,-0.5689625931510331,0.0,-0.2202279859109778,-0.44691708801507124,0.4590266748471942,0.20420981798138385,-0.14213320569937132,-0.993355408143237,Low
0.17384968124059383,-0.17384968124059383,0.0,0.24308474742207503,-0.44691708801507124,-0.0009198931359666289,0.20420981798138385,0.5310377181773412,1.0066890377827438,Medium
1.359188416971912,-1.359188416971912,0.0,-1.3785098192436098,-0.21527381502868312,0.6889999588387746,0.8972295622620979,-0.8346481216415065,-0.993355408143237,Low
0.3714061371958135,-0.3714061371958135,0.0,0.4747411140886015,-0.9102036339878475,1.1489465268219354,-0.719816507726235,0.4613993467418192,-0.993355408143237,High
-0.8139325985355046,0.8139325985355046,0.0,0.9380538474216543,0.016369457957705016,-0.9208130291022882,-0.026796763445520868,0.4072361689586354,-0.993355408143237,Medium
0.9640755050614725,-0.9640755050614725,0.0,0.011428380755548613,-1.1418469069742356,0.2290533908556138,0.8972295622620979,-0.7379281613143928,-0.993355408143237,Medium
1.161631961016692,-1.161631961016692,0.0,-1.3785098192436098,0.016369457957705016,0.4590266748471942,0.8972295622620979,-0.11505161680777941,1.0066890377827438,High
1.161631961016692,-1.161631961016692,0.0,-0.2202279859109778,-1.1418469069742356,0.918973242830355,0.43521639940828855,0.36854818482778984,-0.993355408143237,Low
-0.4188196866250652,0.4188196866250652,0.0,-0.6835407192440307,1.1745858228896457,0.4590266748471942,-0.9508230891531397,-1.6935213693462776,1.0066890377827438,Medium
-0.22126323066984552,0.22126323066984552,0.0,0.4747411140886015,-0.21527381502868312,-1.1507863130938687,0.8972295622620979,-0.7611409517929001,1.0066890377827438,High
-1.2090455104459439,1.2090455104459439,0.0,1.6330229474212337,-0.21527381502868312,-1.1507863130938687,-0.25780334487242557,-0.6721585882919553,1.0066890377827438,Low
-1.0114890544907242,1.0114890544907242,0.0,1.86467931408776,-0.6785603610014593,-1.8407061650686098,0.6662229808351933,-1.325985520103245,-0.993355408143237,Medium
-0.023706774714625855,0.023706774714625855,0.0,0.7063974807551279,-0.6785603610014593,-0.46086646111912744,0.43521639940828855,-1.291166334385484,1.0066890377827438,Medium
1.359188416971912,-1.359188416971912,0.0,-0.2202279859109778,-1.3734901799606238,-0.0009198931359666289,1.590249306542812,-1.3801486978864286,1.0066890377827438,Medium
-0.22126323066984552,0.22126323066984552,0.0,-0.45188435257750426,0.7112992769168694,-1.6107328810770296,1.3592427251159074,1.0920134880746013,1.0066890377827438,Medium
-0.023706774714625855,0.023706774714625855,0.0,0.011428380755548613,0.016369457957705016,-0.23089317712754703,0.20420981798138385,1.1693894563362923,1.0066890377827438,Medium
-0.6163761425802848,0.6163761425802848,0.0,1.1697102140881808,-0.44691708801507124,0.2290533908556138,-0.9508230891531397,0.016487529237095545,-0.993355408143237,Medium
0.17384968124059383,-0.17384968124059383,0.0,0.011428380755548613,-0.21527381502868312,-0.46086646111912744,0.6662229808351933,-0.3626547152451909,-0.993355408143237,Medium
-0.8139325985355046,0.8139325985355046,0.0,0.9380538474216543,0.016369457957705016,-1.3807595970854492,0.43521639940828855,0.08999469908570171,-0.993355408143237,High
-1.0114890544907242,1.0114890544907242,0.0,0.7063974807551279,0.47965600393048125,-0.0009198931359666289,-1.1818296705800444,-0.9158928883162821,-0.993355408143237,Low
0.5689625931510331,-0.5689625931510331,0.0,0.24308474742207503,-0.9102036339878475,0.6889999588387746,-0.026796763445520868,-1.5890638121929945,1.0066890377827438,Low
-0.6163761425802848,0.6163761425802848,0.0,0.011428380755548613,0.7112992769168694,-0.0009198931359666289,-0.719816507726235,-0.6257330073349405,1.0066890377827438,Medium
-0.22126323066984552,0.22126323066984552,0.0,0.4747411140886015,-0.21527381502868312,-0.46086646111912744,0.20420981798138385,0.914048761072712,-0.993355408143237,Medium
0.17384968124059383,-0.17384968124059383,0.0,0.4747411140886015,-0.6785603610014593,-0.46086646111912744,0.6662229808351933,-1.4729998598004577,1.0066890377827438,High
-0.6163761425802848,0.6163761425802848,0.0,-0.45188435257750426,1.1745858228896457,-0.0009198931359666289,-0.719816507726235,-0.014462858067580915,1.0066890377827438,Low
0.5689625931510331,-0.5689625931510331,0.0,-0.2202279859109778,-0.44691708801507124,-0.23089317712754703,0.8972295622620979,0.9720807372689804,1.0066890377827438,Low
2.34697069674801,-2.34697069674801,0.0,-1.3785098192436098,-1.3734901799606238,1.6088930948050963,1.1282361436890027,-0.08023243109001839,1.0066890377827438,High
-1.6041584223563832,1.6041584223563832,0.0,2.791304780753866,-0.9102036339878475,-0.9208130291022882,-0.9508230891531397,0.3569417895885362,1.0066890377827438,Low
-1.2090455104459439,1.2090455104459439,0.0,1.6330229474212337,-0.21527381502868312,-1.6107328810770296,0.20420981798138385,0.15576427210813917,1.0066890377827438,Low
-0.4188196866250652,0.4188196866250652,0.0,-0.2202279859109778,0.7112992769168694,-0.46086646111912744,-0.026796763445520868,0.5619881054820173,-0.993355408143237,Low
-0.22126323066984552,0.22126323066984552,0.0,0.011428380755548613,0.24801273094409315,0.2290533908556138,-0.4888099262993303,0.8366727928110208,1.0066890377827438,Medium
2.7420836086584495,-2.7420836086584495,0.0,-2.536791652576242,-0.6785603610014593,2.5287862307714177,0.6662229808351933,-0.29301634380966907,1.0066890377827438,Low
-2.7894971580877015,2.7894971580877015,0.0,3.022961147420392,0.24801273094409315,-1.8407061650686098,-1.412836252006949,-0.8617297105330983,1.0066890377827438,Low
0.7665190491062528,-0.7665190491062528,0.0,-0.915197085910557,0.016369457957705016,1.1489465268219354,-0.25780334487242557,1.3589605785774357,-0.993355408143237,Low
2.1494142407927908,-2.1494142407927908,0.0,-0.6835407192440307,-1.8367767259334,1.8388663787966766,0.6662229808351933,-0.40908029620220554,-0.993355408143237,Medium
-1.2090455104459439,1.2090455104459439,0.0,-1.1468534525770835,2.5644454608079745,-1.1507863130938687,-0.25780334487242557,-1.2447407534284693,1.0066890377827438,Low
0.17384968124059383,-0.17384968124059383,0.0,-1.3785098192436098,1.1745858228896457,1.1489465268219354,-0.9508230891531397,0.5890696943736092,1.0066890377827438,Low
1.359188416971912,-1.359188416971912,0.0,-1.3785098192436098,-0.21527381502868312,0.4590266748471942,1.1282361436890027,0.1983210546520693,1.0066890377827438,Low
-2.5919407021324816,2.5919407021324816,0.0,1.6330229474212337,1.4062290958760337,-2.530626017043351,-0.4888099262993303,0.15189547369505463,1.0066890377827438,High
-0.8139325985355046,0.8139325985355046,0.0,1.6330229474212337,-0.6785603610014593,-0.46086646111912744,-0.4888099262993303,-0.09957642315544118,1.0066890377827438,Low
2.54452715270323,-2.54452715270323,0.0,-2.0734789192431893,-0.9102036339878475,1.6088930948050963,1.3592427251159074,1.649120459558777,1.0066890377827438,High
-1.0114890544907242,1.0114890544907242,0.0,0.9380538474216543,0.24801273094409315,-0.9208130291022882,-0.25780334487242557,-0.873336105772352,1.0066890377827438,Medium
-0.22126323066984552,0.22126323066984552,0.0,0.4747411140886015,-0.21527381502868312,-0.6908397451107079,0.43521639940828855,-1.3994926899518514,1.0066890377827438,Medium
-0.4188196866250652,0.4188196866250652,0.0,0.4747411140886015,0.016369457957705016,0.2290533908556138,-0.719816507726235,-0.14600200411245587,-0.993355408143237,Medium
-0.023706774714625855,0.023706774714625855,0.0,0.7063974807551279,-0.6785603610014593,0.6889999588387746,-0.719816507726235,-1.6045390058453328,-0.993355408143237,High
-1.6041584223563832,1.6041584223563832,0.0,-0.45188435257750426,2.3328021878215863,-1.1507863130938687,-0.719816507726235,-0.4129490946152901,-0.993355408143237,High
-0.4188196866250652,0.4188196866250652,0.0,0.7063974807551279,-0.21527381502868312,-0.23089317712754703,-0.25780334487242557,-0.40908029620220554,1.0066890377827438,Low
-1.2090455104459439,1.2090455104459439,0.0,1.86467931408776,-0.44691708801507124,-1.1507863130938687,-0.25780334487242557,-0.6528145962265325,1.0066890377827438,Medium
0.3714061371958135,-0.3714061371958135,0.0,0.4747411140886015,-0.9102036339878475,-1.6107328810770296,2.0522624693966214,0.6587080658091312,1.0066890377827438,High
-0.8139325985355046,0.8139325985355046,0.0,0.011428380755548613,0.9429425499032575,-1.1507863130938687,0.20420981798138385,-1.012612848643396,-0.993355408143237,High
-0.22126323066984552,0.22126323066984552,0.0,0.011428380755548613,0.24801273094409315,-0.46086646111912744,0.20420981798138385,0.8405415912241054,-0.993355408143237,Medium
1.5567448729271316,-1.5567448729271316,0.0,-0.915197085910557,-0.9102036339878475,1.8388663787966766,-0.026796763445520868,0.9682119388558958,1.0066890377827438,Medium
-0.22126323066984552,0.22126323066984552,0.0,1.401366580754707,-1.1418469069742356,-1.6107328810770296,1.3592427251159074,-1.2679535439069767,-0.993355408143237,High
0.3714061371958135,-0.3714061371958135,0.0,0.9380538474216543,-1.3734901799606238,0.6889999588387746,-0.25780334487242557,0.712871243592315,1.0066890377827438,High
-0.22126323066984552,0.22126323066984552,0.0,0.011428380755548613,0.24801273094409315,-0.23089317712754703,-0.026796763445520868,0.9217863578988811,-0.993355408143237,High
0.7665190491062528,-0.7665190491062528,0.0,0.011428380755548613,-0.9102036339878475,0.4590266748471942,0.43521639940828855,-0.9429744772078741,1.0066890377827438,High
0.5689625931510331,-0.5689625931510331,0.0,0.7063974807551279,-1.3734901799606238,-2.0706794490601905,2.745282213677336,-1.732209353477123,1.0066890377827438,Medium
-0.8139325985355046,0.8139325985355046,0.0,0.4747411140886015,0.47965600393048125,-1.1507863130938687,0.20420981798138385,-0.3510483200059372,-0.993355408143237,High
1.161631961016692,-1.161631961016692,0.0,-0.2202279859109778,-1.1418469069742356,2.7587595147629984,-1.412836252006949,-1.2176591645368775,1.0066890377827438,Medium
0.5689625931510331,-0.5689625931510331,0.0,-0.45188435257750426,-0.21527381502868312,0.4590266748471942,0.20420981798138385,-0.6102578136826023,-0.993355408143237,Low
0.9640755050614725,-0.9640755050614725,0.0,-0.6835407192440307,-0.44691708801507124,0.6889999588387746,0.43521639940828855,-0.656683394639617,1.0066890377827438,Low
1.7543013288823512,-1.7543013288823512,0.0,-0.6835407192440307,-1.3734901799606238,1.8388663787966766,0.20420981798138385,0.739952832483907,1.0066890377827438,Low
-0.8139325985355046,0.8139325985355046,0.0,1.6330229474212337,-0.6785603610014593,-0.0009198931359666289,-0.9508230891531397,-0.6063890152695177,1.0066890377827438,High
0.7665190491062528,-0.7665190491062528,0.0,0.24308474742207503,-1.1418469069742356,1.6088930948050963,-0.719816507726235,1.738102823059722,-0.993355408143237,High
0.7665190491062528,-0.7665190491062528,0.0,-0.2202279859109778,-0.6785603610014593,0.2290533908556138,0.6662229808351933,1.5524004992316631,-0.993355408143237,Low
-0.6163761425802848,0.6163761425802848,0.0,-0.45188435257750426,1.1745858228896457,0.2290533908556138,-0.9508230891531397,0.14802667528197005,1.0066890377827438,High
-0.023706774714625855,0.023706774714625855,0.0,0.7063974807551279,-0.6785603610014593,-1.1507863130938687,1.1282361436890027,1.0649318991830092,-0.993355408143237,Medium
0.17384968124059383,-0.17384968124059383,0.0,-0.2202279859109778,0.016369457957705016,-0.6908397451107079,0.8972295622620979,0.031962722889433776,-0.993355408143237,High
0.17384968124059383,-0.17384968124059383,0.0,0.011428380755548613,-0.21527381502868312,0.918973242830355,-0.719816507726235,-1.1557583899275246,1.0066890377827438,Medium
0.3714061371958135,-0.3714061371958135,0.0,-1.1468534525770835,0.7112992769168694,0.2290533908556138,0.20420981798138385,0.6896584531138077,-0.993355408143237,Low
1.359188416971912,-1.359188416971912,0.0,-0.915197085910557,-0.6785603610014593,0.6889999588387746,0.8972295622620979,-1.2640847454938922,1.0066890377827438,Low
0.17384968124059383,-0.17384968124059383,0.0,0.011428380755548613,-0.21527381502868312,0.918973242830355,-0.719816507726235,0.31051620863152146,1.0066890377827438,High
0.3714061371958135,-0.3714061371958135,0.0,0.24308474742207503,-0.6785603610014593,-0.6908397451107079,1.1282361436890027,-0.34717952159285265,1.0066890377827438,Low
-0.8139325985355046,0.8139325985355046,0.0,-1.1468534525770835,2.101158914835198,0.2290533908556138,-1.1818296705800444,1.0494567055306712,1.0066890377827438,Medium
0.5689625931510331,-0.5689625931510331,0.0,-0.45188435257750426,-0.21527381502868312,-0.0009198931359666289,0.6662229808351933,0.7515592277231606,-0.993355408143237,Medium
-0.8139325985355046,0.8139325985355046,0.0,0.7063974807551279,0.24801273094409315,-0.0009198931359666289,-0.9508230891531397,1.478893329383057,1.0066890377827438,High
1.5567448729271316,-1.5567448729271316,0.0,-0.45188435257750426,-1.3734901799606238,1.378919810813516,0.43521639940828855,-1.3453295121686677,-0.993355408143237,High
-1.4066019664011635,1.4066019664011635,0.0,1.1697102140881808,0.47965600393048125,0.4590266748471942,-2.105855996287663,0.6935272515268922,-0.993355408143237,Medium
-0.4188196866250652,0.4188196866250652,0.0,1.401366580754707,-0.9102036339878475,-1.1507863130938687,0.6662229808351933,0.6277576785044547,-0.993355408143237,Medium
-1.6041584223563832,1.6041584223563832,0.0,-0.45188435257750426,2.3328021878215863,0.6889999588387746,-2.567869159141473,0.20992744989132298,-0.993355408143237,Medium
-1.9992713342668227,1.9992713342668227,0.0,3.022961147420392,-0.6785603610014593,-1.3807595970854492,-0.9508230891531397,-0.30462273904892273,1.0066890377827438,Low
-0.6163761425802848,0.6163761425802848,0.0,0.4747411140886015,0.24801273094409315,-0.9208130291022882,0.20420981798138385,-1.3917550931256824,1.0066890377827438,Medium
-0.023706774714625855,0.023706774714625855,0.0,-0.6835407192440307,0.7112992769168694,0.6889999588387746,-0.719816507726235,1.7303652262335527,-0.993355408143237,High
-0.023706774714625855,0.023706774714625855,0.0,0.011428380755548613,0.016369457957705016,0.918973242830355,-0.9508230891531397,-0.4245554898545438,1.0066890377827438,High
-0.023706774714625855,0.023706774714625855,0.0,0.011428380755548613,0.016369457957705016,-0.0009198931359666289,-0.026796763445520868,-1.0513008327742415,1.0066890377827438,High
0.7665190491062528,-0.7665190491062528,0.0,-0.6835407192440307,-0.21527381502868312,0.6889999588387746,0.20420981798138385,-0.7108465724228008,-0.993355408143237,Low
-1.2090455104459439,1.2090455104459439,0.0,0.9380538474216543,0.47965600393048125,0.2290533908556138,-1.643842833433854,-0.9894000581648887,-0.993355408143237,Medium
1.161631961016692,-1.161631961016692,0.0,-2.305135285909716,0.9429425499032575,-0.0009198931359666289,1.3592427251159074,-0.9042864930770285,1.0066890377827438,Low
-0.8139325985355046,0.8139325985355046,0.0,1.1697102140881808,-0.21527381502868312,0.2290533908556138,-1.1818296705800444,-1.0745136232527488,1.0066890377827438,High
0.3714061371958135,-0.3714061371958135,0.0,-0.2202279859109778,-0.21527381502868312,0.918973242830355,-0.4888099262993303,1.2854534087288292,1.0066890377827438,Low
-0.22126323066984552,0.22126323066984552,0.0,1.1697102140881808,-0.9102036339878475,0.918973242830355,-1.1818296705800444,-0.4941938612900658,-0.993355408143237,Low
1.359188416971912,-1.359188416971912,0.0,-0.6835407192440307,-0.9102036339878475,0.6889999588387746,0.8972295622620979,-0.3239667311143453,-0.993355408143237,Medium
0.17384968124059383,-0.17384968124059383,0.0,0.7063974807551279,-0.9102036339878475,-0.46086646111912744,0.6662229808351933,0.5349065165904258,1.0066890377827438,High
-0.4188196866250652,0.4188196866250652,0.0,0.7063974807551279,-0.21527381502868312,-1.6107328810770296,1.1282361436890027,0.09773229591187083,1.0066890377827438,Medium
0.9640755050614725,-0.9640755050614725,0.0,-0.6835407192440307,-0.44691708801507124,0.918973242830355,0.20420981798138385,1.6994148389288763,-0.993355408143237,Medium
-1.0114890544907242,1.0114890544907242,0.0,0.7063974807551279,0.47965600393048125,-0.0009198931359666289,-1.1818296705800444,-1.2060527692976237,1.0066890377827438,Low
0.17384968124059383,-0.17384968124059383,0.0,0.7063974807551279,-0.9102036339878475,0.918973242830355,-0.719816507726235,-0.6334706041611097,1.0066890377827438,Low
1.7543013288823512,-1.7543013288823512,0.0,0.011428380755548613,-2.0684199989197882,2.5287862307714177,-0.4888099262993303,0.36467938641470526,-0.993355408143237,High
-1.2090455104459439,1.2090455104459439,0.0,0.24308474742207503,1.1745858228896457,-0.46086646111912744,-0.9508230891531397,0.27956582132684504,1.0066890377827438,Medium
-1.2090455104459439,1.2090455104459439,0.0,-0.2202279859109778,1.637872368862422,-1.1507863130938687,-0.25780334487242557,-0.22724677078723157,1.0066890377827438,High
1.9518577848375709,-1.9518577848375709,0.0,-1.1468534525770835,-1.1418469069742356,0.918973242830355,1.3592427251159074,0.5929384927866937,-0.993355408143237,Low
0.7665190491062528,-0.7665190491062528,0.0,-1.3785098192436098,0.47965600393048125,2.2988129467798375,-1.412836252006949,0.4846121372203266,1.0066890377827438,Medium
2.1494142407927908,-2.1494142407927908,0.0,-2.305135285909716,-0.21527381502868312,3.2187060827461593,-0.719816507726235,0.05517551336794112,-0.993355408143237,Medium
0.17384968124059383,-0.17384968124059383,0.0,0.9380538474216543,-1.1418469069742356,-0.0009198931359666289,0.20420981798138385,-1.0319568407088187,1.0066890377827438,High
1.161631961016692,-1.161631961016692,0.0,-1.3785098192436098,0.016369457957705016,1.6088930948050963,-0.25780334487242557,-1.1944463740583702,-0.993355408143237,Medium
0.3714061371958135,-0.3714061371958135,0.0,-2.305135285909716,1.8695156418488101,0.4590266748471942,-0.026796763445520868,-1.6819149741070238,-0.993355408143237,Medium
0.7665190491062528,-0.7665190491062528,0.0,-1.3785098192436098,0.47965600393048125,-0.0009198931359666289,0.8972295622620979,-0.18468998824330143,-0.993355408143237,Medium
0.17384968124059383,-0.17384968124059383,0.0,-0.2202279859109778,0.016369457957705016,-0.46086646111912744,0.6662229808351933,0.7786408166147525,-0.993355408143237,Medium
0.7665190491062528,-0.7665190491062528,0.0,-1.1468534525770835,0.24801273094409315,0.4590266748471942,0.43521639940828855,-0.3394419247666835,-0.993355408143237,High
-0.22126323066984552,0.22126323066984552,0.0,2.0963356807542866,-1.8367767259334,-0.46086646111912744,0.20420981798138385,-0.8926800978377748,-0.993355408143237,Low
-0.8139325985355046,0.8139325985355046,0.0,0.24308474742207503,0.7112992769168694,-1.6107328810770296,0.6662229808351933,-1.1286768010359325,-0.993355408143237,Low
-0.4188196866250652,0.4188196866250652,0.0,0.24308474742207503,0.24801273094409315,-0.0009198931359666289,-0.4888099262993303,0.7786408166147525,1.0066890377827438,Low
-1.4066019664011635,1.4066019664011635,0.0,-1.3785098192436098,3.0277320067807505,-0.23089317712754703,-1.412836252006949,-1.124808002622848,-0.993355408143237,High
-0.6163761425802848,0.6163761425802848,0.0,0.4747411140886015,0.24801273094409315,-0.23089317712754703,-0.4888099262993303,0.1983210546520693,-0.993355408143237,High
-1.4066019664011635,1.4066019664011635,0.0,0.7063974807551279,0.9429425499032575,-1.3807595970854492,-0.25780334487242557,1.6955460405157918,1.0066890377827438,High
-0.4188196866250652,0.4188196866250652,0.0,0.011428380755548613,0.47965600393048125,-0.6908397451107079,0.20420981798138385,1.614301273841016,-0.993355408143237,Medium
-1.6041584223563832,1.6041584223563832,0.0,2.0963356807542866,-0.21527381502868312,-0.46086646111912744,-1.412836252006949,1.745840419885891,1.0066890377827438,Low
0.17384968124059383,-0.17384968124059383,0.0,-0.2202279859109778,0.016369457957705016,0.918973242830355,-0.719816507726235,0.9682119388558958,1.0066890377827438,High
0.17384968124059383,-0.17384968124059383,0.0,0.011428380755548613,-0.21527381502868312,0.2290533908556138,-0.026796763445520868,0.3569417895885362,1.0066890377827438,Low
-0.4188196866250652,0.4188196866250652,0.0,0.011428380755548613,0.47965600393048125,-0.9208130291022882,0.43521639940828855,0.2911722165660987,-0.993355408143237,Medium
0.5689625931510331,-0.5689625931510331,0.0,-1.3785098192436098,0.7112992769168694,0.2290533908556138,0.43521639940828855,-0.7340593629013081,-0.993355408143237,Medium
1.161631961016692,-1.161631961016692,0.0,-1.8418225525766627,0.47965600393048125,-1.1507863130938687,2.514275632250431,0.028093924476349216,-0.993355408143237,Medium
-0.22126323066984552,0.22126323066984552,0.0,-0.2202279859109778,0.47965600393048125,1.1489465268219354,-1.412836252006949,0.739952832483907,1.0066890377827438,High
0.9640755050614725,-0.9640755050614725,0.0,0.9380538474216543,-2.0684199989197882,0.4590266748471942,0.6662229808351933,-0.8501233152938447,1.0066890377827438,Medium
0.9640755050614725,-0.9640755050614725,0.0,0.011428380755548613,-1.1418469069742356,0.6889999588387746,0.43521639940828855,-0.3974739009629519,1.0066890377827438,High
1.161631961016692,-1.161631961016692,0.0,0.011428380755548613,-1.3734901799606238,0.6889999588387746,0.6662229808351933,-0.7224529676620545,-0.993355408143237,Low
-0.22126323066984552,0.22126323066984552,0.0,-0.45188435257750426,0.7112992769168694,-1.8407061650686098,1.590249306542812,0.2950410149791832,1.0066890377827438,Medium
-1.4066019664011635,1.4066019664011635,0.0,0.9380538474216543,0.7112992769168694,-0.6908397451107079,-0.9508230891531397,-0.8578609121200138,-0.993355408143237,High
-0.023706774714625855,0.023706774714625855,0.0,-0.45188435257750426,0.47965600393048125,-0.46086646111912744,0.43521639940828855,-0.08410122950310295,-0.993355408143237,High
1.161631961016692,-1.161631961016692,0.0,-2.7684480192427685,1.4062290958760337,1.1489465268219354,0.20420981798138385,-1.1983151724714547,1.0066890377827438,High
-0.8139325985355046,0.8139325985355046,0.0,2.3279920474208127,-1.3734901799606238,-0.46086646111912744,-0.4888099262993303,1.649120459558777,1.0066890377827438,Low
-1.0114890544907242,1.0114890544907242,0.0,1.1697102140881808,0.016369457957705016,-1.6107328810770296,0.43521639940828855,0.4381865562633119,-0.993355408143237,High
0.9640755050614725,-0.9640755050614725,0.0,0.9380538474216543,-2.0684199989197882,1.6088930948050963,-0.4888099262993303,-1.020350445469565,-0.993355408143237,Medium
0.7665190491062528,-0.7665190491062528,0.0,-0.2202279859109778,-0.6785603610014593,-0.0009198931359666289,0.8972295622620979,0.5426441134165945,1.0066890377827438,Low
1.161631961016692,-1.161631961016692,0.0,-0.915197085910557,-0.44691708801507124,-0.0009198931359666289,1.3592427251159074,-1.2099215677107082,-0.993355408143237,High
0.7665190491062528,-0.7665190491062528,0.0,-1.3785098192436098,0.47965600393048125,1.1489465268219354,-0.25780334487242557,-1.4575246661481196,1.0066890377827438,Low
0.7665190491062528,-0.7665190491062528,0.0,-0.45188435257750426,-0.44691708801507124,0.6889999588387746,0.20420981798138385,-0.35491711841902174,1.0066890377827438,Low
-0.8139325985355046,0.8139325985355046,0.0,0.9380538474216543,0.016369457957705016,-0.23089317712754703,-0.719816507726235,1.486630926209226,-0.993355408143237,Low
-0.22126323066984552,0.22126323066984552,0.0,0.011428380755548613,0.24801273094409315,-0.23089317712754703,-0.026796763445520868,-1.716734159824785,1.0066890377827438,Low
1.5567448729271316,-1.5567448729271316,0.0,-1.3785098192436098,-0.44691708801507124,1.1489465268219354,0.6662229808351933,1.6452516611456924,-0.993355408143237,Medium
-0.4188196866250652,0.4188196866250652,0.0,0.9380538474216543,-0.44691708801507124,0.6889999588387746,-1.1818296705800444,-1.1905775756452854,-0.993355408143237,Low
1.161631961016692,-1.161631961016692,0.0,-2.0734789192431893,0.7112992769168694,1.6088930948050963,-0.25780334487242557,-0.4129490946152901,1.0066890377827438,Medium
0.9640755050614725,-0.9640755050614725,0.0,-0.45188435257750426,-0.6785603610014593,1.8388663787966766,-0.719816507726235,1.242896626184899,-0.993355408143237,Low
1.9518577848375709,-1.9518577848375709,0.0,-1.1468534525770835,-1.1418469069742356,-0.0009198931359666289,2.283269050823526,0.15963307052122375,1.0066890377827438,Medium
0.5689625931510331,-0.5689625931510331,0.0,0.011428380755548613,-0.6785603610014593,0.6889999588387746,-0.026796763445520868,-1.1944463740583702,1.0066890377827438,Low
-0.8139325985355046,0.8139325985355046,0.0,1.6330229474212337,-0.6785603610014593,-0.23089317712754703,-0.719816507726235,-0.3626547152451909,1.0066890377827438,Low
0.17384968124059383,-0.17384968124059383,0.0,0.9380538474216543,-1.1418469069742356,0.2290533908556138,-0.026796763445520868,-0.5831762247910104,-0.993355408143237,Medium
0.7665190491062528,-0.7665190491062528,0.0,-2.536791652576242,1.637872368862422,-0.23089317712754703,1.1282361436890027,0.20992744989132298,1.0066890377827438,Medium
0.17384968124059383,-0.17384968124059383,0.0,0.4747411140886015,-0.6785603610014593,0.2290533908556138,-0.026796763445520868,1.2119462388802225,-0.993355408143237,Low
2.34697069674801,-2.34697069674801,0.0,-2.305135285909716,-0.44691708801507124,2.0688396627882573,0.6662229808351933,-1.2872975359723995,1.0066890377827438,Medium
-0.22126323066984552,0.22126323066984552,0.0,-0.45188435257750426,0.7112992769168694,-0.23089317712754703,-0.026796763445520868,0.8173288007455981,-0.993355408143237,Medium
-0.4188196866250652,0.4188196866250652,0.0,-0.6835407192440307,1.1745858228896457,-1.6107328810770296,1.1282361436890027,0.5619881054820173,-0.993355408143237,Low
-0.023706774714625855,0.023706774714625855,0.0,1.6330229474212337,-1.6051334529470118,0.2290533908556138,-0.25780334487242557,0.31051620863152146,1.0066890377827438,High
-0.6163761425802848,0.6163761425802848,0.0,0.24308474742207503,0.47965600393048125,0.2290533908556138,-0.9508230891531397,1.4247301515998732,-0.993355408143237,High
0.17384968124059383,-0.17384968124059383,0.0,0.011428380755548613,-0.21527381502868312,-0.9208130291022882,1.1282361436890027,0.05904431178102525,-0.993355408143237,High
-1.0114890544907242,1.0114890544907242,0.0,0.9380538474216543,0.24801273094409315,0.4590266748471942,-1.643842833433854,0.9798183340951495,-0.993355408143237,High
0.5689625931510331,-0.5689625931510331,0.0,0.9380538474216543,-1.6051334529470118,0.918973242830355,-0.25780334487242557,1.1113574801400241,-0.993355408143237,Low
0.5689625931510331,-0.5689625931510331,0.0,-0.2202279859109778,-0.44691708801507124,-1.1507863130938687,1.821255887969717,-1.2447407534284693,-0.993355408143237,Medium
-0.22126323066984552,0.22126323066984552,0.0,0.011428380755548613,0.24801273094409315,0.2290533908556138,-0.4888099262993303,0.09773229591187083,-0.993355408143237,High
-1.0114890544907242,1.0114890544907242,0.0,0.9380538474216543,0.24801273094409315,-0.6908397451107079,-0.4888099262993303,1.6297764674933544,-0.993355408143237,High
0.5689625931510331,-0.5689625931510331,0.0,0.7063974807551279,-1.3734901799606238,1.8388663787966766,-1.1818296705800444,-0.32009793270126075,1.0066890377827438,Medium
-0.22126323066984552,0.22126323066984552,0.0,0.011428380755548613,0.24801273094409315,-0.0009198931359666289,-0.25780334487242557,0.8521479864633591,-0.993355408143237,Medium
1.161631961016692,-1.161631961016692,0.0,-0.6835407192440307,-0.6785603610014593,-1.1507863130938687,2.514275632250431,-1.1480207931013553,1.0066890377827438,High
-1.2090455104459439,1.2090455104459439,0.0,0.4747411140886015,0.9429425499032575,-0.9208130291022882,-0.4888099262993303,1.1964710452278842,1.0066890377827438,High
-0.023706774714625855,0.023706774714625855,0.0,0.4747411140886015,-0.44691708801507124,-0.0009198931359666289,-0.026796763445520868,-0.3162291342881762,1.0066890377827438,High
1.359188416971912,-1.359188416971912,0.0,0.24308474742207503,-1.8367767259334,1.8388663787966766,-0.25780334487242557,-1.4575246661481196,1.0066890377827438,Medium
-1.6041584223563832,1.6041584223563832,0.0,0.24308474742207503,1.637872368862422,0.918973242830355,-2.7988757405683775,-0.32783552952742984,1.0066890377827438,High
0.7665190491062528,-0.7665190491062528,0.0,-0.6835407192440307,-0.21527381502868312,0.6889999588387746,0.20420981798138385,-1.403361488364936,1.0066890377827438,High
2.1494142407927908,-2.1494142407927908,0.0,-0.915197085910557,-1.6051334529470118,-0.23089317712754703,2.745282213677336,-0.38199870731061364,1.0066890377827438,Low
0.5689625931510331,-0.5689625931510331,0.0,0.24308474742207503,-0.9102036339878475,0.6889999588387746,-0.026796763445520868,0.9372615515512194,1.0066890377827438,Low
-0.22126323066984552,0.22126323066984552,0.0,1.401366580754707,-1.1418469069742356,0.6889999588387746,-0.9508230891531397,0.23700903878291488,-0.993355408143237,High
-1.2090455104459439,1.2090455104459439,0.0,-0.915197085910557,2.3328021878215863,-0.9208130291022882,-0.4888099262993303,-1.4072302867780204,-0.993355408143237,Low
-0.8139325985355046,0.8139325985355046,0.0,0.7063974807551279,0.24801273094409315,-2.3006527330517708,1.3592427251159074,-0.6605521930527016,-0.993355408143237,High
-0.8139325985355046,0.8139325985355046,0.0,0.011428380755548613,0.9429425499032575,-0.0009198931359666289,-0.9508230891531397,-0.9623184692732969,1.0066890377827438,Low
-0.6163761425802848,0.6163761425802848,0.0,1.1697102140881808,-0.44691708801507124,-0.23089317712754703,-0.4888099262993303,1.451811740491465,1.0066890377827438,Medium
0.3714061371958135,-0.3714061371958135,0.0,0.24308474742207503,-0.6785603610014593,0.4590266748471942,-0.026796763445520868,1.312534997620421,1.0066890377827438,Low
-0.023706774714625855,0.023706774714625855,0.0,-1.1468534525770835,1.1745858228896457,-0.0009198931359666289,-0.026796763445520868,-0.7224529676620545,-0.993355408143237,Medium
0.17384968124059383,-0.17384968124059383,0.0,0.4747411140886015,-0.6785603610014593,0.2290533908556138,-0.026796763445520868,0.5852008959605246,1.0066890377827438,Medium
1.161631961016692,-1.161631961016692,0.0,-1.6101661859101364,0.24801273094409315,1.1489465268219354,0.20420981798138385,-1.3105103264509068,1.0066890377827438,High
-0.8139325985355046,0.8139325985355046,0.0,1.401366580754707,-0.44691708801507124,-1.1507863130938687,0.20420981798138385,0.948867946790473,1.0066890377827438,Low
2.34697069674801,-2.34697069674801,0.0,-1.6101661859101364,-1.1418469069742356,2.7587595147629984,-0.026796763445520868,0.6200200816782856,-0.993355408143237,Low
-1.4066019664011635,1.4066019664011635,0.0,-0.6835407192440307,2.3328021878215863,-1.1507863130938687,-0.4888099262993303,-0.38199870731061364,1.0066890377827438,Low
-0.6163761425802848,0.6163761425802848,0.0,0.24308474742207503,0.47965600393048125,-1.3807595970854492,0.6662229808351933,1.7419716214728065,-0.993355408143237,Medium
-1.2090455104459439,1.2090455104459439,0.0,0.24308474742207503,1.1745858228896457,-0.6908397451107079,-0.719816507726235,0.5155625245250031,1.0066890377827438,Medium
-0.6163761425802848,0.6163761425802848,0.0,0.24308474742207503,0.47965600393048125,-0.46086646111912744,-0.25780334487242557,0.9798183340951495,1.0066890377827438,Medium
-0.6163761425802848,0.6163761425802848,0.0,-0.6835407192440307,1.4062290958760337,-1.3807595970854492,0.6662229808351933,1.0920134880746013,-0.993355408143237,Medium
0.17384968124059383,-0.17384968124059383,0.0,-2.0734789192431893,1.8695156418488101,0.918973242830355,-0.719816507726235,-1.6393581915630937,-0.993355408143237,Medium
0.3714061371958135,-0.3714061371958135,0.0,1.1697102140881808,-1.6051334529470118,-0.23089317712754703,0.6662229808351933,1.436336546839127,1.0066890377827438,Low
-0.22126323066984552,0.22126323066984552,0.0,1.401366580754707,-1.1418469069742356,-0.46086646111912744,0.20420981798138385,-0.7998289359237454,-0.993355408143237,High
-1.0114890544907242,1.0114890544907242,0.0,1.6330229474212337,-0.44691708801507124,0.2290533908556138,-1.412836252006949,-0.6257330073349405,1.0066890377827438,Medium
0.17384968124059383,-0.17384968124059383,0.0,0.9380538474216543,-1.1418469069742356,-0.0009198931359666289,0.20420981798138385,0.04356911812868745,1.0066890377827438,High
-0.4188196866250652,0.4188196866250652,0.0,-0.6835407192440307,1.1745858228896457,-0.6908397451107079,0.20420981798138385,1.0455879071175864,1.0066890377827438,Low
1.5567448729271316,-1.5567448729271316,0.0,-0.2202279859109778,-1.6051334529470118,-0.6908397451107079,2.514275632250431,1.7032836373419609,-0.993355408143237,High
1.9518577848375709,-1.9518577848375709,0.0,-0.915197085910557,-1.3734901799606238,0.918973242830355,1.3592427251159074,0.9566055436166422,-0.993355408143237,High
-1.2090455104459439,1.2090455104459439,0.0,1.401366580754707,0.016369457957705016,0.6889999588387746,-2.105855996287663,0.39176097530629717,1.0066890377827438,Medium
-1.0114890544907242,1.0114890544907242,0.0,-0.2202279859109778,1.4062290958760337,-0.0009198931359666289,-1.1818296705800444,0.712871243592315,-0.993355408143237,Low
-1.6041584223563832,1.6041584223563832,0.0,1.401366580754707,0.47965600393048125,-0.46086646111912744,-1.412836252006949,-1.4420494724957815,1.0066890377827438,High
1.9518577848375709,-1.9518577848375709,0.0,0.011428380755548613,-2.3000632719061764,1.1489465268219354,1.1282361436890027,1.505974918274649,1.0066890377827438,Medium
-0.023706774714625855,0.023706774714625855,0.0,-0.6835407192440307,0.7112992769168694,-0.0009198931359666289,-0.026796763445520868,0.31438500704460604,1.0066890377827438,Low
-0.6163761425802848,0.6163761425802848,0.0,0.011428380755548613,0.7112992769168694,-1.8407061650686098,1.1282361436890027,0.5078249276988339,-0.993355408143237,High
-0.023706774714625855,0.023706774714625855,0.0,0.4747411140886015,-0.44691708801507124,-0.23089317712754703,0.20420981798138385,1.0726694960091785,-0.993355408143237,Medium
-1.2090455104459439,1.2090455104459439,0.0,-0.45188435257750426,1.8695156418488101,-0.23089317712754703,-1.1818296705800444,-1.5000814486920497,-0.993355408143237,Medium
-1.2090455104459439,1.2090455104459439,0.0,-0.915197085910557,2.3328021878215863,-1.6107328810770296,0.20420981798138385,0.8521479864633591,1.0066890377827438,Medium
-0.8139325985355046,0.8139325985355046,0.0,0.24308474742207503,0.7112992769168694,-0.9208130291022882,-0.026796763445520868,1.7226276294073837,1.0066890377827438,High
-1.0114890544907242,1.0114890544907242,0.0,0.24308474742207503,0.9429425499032575,-1.3807595970854492,0.20420981798138385,-0.11892041522086397,1.0066890377827438,Medium
-0.8139325985355046,0.8139325985355046,0.0,-1.1468534525770835,2.101158914835198,-0.6908397451107079,-0.25780334487242557,-0.35491711841902174,-0.993355408143237,Low
-0.6163761425802848,0.6163761425802848,0.0,0.24308474742207503,0.47965600393048125,-0.46086646111912744,-0.25780334487242557,0.9527367452035576,1.0066890377827438,High
2.54452715270323,-2.54452715270323,0.0,-3.231760752575821,0.24801273094409315,1.1489465268219354,1.821255887969717,1.5524004992316631,1.0066890377827438,High
1.161631961016692,-1.161631961016692,0.0,0.24308474742207503,-1.6051334529470118,1.6088930948050963,-0.25780334487242557,-0.9623184692732969,-0.993355408143237,Low
0.17384968124059383,-0.17384968124059383,0.0,-1.1468534525770835,0.9429425499032575,-1.3807595970854492,1.590249306542812,0.23700903878291488,1.0066890377827438,Medium
0.17384968124059383,-0.17384968124059383,0.0,-0.915197085910557,0.7112992769168694,-0.46086646111912744,0.6662229808351933,-0.17695239141713232,-0.993355408143237,High
0.17384968124059383,-0.17384968124059383,0.0,1.1697102140881808,-1.3734901799606238,-0.9208130291022882,1.1282361436890027,1.7226276294073837,1.0066890377827438,Medium
-0.6163761425802848,0.6163761425802848,0.0,0.011428380755548613,0.7112992769168694,-0.0009198931359666289,-0.719816507726235,1.4131237563606194,-0.993355408143237,Medium
0.9640755050614725,-0.9640755050614725,0.0,-0.915197085910557,-0.21527381502868312,0.918973242830355,0.20420981798138385,0.6238888800913702,-0.993355408143237,High
-1.8017148783116028,1.8017148783116028,0.0,0.24308474742207503,1.8695156418488101,-2.0706794490601905,-0.026796763445520868,1.3241413928596746,1.0066890377827438,Low
0.9640755050614725,-0.9640755050614725,0.0,-0.915197085910557,-0.21527381502868312,0.918973242830355,0.20420981798138385,0.08999469908570171,-0.993355408143237,Medium
-1.0114890544907242,1.0114890544907242,0.0,-0.2202279859109778,1.4062290958760337,-0.46086646111912744,-0.719816507726235,-0.15760839935170953,1.0066890377827438,High
-1.6041584223563832,1.6041584223563832,0.0,2.0963356807542866,-0.21527381502868312,-1.8407061650686098,-0.026796763445520868,-0.587045023204095,-0.993355408143237,Low
1.359188416971912,-1.359188416971912,0.0,-0.6835407192440307,-0.9102036339878475,0.918973242830355,0.6662229808351933,0.04356911812868745,-0.993355408143237,Medium
0.3714061371958135,-0.3714061371958135,0.0,-1.3785098192436098,0.9429425499032575,0.4590266748471942,-0.026796763445520868,1.579482088123255,-0.993355408143237,Low
1.9518577848375709,-1.9518577848375709,0.0,-1.6101661859101364,-0.6785603610014593,0.4590266748471942,1.821255887969717,-0.9623184692732969,-0.993355408143237,Medium
0.17384968124059383,-0.17384968124059383,0.0,0.24308474742207503,-0.44691708801507124,0.6889999588387746,-0.4888099262993303,1.3164037960335055,-0.993355408143237,Low
-1.8017148783116028,1.8017148783116028,0.0,2.791304780753866,-0.6785603610014593,-1.8407061650686098,-0.25780334487242557,-1.256347148667723,1.0066890377827438,Low
-0.4188196866250652,0.4188196866250652,0.0,0.011428380755548613,0.47965600393048125,-0.0009198931359666289,-0.4888099262993303,-0.17695239141713232,1.0066890377827438,Medium
0.17384968124059383,-0.17384968124059383,0.0,-0.2202279859109778,0.016369457957705016,-0.46086646111912744,0.6662229808351933,-0.501931458116235,-0.993355408143237,High
0.5689625931510331,-0.5689625931510331,0.0,0.4747411140886015,-1.1418469069742356,0.918973242830355,-0.25780334487242557,-1.325985520103245,1.0066890377827438,Medium
-1.8017148783116028,1.8017148783116028,0.0,0.7063974807551279,1.4062290958760337,-0.9208130291022882,-1.1818296705800444,-0.587045023204095,-0.993355408143237,High
0.5689625931510331,-0.5689625931510331,0.0,-1.6101661859101364,0.9429425499032575,-0.23089317712754703,0.8972295622620979,1.3860421674690275,-0.993355408143237,High
-0.22126323066984552,0.22126323066984552,0.0,-0.2202279859109778,0.47965600393048125,1.1489465268219354,-1.412836252006949,0.012618730824010986,1.0066890377827438,High
1.161631961016692,-1.161631961016692,0.0,-0.6835407192440307,-0.6785603610014593,0.4590266748471942,0.8972295622620979,-0.900417694663944,1.0066890377827438,Medium
-0.22126323066984552,0.22126323066984552,0.0,-1.1468534525770835,1.4062290958760337,1.378919810813516,-1.643842833433854,0.0629131101941098,-0.993355408143237,High
0.7665190491062528,-0.7665190491062528,0.0,-0.2202279859109778,-0.6785603610014593,-0.0009198931359666289,0.8972295622620979,-0.8501233152938447,1.0066890377827438,Low
2.34697069674801,-2.34697069674801,0.0,-0.915197085910557,-1.8367767259334,0.2290533908556138,2.514275632250431,-0.35491711841902174,1.0066890377827438,Medium
-0.6163761425802848,0.6163761425802848,0.0,2.5596484140873392,-1.8367767259334,-1.1507863130938687,0.43521639940828855,1.2390278277718143,-0.993355408143237,Low
0.17384968124059383,-0.17384968124059383,0.0,1.401366580754707,-1.6051334529470118,-0.0009198931359666289,0.20420981798138385,0.8598855832895282,1.0066890377827438,Low
-1.4066019664011635,1.4066019664011635,0.0,0.011428380755548613,1.637872368862422,-1.8407061650686098,0.20420981798138385,0.42271136261097364,1.0066890377827438,High
-0.023706774714625855,0.023706774714625855,0.0,-0.45188435257750426,0.47965600393048125,-0.6908397451107079,0.6662229808351933,-1.558113424888318,-0.993355408143237,High
0.3714061371958135,-0.3714061371958135,0.0,-0.45188435257750426,0.016369457957705016,-1.1507863130938687,1.590249306542812,1.312534997620421,-0.993355408143237,High
-1.4066019664011635,1.4066019664011635,0.0,2.5596484140873392,-0.9102036339878475,0.6889999588387746,-2.336862577714568,-0.018331656480665474,-0.993355408143237,High
0.7665190491062528,-0.7665190491062528,0.0,0.011428380755548613,-0.9102036339878475,0.2290533908556138,0.6662229808351933,1.676202048450369,1.0066890377827438,High
0.7665190491062528,-0.7665190491062528,0.0,-0.915197085910557,0.016369457957705016,0.4590266748471942,0.43521639940828855,1.3047974007942518,-0.993355408143237,Low
-0.22126323066984552,0.22126323066984552,0.0,0.7063974807551279,-0.44691708801507124,-0.6908397451107079,0.43521639940828855,-0.8501233152938447,1.0066890377827438,High
-1.8017148783116028,1.8017148783116028,0.0,-0.2202279859109778,2.3328021878215863,-1.3807595970854492,-0.719816507726235,0.1635018689343083,1.0066890377827438,Low
0.3714061371958135,-0.3714061371958135,0.0,-1.3785098192436098,0.9429425499032575,0.918973242830355,-0.4888099262993303,-0.1343956088732022,-0.993355408143237,High
0.3714061371958135,-0.3714061371958135,0.0,0.7063974807551279,-1.1418469069742356,0.2290533908556138,0.20420981798138385,-1.3994926899518514,1.0066890377827438,High
1.359188416971912,-1.359188416971912,0.0,0.24308474742207503,-1.8367767259334,-1.1507863130938687,2.745282213677336,-1.716734159824785,1.0066890377827438,High
0.7665190491062528,-0.7665190491062528,0.0,-0.45188435257750426,-0.44691708801507124,0.918973242830355,-0.026796763445520868,0.8869671721811201,-0.993355408143237,Low
0.5689625931510331,-0.5689625931510331,0.0,0.011428380755548613,-0.6785603610014593,-0.9208130291022882,1.590249306542812,0.2254026435436612,-0.993355408143237,Medium
1.359188416971912,-1.359188416971912,0.0,-0.2202279859109778,-1.3734901799606238,0.4590266748471942,1.1282361436890027,0.44205535467639645,1.0066890377827438,Medium
-0.6163761425802848,0.6163761425802848,0.0,2.0963356807542866,-1.3734901799606238,-1.1507863130938687,0.43521639940828855,0.33372899911002885,-0.993355408143237,High
0.17384968124059383,-0.17384968124059383,0.0,0.7063974807551279,-0.9102036339878475,1.1489465268219354,-0.9508230891531397,-0.6876337819442935,-0.993355408143237,Medium
-0.023706774714625855,0.023706774714625855,0.0,-0.2202279859109778,0.24801273094409315,0.2290533908556138,-0.25780334487242557,-1.7283405550640385,1.0066890377827438,Low
0.7665190491062528,-0.7665190491062528,0.0,-0.915197085910557,0.016369457957705016,-0.23089317712754703,1.1282361436890027,-1.5542446264752334,1.0066890377827438,Low
1.359188416971912,-1.359188416971912,0.0,-1.1468534525770835,-0.44691708801507124,0.4590266748471942,1.1282361436890027,0.8521479864633591,1.0066890377827438,High
-1.0114890544907242,1.0114890544907242,0.0,0.24308474742207503,0.9429425499032575,-1.6107328810770296,0.43521639940828855,0.9333927531381347,-0.993355408143237,Low
-0.8139325985355046,0.8139325985355046,0.0,1.6330229474212337,-0.6785603610014593,-0.6908397451107079,-0.25780334487242557,0.6161512832652011,1.0066890377827438,Low
-0.4188196866250652,0.4188196866250652,0.0,0.4747411140886015,0.016369457957705016,-0.6908397451107079,0.20420981798138385,-0.3162291342881762,1.0066890377827438,Medium
-0.023706774714625855,0.023706774714625855,0.0,0.4747411140886015,-0.44691708801507124,-0.0009198931359666289,-0.026796763445520868,1.153914262683954,-0.993355408143237,High
-0.4188196866250652,0.4188196866250652,0.0,0.4747411140886015,0.016369457957705016,-0.6908397451107079,0.20420981798138385,0.8018536070932598,-0.993355408143237,Low
-0.22126323066984552,0.22126323066984552,0.0,0.7063974807551279,-0.44691708801507124,-0.0009198931359666289,-0.25780334487242557,-1.167364785166778,1.0066890377827438,Medium
-1.6041584223563832,1.6041584223563832,0.0,0.4747411140886015,1.4062290958760337,-0.0009198931359666289,-1.8748494148607586,-1.4188366820172742,1.0066890377827438,High
2.1494142407927908,-2.1494142407927908,0.0,-1.1468534525770835,-1.3734901799606238,1.8388663787966766,0.6662229808351933,-1.5000814486920497,-0.993355408143237,High
0.3714061371958135,-0.3714061371958135,0.0,-0.2202279859109778,-0.21527381502868312,-0.46086646111912744,0.8972295622620979,-1.4962126502789652,-0.993355408143237,High
0.7665190491062528,-0.7665190491062528,0.0,1.1697102140881808,-2.0684199989197882,-0.9208130291022882,1.821255887969717,0.2989098133922678,1.0066890377827438,High
-0.6163761425802848,0.6163761425802848,0.0,0.7063974807551279,0.016369457957705016,-0.9208130291022882,0.20420981798138385,0.3182538054576906,-0.993355408143237,Low
-0.4188196866250652,0.4188196866250652,0.0,1.86467931408776,-1.3734901799606238,0.2290533908556138,-0.719816507726235,-1.2524783502546384,1.0066890377827438,Low
-1.2090455104459439,1.2090455104459439,0.0,0.011428380755548613,1.4062290958760337,-1.3807595970854492,-0.026796763445520868,0.8792295753549509,-0.993355408143237,Low
-0.4188196866250652,0.4188196866250652,0.0,0.24308474742207503,0.24801273094409315,-0.23089317712754703,-0.25780334487242557,-1.047432034361157,-0.993355408143237,High
0.17384968124059383,-0.17384968124059383,0.0,1.6330229474212337,-1.8367767259334,-0.9208130291022882,1.1282361436890027,0.024225126063264657,1.0066890377827438,High
-0.8139325985355046,0.8139325985355046,0.0,-1.1468534525770835,2.101158914835198,-0.23089317712754703,-0.719816507726235,-0.5174066517685731,1.0066890377827438,Low
1.161631961016692,-1.161631961016692,0.0,-0.45188435257750426,-0.9102036339878475,1.8388663787966766,-0.4888099262993303,-0.8269105248153373,1.0066890377827438,High
-1.8017148783116028,1.8017148783116028,0.0,-0.2202279859109778,2.3328021878215863,-1.1507863130938687,-0.9508230891531397,-0.9777936629256351,1.0066890377827438,Medium
0.17384968124059383,-0.17384968124059383,0.0,0.9380538474216543,-1.1418469069742356,-0.46086646111912744,0.6662229808351933,-1.1441519946882708,-0.993355408143237,High
-0.6163761425802848,0.6163761425802848,0.0,-0.6835407192440307,1.4062290958760337,1.1489465268219354,-1.8748494148607586,0.8134600023325135,-0.993355408143237,High
0.7665190491062528,-0.7665190491062528,0.0,0.011428380755548613,-0.9102036339878475,0.4590266748471942,0.43521639940828855,-0.536750643833996,-0.993355408143237,Medium
-0.023706774714625855,0.023706774714625855,0.0,0.24308474742207503,-0.21527381502868312,0.2290533908556138,-0.25780334487242557,-1.055169631187326,-0.993355408143237,Medium
-0.023706774714625855,0.023706774714625855,0.0,-0.2202279859109778,0.24801273094409315,0.2290533908556138,-0.25780334487242557,1.2351590293587298,1.0066890377827438,Medium
1.161631961016692,-1.161631961016692,0.0,-1.1468534525770835,-0.21527381502868312,1.1489465268219354,0.20420981798138385,0.36467938641470526,-0.993355408143237,High
0.17384968124059383,-0.17384968124059383,0.0,-0.45188435257750426,0.24801273094409315,-0.23089317712754703,0.43521639940828855,0.3453353943492825,-0.993355408143237,Low
0.17384968124059383,-0.17384968124059383,0.0,-0.2202279859109778,0.016369457957705016,-0.6908397451107079,0.8972295622620979,1.3937797642951968,1.0066890377827438,Medium
-0.6163761425802848,0.6163761425802848,0.0,1.1697102140881808,-0.44691708801507124,-1.6107328810770296,0.8972295622620979,-1.1751023819929474,-0.993355408143237,Low
2.7420836086584495,-2.7420836086584495,0.0,-1.1468534525770835,-2.0684199989197882,1.378919810813516,1.821255887969717,0.8598855832895282,-0.993355408143237,High
0.7665190491062528,-0.7665190491062528,0.0,0.9380538474216543,-1.8367767259334,0.918973242830355,-0.026796763445520868,0.7090024451792305,-0.993355408143237,High
0.5689625931510331,-0.5689625931510331,0.0,-0.45188435257750426,-0.21527381502868312,-0.46086646111912744,1.1282361436890027,-0.536750643833996,1.0066890377827438,Low
-0.8139325985355046,0.8139325985355046,0.0,-0.2202279859109778,1.1745858228896457,-0.46086646111912744,-0.4888099262993303,0.5852008959605246,1.0066890377827438,High
0.3714061371958135,-0.3714061371958135,0.0,-1.1468534525770835,0.7112992769168694,0.4590266748471942,-0.026796763445520868,-0.7882225406844919,1.0066890377827438,High
1.161631961016692,-1.161631961016692,0.0,-0.45188435257750426,-0.9102036339878475,0.4590266748471942,0.8972295622620979,1.0262439150521638,-0.993355408143237,High
-1.0114890544907242,1.0114890544907242,0.0,2.5596484140873392,-1.3734901799606238,-0.46086646111912744,-0.719816507726235,-0.07636363267693383,1.0066890377827438,Medium
-0.22126323066984552,0.22126323066984552,0.0,-0.45188435257750426,0.7112992769168694,-0.9208130291022882,0.6662229808351933,-1.2331343581892156,-0.993355408143237,Medium
-1.4066019664011635,1.4066019664011635,0.0,-0.45188435257750426,2.101158914835198,-1.8407061650686098,0.20420981798138385,1.5253189103400713,1.0066890377827438,High
2.34697069674801,-2.34697069674801,0.0,-1.3785098192436098,-1.3734901799606238,2.5287862307714177,0.20420981798138385,1.0571943023568402,1.0066890377827438,Low
0.17384968124059383,-0.17384968124059383,0.0,-2.536791652576242,2.3328021878215863,-1.1507863130938687,1.3592427251159074,0.5890696943736092,1.0066890377827438,Medium
0.7665190491062528,-0.7665190491062528,0.0,-1.6101661859101364,0.7112992769168694,-0.46086646111912744,1.3592427251159074,-0.9197616867293668,1.0066890377827438,Low
0.3714061371958135,-0.3714061371958135,0.0,-0.915197085910557,0.47965600393048125,0.2290533908556138,0.20420981798138385,-1.3530671089948367,1.0066890377827438,High
-0.6163761425802848,0.6163761425802848,0.0,-0.915197085910557,1.637872368862422,-0.0009198931359666289,-0.719816507726235,-1.6664397804546855,1.0066890377827438,Medium
-0.22126323066984552,0.22126323066984552,0.0,-1.1468534525770835,1.4062290958760337,0.6889999588387746,-0.9508230891531397,-0.5986514184433487,-0.993355408143237,Low
1.9518577848375709,-1.9518577848375709,0.0,-1.3785098192436098,-0.9102036339878475,0.918973242830355,1.3592427251159074,0.4652681451549038,-0.993355408143237,Medium
0.7665190491062528,-0.7665190491062528,0.0,-1.1468534525770835,0.24801273094409315,-0.46086646111912744,1.3592427251159074,0.20605865147823843,-0.993355408143237,High
-1.2090455104459439,1.2090455104459439,0.0,0.9380538474216543,0.47965600393048125,0.4590266748471942,-1.8748494148607586,1.7148900325812146,-0.993355408143237,High
-0.22126323066984552,0.22126323066984552,0.0,-0.2202279859109778,0.47965600393048125,0.918973242830355,-1.1818296705800444,0.7709032197885833,-0.993355408143237,Low
-0.8139325985355046,0.8139325985355046,0.0,1.401366580754707,-0.44691708801507124,-1.6107328810770296,0.6662229808351933,-0.34717952159285265,-0.993355408143237,High
0.9640755050614725,-0.9640755050614725,0.0,0.4747411140886015,-1.6051334529470118,0.6889999588387746,0.43521639940828855,1.2738470134895754,1.0066890377827438,Low
-1.6041584223563832,1.6041584223563832,0.0,1.6330229474212337,0.24801273094409315,-0.23089317712754703,-1.643842833433854,-0.691502580357378,-0.993355408143237,Low
0.17384968124059383,-0.17384968124059383,0.0,1.1697102140881808,-1.3734901799606238,0.2290533908556138,-0.026796763445520868,1.4247301515998732,1.0066890377827438,Medium
0.17384968124059383,-0.17384968124059383,0.0,0.9380538474216543,-1.1418469069742356,0.6889999588387746,-0.4888099262993303,-0.8075665327499145,1.0066890377827438,High
-0.8139325985355046,0.8139325985355046,0.0,0.4747411140886015,0.47965600393048125,-0.23089317712754703,-0.719816507726235,-0.20403398030872422,-0.993355408143237,Medium
-0.22126323066984552,0.22126323066984552,0.0,-0.45188435257750426,0.7112992769168694,-0.9208130291022882,0.6662229808351933,0.7709032197885833,1.0066890377827438,High
0.17384968124059383,-0.17384968124059383,0.0,-0.6835407192440307,0.47965600393048125,0.2290533908556138,-0.026796763445520868,-1.558113424888318,-0.993355408143237,High
2.54452715270323,-2.54452715270323,0.0,-2.305135285909716,-0.6785603610014593,1.378919810813516,1.590249306542812,-1.5116878439313033,1.0066890377827438,High
-0.6163761425802848,0.6163761425802848,0.0,0.7063974807551279,0.016369457957705016,-0.23089317712754703,-0.4888099262993303,0.7438216308969915,1.0066890377827438,Low
-0.22126323066984552,0.22126323066984552,0.0,-2.305135285909716,2.5644454608079745,-0.46086646111912744,0.20420981798138385,0.5542505086558481,-0.993355408143237,Medium
-1.6041584223563832,1.6041584223563832,0.0,0.4747411140886015,1.4062290958760337,-1.6107328810770296,-0.25780334487242557,-0.006725261241411801,-0.993355408143237,Low
0.5689625931510331,-0.5689625931510331,0.0,-1.8418225525766627,1.1745858228896457,2.0688396627882573,-1.412836252006949,1.1268326737923622,-0.993355408143237,Medium
0.17384968124059383,-0.17384968124059383,0.0,0.24308474742207503,-0.44691708801507124,-0.9208130291022882,1.1282361436890027,0.2911722165660987,1.0066890377827438,Medium
-0.4188196866250652,0.4188196866250652,0.0,0.7063974807551279,-0.21527381502868312,0.6889999588387746,-1.1818296705800444,0.36854818482778984,1.0066890377827438,Low
1.7543013288823512,-1.7543013288823512,0.0,-0.6835407192440307,-1.3734901799606238,1.1489465268219354,0.8972295622620979,1.5601380960578322,1.0066890377827438,Medium
-1.0114890544907242,1.0114890544907242,0.0,0.7063974807551279,0.47965600393048125,-1.3807595970854492,0.20420981798138385,-0.6257330073349405,-0.993355408143237,Medium
0.3714061371958135,-0.3714061371958135,0.0,-1.1468534525770835,0.7112992769168694,0.2290533908556138,0.20420981798138385,-0.08797002791618751,1.0066890377827438,Medium
0.7665190491062528,-0.7665190491062528,0.0,-0.915197085910557,0.016369457957705016,0.6889999588387746,0.20420981798138385,-0.7843537422714074,-0.993355408143237,Medium
-1.0114890544907242,1.0114890544907242,0.0,1.401366580754707,-0.21527381502868312,-0.9208130291022882,-0.25780334487242557,1.1771270531624616,-0.993355408143237,Low
-0.4188196866250652,0.4188196866250652,0.0,1.1697102140881808,-0.6785603610014593,-0.23089317712754703,-0.25780334487242557,0.5890696943736092,1.0066890377827438,Low
0.7665190491062528,-0.7665190491062528,0.0,-0.6835407192440307,-0.21527381502868312,0.918973242830355,-0.026796763445520868,0.5310377181773412,1.0066890377827438,High
1.7543013288823512,-1.7543013288823512,0.0,-0.6835407192440307,-1.3734901799606238,1.6088930948050963,0.43521639940828855,1.4595493373176343,-0.993355408143237,Medium
-0.4188196866250652,0.4188196866250652,0.0,0.9380538474216543,-0.44691708801507124,-0.0009198931359666289,-0.4888099262993303,-1.159627188340609,-0.993355408143237,High
1.161631961016692,-1.161631961016692,0.0,0.7063974807551279,-2.0684199989197882,0.4590266748471942,0.8972295622620979,-0.20403398030872422,-0.993355408143237,Medium
0.3714061371958135,-0.3714061371958135,0.0,-2.0734789192431893,1.637872368862422,0.2290533908556138,0.20420981798138385,-0.1343956088732022,-0.993355408143237,High
-0.4188196866250652,0.4188196866250652,0.0,1.1697102140881808,-0.6785603610014593,-0.0009198931359666289,-0.4888099262993303,0.5078249276988339,-0.993355408143237,Medium
-1.0114890544907242,1.0114890544907242,0.0,-0.2202279859109778,1.4062290958760337,-1.8407061650686098,0.6662229808351933,1.1113574801400241,1.0066890377827438,Low
-0.6163761425802848,0.6163761425802848,0.0,0.011428380755548613,0.7112992769168694,-0.9208130291022882,0.20420981798138385,1.4943685230353951,1.0066890377827438,Low
-0.6163761425802848,0.6163761425802848,0.0,-0.915197085910557,1.637872368862422,0.4590266748471942,-1.1818296705800444,1.1964710452278842,-0.993355408143237,High
-0.023706774714625855,0.023706774714625855,0.0,0.24308474742207503,-0.21527381502868312,-0.0009198931359666289,-0.026796763445520868,-0.7069777740097163,1.0066890377827438,Low
0.17384968124059383,-0.17384968124059383,0.0,0.011428380755548613,-0.21527381502868312,1.8388663787966766,-1.643842833433854,1.6375140643195234,1.0066890377827438,Medium
1.359188416971912,-1.359188416971912,0.0,-0.915197085910557,-0.6785603610014593,0.2290533908556138,1.3592427251159074,-0.03767564854608826,1.0066890377827438,Low
-0.4188196866250652,0.4188196866250652,0.0,1.401366580754707,-0.9102036339878475,0.6889999588387746,-1.1818296705800444,1.3009286023811673,1.0066890377827438,High
-0.023706774714625855,0.023706774714625855,0.0,0.011428380755548613,0.016369457957705016,0.4590266748471942,-0.4888099262993303,1.0571943023568402,-0.993355408143237,Low
-0.4188196866250652,0.4188196866250652,0.0,-0.6835407192440307,1.1745858228896457,-1.6107328810770296,1.1282361436890027,1.509843716687733,1.0066890377827438,Low
-0.6163761425802848,0.6163761425802848,0.0,1.6330229474212337,-0.9102036339878475,-1.8407061650686098,1.1282361436890027,-1.5349006344098106,1.0066890377827438,High
-1.2090455104459439,1.2090455104459439,0.0,-1.6101661859101364,3.0277320067807505,-0.6908397451107079,-0.719816507726235,0.7206088404184842,1.0066890377827438,High
0.7665190491062528,-0.7665190491062528,0.0,-0.6835407192440307,-0.21527381502868312,-0.0009198931359666289,0.8972295622620979,1.444074143665296,-0.993355408143237,High
-0.22126323066984552,0.22126323066984552,0.0,0.011428380755548613,0.24801273094409315,-0.0009198931359666289,-0.25780334487242557,0.678052057874554,1.0066890377827438,Medium
0.7665190491062528,-0.7665190491062528,0.0,-0.2202279859109778,-0.6785603610014593,0.6889999588387746,0.20420981798138385,-1.2447407534284693,1.0066890377827438,Low
1.5567448729271316,-1.5567448729271316,0.0,-1.8418225525766627,0.016369457957705016,0.2290533908556138,1.590249306542812,-1.1828399788191164,1.0066890377827438,Low
-1.4066019664011635,1.4066019664011635,0.0,0.24308474742207503,1.4062290958760337,-0.0009198931359666289,-1.643842833433854,0.5039561292857494,1.0066890377827438,Low
0.17384968124059383,-0.17384968124059383,0.0,-0.45188435257750426,0.24801273094409315,0.918973242830355,-0.719816507726235,0.6896584531138077,-0.993355408143237,Medium
1.359188416971912,-1.359188416971912,0.0,-1.1468534525770835,-0.44691708801507124,1.378919810813516,0.20420981798138385,-0.25045956126573893,-0.993355408143237,High
-0.023706774714625855,0.023706774714625855,0.0,-0.2202279859109778,0.24801273094409315,-0.46086646111912744,0.43521639940828855,0.2254026435436612,1.0066890377827438,Medium
-0.22126323066984552,0.22126323066984552,0.0,0.24308474742207503,0.016369457957705016,-1.1507863130938687,0.8972295622620979,-1.6703085788677703,-0.993355408143237,High
0.9640755050614725,-0.9640755050614725,0.0,-0.45188435257750426,-0.6785603610014593,0.918973242830355,0.20420981798138385,1.3628293769905202,-0.993355408143237,Medium
-0.023706774714625855,0.023706774714625855,0.0,-0.915197085910557,0.9429425499032575,0.918973242830355,-0.9508230891531397,0.39176097530629717,-0.993355408143237,Medium
-0.8139325985355046,0.8139325985355046,0.0,0.7063974807551279,0.24801273094409315,-1.6107328810770296,0.6662229808351933,-1.6664397804546855,-0.993355408143237,Medium
0.7665190491062528,-0.7665190491062528,0.0,-0.45188435257750426,-0.44691708801507124,1.6088930948050963,-0.719816507726235,1.0610631007699247,-0.993355408143237,Low
-0.023706774714625855,0.023706774714625855,0.0,0.24308474742207503,-0.21527381502868312,0.4590266748471942,-0.4888099262993303,-0.683764983531209,1.0066890377827438,Low
-0.6163761425802848,0.6163761425802848,0.0,0.011428380755548613,0.7112992769168694,-0.0009198931359666289,-0.719816507726235,0.6819208562876385,-0.993355408143237,Medium
0.5689625931510331,-0.5689625931510331,0.0,0.24308474742207503,-0.9102036339878475,0.6889999588387746,-0.026796763445520868,-0.6876337819442935,-0.993355408143237,Medium
-0.4188196866250652,0.4188196866250652,0.0,1.1697102140881808,-0.6785603610014593,-0.0009198931359666289,-0.4888099262993303,1.4982373214484797,1.0066890377827438,Low
-0.22126323066984552,0.22126323066984552,0.0,0.4747411140886015,-0.21527381502868312,-1.1507863130938687,0.8972295622620979,0.9566055436166422,1.0066890377827438,High
-2.5919407021324816,2.5919407021324816,0.0,2.0963356807542866,0.9429425499032575,-1.1507863130938687,-1.8748494148607586,-0.06475723743768017,-0.993355408143237,Low
0.7665190491062528,-0.7665190491062528,0.0,-0.915197085910557,0.016369457957705016,-0.23089317712754703,1.1282361436890027,-0.060888439024595606,-0.993355408143237,Low
0.7665190491062528,-0.7665190491062528,0.0,-0.45188435257750426,-0.44691708801507124,1.378919810813516,-0.4888099262993303,0.37628578165395893,-0.993355408143237,Medium
0.3714061371958135,-0.3714061371958135,0.0,-0.6835407192440307,0.24801273094409315,0.2290533908556138,0.20420981798138385,-1.0513008327742415,1.0066890377827438,High
-1.4066019664011635,1.4066019664011635,0.0,2.5596484140873392,-0.9102036339878475,-1.3807595970854492,-0.25780334487242557,-0.2891475453965845,1.0066890377827438,Medium
0.17384968124059383,-0.17384968124059383,0.0,0.7063974807551279,-0.9102036339878475,1.378919810813516,-1.1818296705800444,-1.2408719550153848,1.0066890377827438,High
-0.023706774714625855,0.023706774714625855,0.0,0.4747411140886015,-0.44691708801507124,0.6889999588387746,-0.719816507726235,0.8250663975717671,1.0066890377827438,High
0.5689625931510331,-0.5689625931510331,0.0,0.011428380755548613,-0.6785603610014593,0.6889999588387746,-0.026796763445520868,0.2911722165660987,-0.993355408143237,High
-0.8139325985355046,0.8139325985355046,0.0,0.24308474742207503,0.7112992769168694,-0.9208130291022882,-0.026796763445520868,1.4672869341438033,-0.993355408143237,High
-1.0114890544907242,1.0114890544907242,0.0,0.24308474742207503,0.9429425499032575,-0.0009198931359666289,-1.1818296705800444,0.44592415308948097,1.0066890377827438,Medium
-0.023706774714625855,0.023706774714625855,0.0,0.011428380755548613,0.016369457957705016,-0.0009198931359666289,-0.026796763445520868,-0.7147153708358854,-0.993355408143237,High
-0.4188196866250652,0.4188196866250652,0.0,-1.8418225525766627,2.3328021878215863,-0.0009198931359666289,-0.4888099262993303,0.7051336467661459,-0.993355408143237,High
-0.8139325985355046,0.8139325985355046,0.0,2.0963356807542866,-1.1418469069742356,-1.3807595970854492,0.43521639940828855,1.2274214325325608,1.0066890377827438,Low
-0.023706774714625855,0.023706774714625855,0.0,-0.6835407192440307,0.7112992769168694,0.4590266748471942,-0.4888099262993303,0.08999469908570171,-0.993355408143237,High
-0.023706774714625855,0.023706774714625855,0.0,1.401366580754707,-1.3734901799606238,-0.0009198931359666289,-0.026796763445520868,0.6277576785044547,-0.993355408143237,High
0.9640755050614725,-0.9640755050614725,0.0,0.011428380755548613,-1.1418469069742356,-0.6908397451107079,1.821255887969717,-1.7283405550640385,1.0066890377827438,High
-0.8139325985355046,0.8139325985355046,0.0,0.4747411140886015,0.47965600393048125,-0.46086646111912744,-0.4888099262993303,1.745840419885891,-0.993355408143237,High
-0.4188196866250652,0.4188196866250652,0.0,0.9380538474216543,-0.44691708801507124,-0.0009198931359666289,-0.4888099262993303,1.7148900325812146,1.0066890377827438,High
-1.0114890544907242,1.0114890544907242,0.0,0.4747411140886015,0.7112992769168694,-2.0706794490601905,0.8972295622620979,-0.1343956088732022,-0.993355408143237,Low
-0.023706774714625855,0.023706774714625855,0.0,-0.2202279859109778,0.24801273094409315,-0.23089317712754703,0.20420981798138385,-1.4072302867780204,1.0066890377827438,Low
-0.6163761425802848,0.6163761425802848,0.0,0.9380538474216543,-0.21527381502868312,-1.1507863130938687,0.43521639940828855,-0.4671122723984739,-0.993355408143237,Low
-0.023706774714625855,0.023706774714625855,0.0,0.011428380755548613,0.016369457957705016,1.6088930948050963,-1.643842833433854,-0.11118281839469485,-0.993355408143237,Medium
0.17384968124059383,-0.17384968124059383,0.0,0.011428380755548613,-0.21527381502868312,-0.23089317712754703,0.43521639940828855,-1.6780461756939393,1.0066890377827438,Medium
0.9640755050614725,-0.9640755050614725,0.0,-0.915197085910557,-0.21527381502868312,0.4590266748471942,0.6662229808351933,-0.7766161454452383,-0.993355408143237,Medium
0.5689625931510331,-0.5689625931510331,0.0,0.4747411140886015,-1.1418469069742356,0.6889999588387746,-0.026796763445520868,-1.558113424888318,-0.993355408143237,High
-0.023706774714625855,0.023706774714625855,0.0,0.24308474742207503,-0.21527381502868312,-0.23089317712754703,0.20420981798138385,1.180995851575546,1.0066890377827438,Medium
-0.6163761425802848,0.6163761425802848,0.0,1.6330229474212337,-0.9102036339878475,-0.0009198931359666289,-0.719816507726235,0.1712394657604774,1.0066890377827438,High
-0.4188196866250652,0.4188196866250652,0.0,-0.45188435257750426,0.9429425499032575,0.6889999588387746,-1.1818296705800444,-0.2891475453965845,1.0066890377827438,Low
-2.3943842461772618,2.3943842461772618,0.0,0.9380538474216543,1.8695156418488101,-2.530626017043351,-0.25780334487242557,1.5601380960578322,1.0066890377827438,Medium
-0.023706774714625855,0.023706774714625855,0.0,0.011428380755548613,0.016369457957705016,0.4590266748471942,-0.4888099262993303,-0.7147153708358854,1.0066890377827438,Low
0.3714061371958135,-0.3714061371958135,0.0,1.1697102140881808,-1.6051334529470118,0.918973242830355,-0.4888099262993303,1.3357477880989284,-0.993355408143237,Low
0.5689625931510331,-0.5689625931510331,0.0,-0.45188435257750426,-0.21527381502868312,-0.6908397451107079,1.3592427251159074,0.782509615027837,-0.993355408143237,High
0.17384968124059383,-0.17384968124059383,0.0,0.4747411140886015,-0.6785603610014593,0.2290533908556138,-0.026796763445520868,-1.403361488364936,1.0066890377827438,Medium
-0.6163761425802848,0.6163761425802848,0.0,-0.2202279859109778,0.9429425499032575,1.1489465268219354,-1.8748494148607586,1.0455879071175864,1.0066890377827438,Low
-0.023706774714625855,0.023706774714625855,0.0,1.1697102140881808,-1.1418469069742356,0.2290533908556138,-0.25780334487242557,0.8018536070932598,1.0066890377827438,Low
-1.4066019664011635,1.4066019664011635,0.0,0.9380538474216543,0.7112992769168694,-0.46086646111912744,-1.1818296705800444,-0.621864208921856,-0.993355408143237,Medium
0.7665190491062528,-0.7665190491062528,0.0,-1.3785098192436098,0.47965600393048125,0.4590266748471942,0.43521639940828855,0.7244776388315687,-0.993355408143237,Low
0.17384968124059383,-0.17384968124059383,0.0,0.9380538474216543,-1.1418469069742356,0.4590266748471942,-0.25780334487242557,0.44592415308948097,-0.993355408143237,Low
0.5689625931510331,-0.5689625931510331,0.0,-1.1468534525770835,0.47965600393048125,-0.0009198931359666289,0.6662229808351933,-1.5813262153668255,1.0066890377827438,Low
0.3714061371958135,-0.3714061371958135,0.0,0.24308474742207503,-0.6785603610014593,-0.0009198931359666289,0.43521639940828855,-0.6334706041611097,1.0066890377827438,Medium
1.359188416971912,-1.359188416971912,0.0,-1.1468534525770835,-0.44691708801507124,0.4590266748471942,1.1282361436890027,1.5485317008185786,-0.993355408143237,Medium
0.9640755050614725,-0.9640755050614725,0.0,0.4747411140886015,-1.6051334529470118,1.378919810813516,-0.25780334487242557,1.2622406182503219,1.0066890377827438,High
-1.6041584223563832,1.6041584223563832,0.0,-0.6835407192440307,2.5644454608079745,-0.9208130291022882,-0.9508230891531397,-1.2331343581892156,1.0066890377827438,Low
0.5689625931510331,-0.5689625931510331,0.0,-0.2202279859109778,-0.44691708801507124,-0.9208130291022882,1.590249306542812,-0.5328818454209114,-0.993355408143237,High
-0.8139325985355046,0.8139325985355046,0.0,0.011428380755548613,0.9429425499032575,-0.0009198931359666289,-0.9508230891531397,-0.5058002565293195,1.0066890377827438,High
1.161631961016692,-1.161631961016692,0.0,-0.45188435257750426,-0.9102036339878475,-0.0009198931359666289,1.3592427251159074,-0.3394419247666835,1.0066890377827438,High
0.17384968124059383,-0.17384968124059383,0.0,-0.6835407192440307,0.47965600393048125,0.4590266748471942,-0.25780334487242557,0.6935272515268922,-0.993355408143237,Medium
-0.4188196866250652,0.4188196866250652,0.0,0.011428380755548613,0.47965600393048125,-1.3807595970854492,0.8972295622620979,1.208077440467138,1.0066890377827438,Low
-1.0114890544907242,1.0114890544907242,0.0,-0.915197085910557,2.101158914835198,-1.3807595970854492,0.20420981798138385,0.1441578768688855,-0.993355408143237,Low
-1.2090455104459439,1.2090455104459439,0.0,0.7063974807551279,0.7112992769168694,-0.46086646111912744,-0.9508230891531397,0.4884809356334111,1.0066890377827438,Low
2.54452715270323,-2.54452715270323,0.0,-1.3785098192436098,-1.6051334529470118,1.6088930948050963,1.3592427251159074,-1.5116878439313033,-0.993355408143237,Low
0.3714061371958135,-0.3714061371958135,0.0,0.9380538474216543,-1.3734901799606238,0.2290533908556138,0.20420981798138385,-1.4691310613873731,-0.993355408143237,Low
0.3714061371958135,-0.3714061371958135,0.0,0.4747411140886015,-0.9102036339878475,1.8388663787966766,-1.412836252006949,0.5233001213511721,-0.993355408143237,High
-0.4188196866250652,0.4188196866250652,0.0,2.0963356807542866,-1.6051334529470118,0.6889999588387746,-1.1818296705800444,0.9063111642465429,-0.993355408143237,High
1.161631961016692,-1.161631961016692,0.0,-0.915197085910557,-0.44691708801507124,0.6889999588387746,0.6662229808351933,-1.5735886185406562,1.0066890377827438,High
0.17384968124059383,-0.17384968124059383,0.0,-0.2202279859109778,0.016369457957705016,0.918973242830355,-0.719816507726235,0.6354952753306239,-0.993355408143237,Medium
-0.6163761425802848,0.6163761425802848,0.0,0.7063974807551279,0.016369457957705016,-0.0009198931359666289,-0.719816507726235,-1.2447407534284693,1.0066890377827438,Low
-1.6041584223563832,1.6041584223563832,0.0,1.401366580754707,0.47965600393048125,0.918973242830355,-2.7988757405683775,-0.6798961851181243,-0.993355408143237,Low
-0.023706774714625855,0.023706774714625855,0.0,-0.45188435257750426,0.47965600393048125,-0.9208130291022882,0.8972295622620979,1.4943685230353951,1.0066890377827438,Medium
0.3714061371958135,-0.3714061371958135,0.0,0.4747411140886015,-0.9102036339878475,0.918973242830355,-0.4888099262993303,0.41884256419788907,-0.993355408143237,High
0.7665190491062528,-0.7665190491062528,0.0,-1.3785098192436098,0.47965600393048125,1.6088930948050963,-0.719816507726235,-0.35491711841902174,-0.993355408143237,Low
-0.22126323066984552,0.22126323066984552,0.0,1.1697102140881808,-0.9102036339878475,-2.3006527330517708,2.0522624693966214,0.40336737054555083,1.0066890377827438,High
-1.4066019664011635,1.4066019664011635,0.0,2.0963356807542866,-0.44691708801507124,-0.46086646111912744,-1.1818296705800444,0.5774632991343555,1.0066890377827438,Low
0.5689625931510331,-0.5689625931510331,0.0,-1.6101661859101364,0.9429425499032575,0.2290533908556138,0.43521639940828855,-0.153739600938625,1.0066890377827438,Medium
-0.8139325985355046,0.8139325985355046,0.0,-0.6835407192440307,1.637872368862422,-0.0009198931359666289,-0.9508230891531397,-0.08797002791618751,-0.993355408143237,Low
-0.6163761425802848,0.6163761425802848,0.0,1.6330229474212337,-0.9102036339878475,0.2290533908556138,-0.9508230891531397,-0.22337797237414703,-0.993355408143237,Low
0.5689625931510331,-0.5689625931510331,0.0,0.7063974807551279,-1.3734901799606238,1.8388663787966766,-1.1818296705800444,1.2351590293587298,-0.993355408143237,Low
-0.8139325985355046,0.8139325985355046,0.0,1.401366580754707,-0.44691708801507124,-0.6908397451107079,-0.25780334487242557,0.6973960499399768,1.0066890377827438,Low
0.17384968124059383,-0.17384968124059383,0.0,-0.45188435257750426,0.24801273094409315,0.918973242830355,-0.719816507726235,1.7264964278204682,1.0066890377827438,Low
1.9518577848375709,-1.9518577848375709,0.0,0.011428380755548613,-2.3000632719061764,0.4590266748471942,1.821255887969717,0.9643431404428112,1.0066890377827438,Medium
-1.9992713342668227,1.9992713342668227,0.0,1.401366580754707,0.9429425499032575,-0.23089317712754703,-2.105855996287663,0.9952935277474877,-0.993355408143237,Medium
0.5689625931510331,-0.5689625931510331,0.0,-0.2202279859109778,-0.44691708801507124,0.6889999588387746,-0.026796763445520868,-1.1209392042097635,1.0066890377827438,Medium
-0.6163761425802848,0.6163761425802848,0.0,-0.6835407192440307,1.4062290958760337,-0.9208130291022882,0.20420981798138385,0.5890696943736092,-0.993355408143237,High
-0.4188196866250652,0.4188196866250652,0.0,0.9380538474216543,-0.44691708801507124,-0.23089317712754703,-0.25780334487242557,0.33759779752311336,-0.993355408143237,High
0.17384968124059383,-0.17384968124059383,0.0,0.011428380755548613,-0.21527381502868312,-0.23089317712754703,0.43521639940828855,-1.4343118756696125,1.0066890377827438,Low
0.5689625931510331,-0.5689625931510331,0.0,0.011428380755548613,-0.6785603610014593,0.4590266748471942,0.20420981798138385,-0.8075665327499145,1.0066890377827438,Medium
1.359188416971912,-1.359188416971912,0.0,-1.3785098192436098,-0.21527381502868312,2.0688396627882573,-0.4888099262993303,-1.0745136232527488,-0.993355408143237,Low
-0.023706774714625855,0.023706774714625855,0.0,0.24308474742207503,-0.21527381502868312,-0.0009198931359666289,-0.026796763445520868,0.3221226038707751,-0.993355408143237,High
-0.22126323066984552,0.22126323066984552,0.0,-0.2202279859109778,0.47965600393048125,-0.23089317712754703,-0.026796763445520868,-0.9623184692732969,-0.993355408143237,Low
-0.4188196866250652,0.4188196866250652,0.0,0.7063974807551279,-0.21527381502868312,-0.23089317712754703,-0.25780334487242557,-1.620014199497671,1.0066890377827438,Low
0.3714061371958135,-0.3714061371958135,0.0,0.24308474742207503,-0.6785603610014593,-0.9208130291022882,1.3592427251159074,1.180995851575546,-0.993355408143237,Medium
-2.3943842461772618,2.3943842461772618,0.0,0.4747411140886015,2.3328021878215863,-0.9208130291022882,-1.8748494148607586,-1.2408719550153848,1.0066890377827438,Medium
-2.5919407021324816,2.5919407021324816,0.0,3.2546175140869185,-0.21527381502868312,-0.46086646111912744,-2.567869159141473,-0.27754115015733083,-0.993355408143237,High
-0.6163761425802848,0.6163761425802848,0.0,-0.6835407192440307,1.4062290958760337,0.2290533908556138,-0.9508230891531397,-1.5774574169537408,1.0066890377827438,High
0.7665190491062528,-0.7665190491062528,0.0,-0.2202279859109778,-0.6785603610014593,0.918973242830355,-0.026796763445520868,-0.6992401771835471,1.0066890377827438,Medium
-0.8139325985355046,0.8139325985355046,0.0,1.1697102140881808,-0.21527381502868312,-1.1507863130938687,0.20420981798138385,1.1036198833138549,-0.993355408143237,High
-1.8017148783116028,1.8017148783116028,0.0,1.1697102140881808,0.9429425499032575,-0.6908397451107079,-1.412836252006949,0.5000873308726648,-0.993355408143237,Medium
2.7420836086584495,-2.7420836086584495,0.0,-0.45188435257750426,-2.7633498178789524,0.6889999588387746,2.514275632250431,0.2292714419567458,-0.993355408143237,Low
-0.023706774714625855,0.023706774714625855,0.0,-0.45188435257750426,0.47965600393048125,0.2290533908556138,-0.25780334487242557,0.12094508639037817,1.0066890377827438,High
0.17384968124059383,-0.17384968124059383,0.0,-0.2202279859109778,0.016369457957705016,-0.9208130291022882,1.1282361436890027,-0.6296018057480252,-0.993355408143237,Low
-0.6163761425802848,0.6163761425802848,0.0,-0.6835407192440307,1.4062290958760337,-0.0009198931359666289,-0.719816507726235,-0.5483570390732494,-0.993355408143237,Medium
-1.4066019664011635,1.4066019664011635,0.0,1.6330229474212337,0.016369457957705016,-2.7605993010349317,1.1282361436890027,-0.656683394639617,-0.993355408143237,High
-2.1968277902220423,2.1968277902220423,0.0,1.1697102140881808,1.4062290958760337,-0.6908397451107079,-1.8748494148607586,-0.80369773433683,-0.993355408143237,Low
-0.4188196866250652,0.4188196866250652,0.0,-0.6835407192440307,1.1745858228896457,-0.23089317712754703,-0.25780334487242557,-0.17695239141713232,-0.993355408143237,Low
1.359188416971912,-1.359188416971912,0.0,0.9380538474216543,-2.531706544892564,1.378919810813516,0.20420981798138385,-0.6450769994003633,1.0066890377827438,Medium
0.17384968124059383,-0.17384968124059383,0.0,-0.45188435257750426,0.24801273094409315,-0.6908397451107079,0.8972295622620979,-0.594782620030264,-0.993355408143237,Medium
-0.6163761425802848,0.6163761425802848,0.0,0.011428380755548613,0.7112992769168694,-0.46086646111912744,-0.25780334487242557,0.9024423658334584,-0.993355408143237,Medium
2.1494142407927908,-2.1494142407927908,0.0,-1.6101661859101364,-0.9102036339878475,1.8388663787966766,0.6662229808351933,1.606563677014847,1.0066890377827438,Low
-0.6163761425802848,0.6163761425802848,0.0,0.4747411140886015,0.24801273094409315,0.4590266748471942,-1.1818296705800444,0.9566055436166422,1.0066890377827438,High
-0.22126323066984552,0.22126323066984552,0.0,0.011428380755548613,0.24801273094409315,-0.0009198931359666289,-0.25780334487242557,-0.5444882406601651,-0.993355408143237,Medium
-1.2090455104459439,1.2090455104459439,0.0,1.401366580754707,0.016369457957705016,-0.6908397451107079,-0.719816507726235,0.8869671721811201,1.0066890377827438,Low
0.9640755050614725,-0.9640755050614725,0.0,-0.45188435257750426,-0.6785603610014593,-0.23089317712754703,1.3592427251159074,1.6994148389288763,1.0066890377827438,Low
-0.023706774714625855,0.023706774714625855,0.0,-0.2202279859109778,0.24801273094409315,0.2290533908556138,-0.25780334487242557,0.43044895943714273,1.0066890377827438,High
0.17384968124059383,-0.17384968124059383,0.0,0.011428380755548613,-0.21527381502868312,-0.6908397451107079,0.8972295622620979,1.6800708468634535,1.0066890377827438,Medium
1.161631961016692,-1.161631961016692,0.0,0.7063974807551279,-2.0684199989197882,0.918973242830355,0.43521639940828855,1.0262439150521638,-0.993355408143237,High
1.359188416971912,-1.359188416971912,0.0,-1.8418225525766627,0.24801273094409315,-0.6908397451107079,2.283269050823526,-1.0667760264265798,-0.993355408143237,High
1.161631961016692,-1.161631961016692,0.0,0.011428380755548613,-1.3734901799606238,1.8388663787966766,-0.4888099262993303,1.5137125151008175,1.0066890377827438,Low
-0.8139325985355046,0.8139325985355046,0.0,0.4747411140886015,0.47965600393048125,1.378919810813516,-2.336862577714568,1.691677242102707,-0.993355408143237,Medium
1.5567448729271316,-1.5567448729271316,0.0,-1.3785098192436098,-0.44691708801507124,-0.0009198931359666289,1.821255887969717,-0.09570762474235663,-0.993355408143237,Medium
1.7543013288823512,-1.7543013288823512,0.0,-0.6835407192440307,-1.3734901799606238,1.6088930948050963,0.43521639940828855,0.5658569038951018,-0.993355408143237,Low
-0.22126323066984552,0.22126323066984552,0.0,0.24308474742207503,0.016369457957705016,-0.0009198931359666289,-0.25780334487242557,-1.5465070296490644,1.0066890377827438,Low
-0.6163761425802848,0.6163761425802848,0.0,-1.8418225525766627,2.5644454608079745,-0.6908397451107079,-0.026796763445520868,0.983687132508234,-0.993355408143237,Medium
-0.8139325985355046,0.8139325985355046,0.0,0.011428380755548613,0.9429425499032575,-0.9208130291022882,-0.026796763445520868,-0.27754115015733083,-0.993355408143237,High
-0.22126323066984552,0.22126323066984552,0.0,1.401366580754707,-1.1418469069742356,-0.23089317712754703,-0.026796763445520868,0.809591203919429,-0.993355408143237,Medium
-1.4066019664011635,1.4066019664011635,0.0,1.6330229474212337,0.016369457957705016,-0.9208130291022882,-0.719816507726235,-1.620014199497671,1.0066890377827438,Low
-0.023706774714625855,0.023706774714625855,0.0,-0.45188435257750426,0.47965600393048125,-0.23089317712754703,0.20420981798138385,-0.19242758506947055,1.0066890377827438,Low
-0.4188196866250652,0.4188196866250652,0.0,-0.2202279859109778,0.7112992769168694,-0.9208130291022882,0.43521639940828855,-0.6798961851181243,1.0066890377827438,High
-0.023706774714625855,0.023706774714625855,0.0,-0.45188435257750426,0.47965600393048125,0.4590266748471942,-0.4888099262993303,0.05904431178102525,-0.993355408143237,Low
0.17384968124059383,-0.17384968124059383,0.0,0.7063974807551279,-0.9102036339878475,0.2290533908556138,-0.026796763445520868,1.3357477880989284,-0.993355408143237,High
-1.4066019664011635,1.4066019664011635,0.0,0.011428380755548613,1.637872368862422,-0.9208130291022882,-0.719816507726235,-1.0358256391219032,-0.993355408143237,High
0.17384968124059383,-0.17384968124059383,0.0,3.486273880753445,-3.689922909824505,0.2290533908556138,-0.026796763445520868,0.6625768642222157,-0.993355408143237,Medium
0.7665190491062528,-0.7665190491062528,0.0,-1.1468534525770835,0.24801273094409315,0.4590266748471942,0.43521639940828855,0.1712394657604774,1.0066890377827438,Low
-0.4188196866250652,0.4188196866250652,0.0,1.401366580754707,-0.9102036339878475,-0.0009198931359666289,-0.4888099262993303,-0.9623184692732969,-0.993355408143237,Low
-0.6163761425802848,0.6163761425802848,0.0,0.24308474742207503,0.47965600393048125,-0.23089317712754703,-0.4888099262993303,-0.1808211898302169,1.0066890377827438,Medium
0.7665190491062528,-0.7665190491062528,0.0,-1.3785098192436098,0.47965600393048125,1.378919810813516,-0.4888099262993303,0.4265801610240582,-0.993355408143237,High
-0.22126323066984552,0.22126323066984552,0.0,0.24308474742207503,0.016369457957705016,-0.46086646111912744,0.20420981798138385,0.983687132508234,1.0066890377827438,High
0.17384968124059383,-0.17384968124059383,0.0,-0.6835407192440307,0.47965600393048125,0.2290533908556138,-0.026796763445520868,-0.838516920054591,1.0066890377827438,Low
-1.0114890544907242,1.0114890544907242,0.0,1.6330229474212337,-0.44691708801507124,0.2290533908556138,-1.412836252006949,1.3937797642951968,-0.993355408143237,Medium
-0.8139325985355046,0.8139325985355046,0.0,0.24308474742207503,0.7112992769168694,-0.23089317712754703,-0.719816507726235,0.37628578165395893,1.0066890377827438,Medium
-0.22126323066984552,0.22126323066984552,0.0,-0.2202279859109778,0.47965600393048125,-0.23089317712754703,-0.026796763445520868,0.33759779752311336,1.0066890377827438,Medium
-0.8139325985355046,0.8139325985355046,0.0,-0.6835407192440307,1.637872368862422,-1.6107328810770296,0.6662229808351933,-0.7843537422714074,-0.993355408143237,Low
-0.22126323066984552,0.22126323066984552,0.0,0.24308474742207503,0.016369457957705016,-0.9208130291022882,0.6662229808351933,0.43044895943714273,1.0066890377827438,Medium
0.5689625931510331,-0.5689625931510331,0.0,0.011428380755548613,-0.6785603610014593,1.8388663787966766,-1.1818296705800444,0.05904431178102525,-0.993355408143237,High
0.3714061371958135,-0.3714061371958135,0.0,1.401366580754707,-1.8367767259334,-0.46086646111912744,0.8972295622620979,1.0146375198129105,1.0066890377827438,Medium
-1.0114890544907242,1.0114890544907242,0.0,0.7063974807551279,0.47965600393048125,0.2290533908556138,-1.412836252006949,-0.6179954105087715,-0.993355408143237,Medium
0.3714061371958135,-0.3714061371958135,0.0,-1.3785098192436098,0.9429425499032575,0.6889999588387746,-0.25780334487242557,-0.25045956126573893,1.0066890377827438,High
1.5567448729271316,-1.5567448729271316,0.0,0.011428380755548613,-1.8367767259334,0.4590266748471942,1.3592427251159074,-0.7572721533798155,-0.993355408143237,High
-0.8139325985355046,0.8139325985355046,0.0,0.24308474742207503,0.7112992769168694,-1.8407061650686098,0.8972295622620979,-0.5444882406601651,-0.993355408143237,Medium
0.9640755050614725,-0.9640755050614725,0.0,0.9380538474216543,-2.0684199989197882,2.0688396627882573,-0.9508230891531397,0.6973960499399768,1.0066890377827438,Low
0.17384968124059383,-0.17384968124059383,0.0,-0.6835407192440307,0.47965600393048125,0.2290533908556138,-0.026796763445520868,-0.7572721533798155,1.0066890377827438,High
0.17384968124059383,-0.17384968124059383,0.0,-1.6101661859101364,1.4062290958760337,-0.0009198931359666289,0.20420981798138385,0.012618730824010986,1.0066890377827438,Medium
0.9640755050614725,-0.9640755050614725,0.0,-2.536791652576242,1.4062290958760337,1.378919810813516,-0.25780334487242557,-1.5039502471051343,-0.993355408143237,High
1.7543013288823512,-1.7543013288823512,0.0,-0.2202279859109778,-1.8367767259334,1.378919810813516,0.6662229808351933,-0.0028564628283272433,1.0066890377827438,Low
0.5689625931510331,-0.5689625931510331,0.0,-0.2202279859109778,-0.44691708801507124,-0.46086646111912744,1.1282361436890027,-0.900417694663944,-0.993355408143237,High
0.7665190491062528,-0.7665190491062528,0.0,-0.45188435257750426,-0.44691708801507124,0.2290533908556138,0.6662229808351933,-0.7688785486190692,1.0066890377827438,Medium
-0.22126323066984552,0.22126323066984552,0.0,0.011428380755548613,0.24801273094409315,-1.6107328810770296,1.3592427251159074,1.347354183338182,1.0066890377827438,Medium
-1.2090455104459439,1.2090455104459439,0.0,1.401366580754707,0.016369457957705016,-0.0009198931359666289,-1.412836252006949,0.6587080658091312,1.0066890377827438,High
0.5689625931510331,-0.5689625931510331,0.0,-1.8418225525766627,1.1745858228896457,0.918973242830355,-0.25780334487242557,1.4595493373176343,-0.993355408143237,High
-1.2090455104459439,1.2090455104459439,0.0,0.7063974807551279,0.7112992769168694,-0.46086646111912744,-0.9508230891531397,1.2931910055549982,1.0066890377827438,Medium
0.7665190491062528,-0.7665190491062528,0.0,-0.915197085910557,0.016369457957705016,2.0688396627882573,-1.1818296705800444,-0.8423857184676755,-0.993355408143237,High
0.17384968124059383,-0.17384968124059383,0.0,1.1697102140881808,-1.3734901799606238,-1.1507863130938687,1.3592427251159074,1.571744491297086,1.0066890377827438,High
-0.023706774714625855,0.023706774714625855,0.0,0.24308474742207503,-0.21527381502868312,-0.0009198931359666289,-0.026796763445520868,-0.4787186676377276,-0.993355408143237,High
0.7665190491062528,-0.7665190491062528,0.0,0.4747411140886015,-1.3734901799606238,-0.6908397451107079,1.590249306542812,-0.3626547152451909,-0.993355408143237,Low
-0.22126323066984552,0.22126323066984552,0.0,0.4747411140886015,-0.21527381502868312,-1.3807595970854492,1.1282361436890027,-1.6161454010845864,-0.993355408143237,Low
0.17384968124059383,-0.17384968124059383,0.0,-0.2202279859109778,0.016369457957705016,0.4590266748471942,-0.25780334487242557,0.08999469908570171,1.0066890377827438,High
-0.4188196866250652,0.4188196866250652,0.0,-1.6101661859101364,2.101158914835198,-0.23089317712754703,-0.25780334487242557,-0.3781299088975291,-0.993355408143237,High
1.5567448729271316,-1.5567448729271316,0.0,-2.0734789192431893,0.24801273094409315,1.6088930948050963,0.20420981798138385,-1.3027727296247378,-0.993355408143237,Low
-0.22126323066984552,0.22126323066984552,0.0,-0.45188435257750426,0.7112992769168694,0.6889999588387746,-0.9508230891531397,-0.7495345565536464,-0.993355408143237,Medium
-0.6163761425802848,0.6163761425802848,0.0,1.401366580754707,-0.6785603610014593,-0.0009198931359666289,-0.719816507726235,-1.0745136232527488,1.0066890377827438,High
-1.8017148783116028,1.8017148783116028,0.0,0.24308474742207503,1.8695156418488101,-0.46086646111912744,-1.643842833433854,-1.7012589661724467,1.0066890377827438,Low
-0.8139325985355046,0.8139325985355046,0.0,0.7063974807551279,0.24801273094409315,-0.0009198931359666289,-0.9508230891531397,-0.5677010311386722,-0.993355408143237,Medium
0.5689625931510331,-0.5689625931510331,0.0,-0.6835407192440307,0.016369457957705016,0.6889999588387746,-0.026796763445520868,-0.7301905644882236,1.0066890377827438,High
0.5689625931510331,-0.5689625931510331,0.0,-0.45188435257750426,-0.21527381502868312,-0.9208130291022882,1.590249306542812,-0.5522258374863339,1.0066890377827438,Medium
0.9640755050614725,-0.9640755050614725,0.0,-0.6835407192440307,-0.44691708801507124,0.6889999588387746,0.43521639940828855,-1.716734159824785,-0.993355408143237,Medium
0.3714061371958135,-0.3714061371958135,0.0,0.7063974807551279,-1.1418469069742356,-0.23089317712754703,0.6662229808351933,-1.0667760264265798,1.0066890377827438,Medium
-0.8139325985355046,0.8139325985355046,0.0,0.7063974807551279,0.24801273094409315,-0.46086646111912744,-0.4888099262993303,-0.3587859168321063,1.0066890377827438,Medium
-0.023706774714625855,0.023706774714625855,0.0,0.7063974807551279,-0.6785603610014593,-0.46086646111912744,0.43521639940828855,1.544662902405494,-0.993355408143237,High
-0.8139325985355046,0.8139325985355046,0.0,-0.2202279859109778,1.1745858228896457,0.2290533908556138,-1.1818296705800444,0.47300574198107287,-0.993355408143237,Medium
0.17384968124059383,-0.17384968124059383,0.0,0.4747411140886015,-0.6785603610014593,-0.6908397451107079,0.8972295622620979,-0.5986514184433487,1.0066890377827438,Low
0.3714061371958135,-0.3714061371958135,0.0,-0.915197085910557,0.47965600393048125,0.2290533908556138,0.20420981798138385,-0.27367235174424626,-0.993355408143237,High
0.3714061371958135,-0.3714061371958135,0.0,-0.6835407192440307,0.24801273094409315,-0.46086646111912744,0.8972295622620979,0.7670344213754988,-0.993355408143237,Medium
0.17384968124059383,-0.17384968124059383,0.0,0.011428380755548613,-0.21527381502868312,0.2290533908556138,-0.026796763445520868,-1.0938576153181716,1.0066890377827438,Low
-0.023706774714625855,0.023706774714625855,0.0,-1.6101661859101364,1.637872368862422,-0.9208130291022882,0.8972295622620979,-0.594782620030264,-0.993355408143237,Low
1.5567448729271316,-1.5567448729271316,0.0,-1.8418225525766627,0.016369457957705016,1.1489465268219354,0.6662229808351933,-0.19242758506947055,-0.993355408143237,Medium
-1.0114890544907242,1.0114890544907242,0.0,-0.2202279859109778,1.4062290958760337,0.4590266748471942,-1.643842833433854,-1.0164816470564806,-0.993355408143237,High
-0.8139325985355046,0.8139325985355046,0.0,0.7063974807551279,0.24801273094409315,-0.23089317712754703,-0.719816507726235,1.1152262785531086,1.0066890377827438,Medium
0.3714061371958135,-0.3714061371958135,0.0,0.4747411140886015,-0.9102036339878475,-0.46086646111912744,0.8972295622620979,0.3259914022838597,1.0066890377827438,High
-0.22126323066984552,0.22126323066984552,0.0,0.24308474742207503,0.016369457957705016,-0.6908397451107079,0.43521639940828855,0.5929384927866937,-0.993355408143237,Medium
0.9640755050614725,-0.9640755050614725,0.0,-0.6835407192440307,-0.44691708801507124,0.918973242830355,0.20420981798138385,-1.488475053452796,-0.993355408143237,High
0.3714061371958135,-0.3714061371958135,0.0,-0.2202279859109778,-0.21527381502868312,-0.0009198931359666289,0.43521639940828855,0.4884809356334111,1.0066890377827438,High
2.1494142407927908,-2.1494142407927908,0.0,-2.0734789192431893,-0.44691708801507124,0.918973242830355,1.590249306542812,1.5485317008185786,-0.993355408143237,Low
-0.023706774714625855,0.023706774714625855,0.0,-0.45188435257750426,0.47965600393048125,-0.46086646111912744,0.43521639940828855,-0.8153041295760837,-0.993355408143237,Medium
0.17384968124059383,-0.17384968124059383,0.0,0.4747411140886015,-0.6785603610014593,0.918973242830355,-0.719816507726235,-1.020350445469565,-0.993355408143237,Low
0.3714061371958135,-0.3714061371958135,0.0,-2.0734789192431893,1.637872368862422,0.918973242830355,-0.4888099262993303,0.5271689197642567,-0.993355408143237,High
0.7665190491062528,-0.7665190491062528,0.0,-0.45188435257750426,-0.44691708801507124,0.6889999588387746,0.20420981798138385,-1.0861200184920026,1.0066890377827438,High
-0.8139325985355046,0.8139325985355046,0.0,0.4747411140886015,0.47965600393048125,-0.46086646111912744,-0.4888099262993303,1.0339815118783329,1.0066890377827438,High
0.9640755050614725,-0.9640755050614725,0.0,-1.3785098192436098,0.24801273094409315,-0.23089317712754703,1.3592427251159074,-1.1480207931013553,-0.993355408143237,High
-1.8017148783116028,1.8017148783116028,0.0,2.0963356807542866,0.016369457957705016,-0.6908397451107079,-1.412836252006949,-0.29301634380966907,1.0066890377827438,Low
-0.023706774714625855,0.023706774714625855,0.0,0.24308474742207503,-0.21527381502868312,-0.23089317712754703,0.20420981798138385,1.4595493373176343,-0.993355408143237,Medium
-1.9992713342668227,1.9992713342668227,0.0,2.5596484140873392,-0.21527381502868312,-2.0706794490601905,-0.25780334487242557,-1.6509645868023475,1.0066890377827438,Medium
0.7665190491062528,-0.7665190491062528,0.0,-0.6835407192440307,-0.21527381502868312,1.6088930948050963,-0.719816507726235,0.3298602006969443,1.0066890377827438,High
2.34697069674801,-2.34697069674801,0.0,-0.45188435257750426,-2.3000632719061764,2.0688396627882573,0.6662229808351933,0.001012335584757314,1.0066890377827438,Low
0.7665190491062528,-0.7665190491062528,0.0,-0.2202279859109778,-0.6785603610014593,1.8388663787966766,-0.9508230891531397,0.8211975991586826,1.0066890377827438,Medium
-0.4188196866250652,0.4188196866250652,0.0,-1.1468534525770835,1.637872368862422,-0.6908397451107079,0.20420981798138385,0.46913694356798835,-0.993355408143237,Medium
0.3714061371958135,-0.3714061371958135,0.0,0.24308474742207503,-0.6785603610014593,1.6088930948050963,-1.1818296705800444,0.9527367452035576,-0.993355408143237,High
-0.6163761425802848,0.6163761425802848,0.0,0.7063974807551279,0.016369457957705016,-0.9208130291022882,0.20420981798138385,-0.07249483426384928,1.0066890377827438,High
-1.4066019664011635,1.4066019664011635,0.0,0.9380538474216543,0.7112992769168694,-1.6107328810770296,-0.026796763445520868,-1.2872975359723995,-0.993355408143237,Medium
0.17384968124059383,-0.17384968124059383,0.0,0.011428380755548613,-0.21527381502868312,0.2290533908556138,-0.026796763445520868,1.153914262683954,-0.993355408143237,Medium
0.3714061371958135,-0.3714061371958135,0.0,0.011428380755548613,-0.44691708801507124,-0.6908397451107079,1.1282361436890027,0.5697257023081864,-0.993355408143237,High
-0.023706774714625855,0.023706774714625855,0.0,0.9380538474216543,-0.9102036339878475,-0.46086646111912744,0.43521639940828855,-0.8423857184676755,1.0066890377827438,Low
-2.3943842461772618,2.3943842461772618,0.0,0.9380538474216543,1.8695156418488101,-0.6908397451107079,-2.105855996287663,1.4208613531867886,1.0066890377827438,Medium
0.9640755050614725,-0.9640755050614725,0.0,-0.6835407192440307,-0.44691708801507124,0.4590266748471942,0.6662229808351933,0.5968072911997783,-0.993355408143237,High
2.1494142407927908,-2.1494142407927908,0.0,-1.6101661859101364,-0.9102036339878475,0.6889999588387746,1.821255887969717,-1.2950351327985685,1.0066890377827438,High
0.3714061371958135,-0.3714061371958135,0.0,-0.915197085910557,0.47965600393048125,-0.0009198931359666289,0.43521639940828855,0.6819208562876385,-0.993355408143237,High
0.5689625931510331,-0.5689625931510331,0.0,-0.6835407192440307,0.016369457957705016,-0.9208130291022882,1.590249306542812,0.8560167848764436,1.0066890377827438,Medium
-0.023706774714625855,0.023706774714625855,0.0,-0.2202279859109778,0.24801273094409315,1.6088930948050963,-1.643842833433854,-0.3665235136582754,-0.993355408143237,High
0.3714061371958135,-0.3714061371958135,0.0,-1.8418225525766627,1.4062290958760337,0.6889999588387746,-0.25780334487242557,1.6452516611456924,-0.993355408143237,Low
-0.4188196866250652,0.4188196866250652,0.0,-0.915197085910557,1.4062290958760337,-0.6908397451107079,0.20420981798138385,-1.2950351327985685,1.0066890377827438,Medium
-0.22126323066984552,0.22126323066984552,0.0,-1.3785098192436098,1.637872368862422,-1.6107328810770296,1.3592427251159074,-0.32783552952742984,-0.993355408143237,High
0.3714061371958135,-0.3714061371958135,0.0,-0.2202279859109778,-0.21527381502868312,1.378919810813516,-0.9508230891531397,-1.3724111010602595,-0.993355408143237,Medium
0.7665190491062528,-0.7665190491062528,0.0,0.011428380755548613,-0.9102036339878475,2.0688396627882573,-1.1818296705800444,0.8521479864633591,1.0066890377827438,Medium
-0.023706774714625855,0.023706774714625855,0.0,0.24308474742207503,-0.21527381502868312,0.918973242830355,-0.9508230891531397,1.0378503102914174,1.0066890377827438,Low
-0.4188196866250652,0.4188196866250652,0.0,0.9380538474216543,-0.44691708801507124,-0.46086646111912744,-0.026796763445520868,0.9604743420297267,-0.993355408143237,Low
0.7665190491062528,-0.7665190491062528,0.0,-1.6101661859101364,0.7112992769168694,1.378919810813516,-0.4888099262993303,1.4208613531867886,1.0066890377827438,Low
0.17384968124059383,-0.17384968124059383,0.0,1.1697102140881808,-1.3734901799606238,-0.6908397451107079,0.8972295622620979,1.6607268547980307,-0.993355408143237,Low
-1.0114890544907242,1.0114890544907242,0.0,1.6330229474212337,-0.44691708801507124,-0.6908397451107079,-0.4888099262993303,1.7419716214728065,-0.993355408143237,Medium
-1.0114890544907242,1.0114890544907242,0.0,1.6330229474212337,-0.44691708801507124,-0.6908397451107079,-0.4888099262993303,-1.5426382312359799,-0.993355408143237,Medium
-0.22126323066984552,0.22126323066984552,0.0,-0.6835407192440307,0.9429425499032575,0.6889999588387746,-0.9508230891531397,-0.908155291490113,1.0066890377827438,Medium
-1.9992713342668227,1.9992713342668227,0.0,1.1697102140881808,1.1745858228896457,-1.1507863130938687,-1.1818296705800444,0.3259914022838597,-0.993355408143237,High
0.3714061371958135,-0.3714061371958135,0.0,-0.6835407192440307,0.24801273094409315,-0.46086646111912744,0.8972295622620979,0.20218985306515386,1.0066890377827438,Low
-0.4188196866250652,0.4188196866250652,0.0,-0.45188435257750426,0.9429425499032575,0.4590266748471942,-0.9508230891531397,-1.6819149741070238,-0.993355408143237,High
1.161631961016692,-1.161631961016692,0.0,-1.1468534525770835,-0.21527381502868312,0.2290533908556138,1.1282361436890027,1.5253189103400713,1.0066890377827438,Medium
0.17384968124059383,-0.17384968124059383,0.0,0.011428380755548613,-0.21527381502868312,-0.23089317712754703,0.43521639940828855,-0.587045023204095,1.0066890377827438,Low
1.161631961016692,-1.161631961016692,0.0,-0.6835407192440307,-0.6785603610014593,0.2290533908556138,1.1282361436890027,0.10933869115112449,-0.993355408143237,Medium
-0.6163761425802848,0.6163761425802848,0.0,1.401366580754707,-0.6785603610014593,-0.23089317712754703,-0.4888099262993303,0.18671465941281565,1.0066890377827438,Medium
-2.7894971580877015,2.7894971580877015,0.0,1.86467931408776,1.4062290958760337,-2.7605993010349317,-0.4888099262993303,-1.0783824216658333,-0.993355408143237,Low
-0.8139325985355046,0.8139325985355046,0.0,-0.6835407192440307,1.637872368862422,0.2290533908556138,-1.1818296705800444,1.3047974007942518,1.0066890377827438,Medium
1.359188416971912,-1.359188416971912,0.0,-1.6101661859101364,0.016369457957705016,1.1489465268219354,0.43521639940828855,-0.30462273904892273,-0.993355408143237,Low
-0.023706774714625855,0.023706774714625855,0.0,-0.6835407192440307,0.7112992769168694,0.918973242830355,-0.9508230891531397,0.5968072911997783,-0.993355408143237,Low
-1.6041584223563832,1.6041584223563832,0.0,1.1697102140881808,0.7112992769168694,-1.1507863130938687,-0.719816507726235,-0.2968851422227536,1.0066890377827438,Low
-1.0114890544907242,1.0114890544907242,0.0,0.4747411140886015,0.7112992769168694,-0.0009198931359666289,-1.1818296705800444,0.07838830384644803,1.0066890377827438,High
0.3714061371958135,-0.3714061371958135,0.0,-0.2202279859109778,-0.21527381502868312,-0.0009198931359666289,0.43521639940828855,-1.2718223423200612,-0.993355408143237,Low
0.7665190491062528,-0.7665190491062528,0.0,-1.8418225525766627,0.9429425499032575,1.8388663787966766,-0.9508230891531397,1.1307014722054467,-0.993355408143237,Low
0.3714061371958135,-0.3714061371958135,0.0,-0.45188435257750426,0.016369457957705016,0.6889999588387746,-0.25780334487242557,0.6084136864390319,-0.993355408143237,Medium
0.3714061371958135,-0.3714061371958135,0.0,0.4747411140886015,-0.9102036339878475,0.918973242830355,-0.4888099262993303,-0.06862603585076472,-0.993355408143237,Low
1.5567448729271316,-1.5567448729271316,0.0,-1.6101661859101364,-0.21527381502868312,1.378919810813516,0.43521639940828855,0.1983210546520693,1.0066890377827438,Medium
-0.22126323066984552,0.22126323066984552,0.0,-1.1468534525770835,1.4062290958760337,-0.0009198931359666289,-0.25780334487242557,0.4381865562633119,1.0066890377827438,Low
0.17384968124059383,-0.17384968124059383,0.0,1.401366580754707,-1.6051334529470118,1.1489465268219354,-0.9508230891531397,1.5949572817755933,1.0066890377827438,Medium
-0.22126323066984552,0.22126323066984552,0.0,1.401366580754707,-1.1418469069742356,-0.46086646111912744,0.20420981798138385,-1.2679535439069767,-0.993355408143237,High
-1.0114890544907242,1.0114890544907242,0.0,0.9380538474216543,0.24801273094409315,-0.46086646111912744,-0.719816507726235,0.7322152356577378,-0.993355408143237,Medium
-0.023706774714625855,0.023706774714625855,0.0,-0.2202279859109778,0.24801273094409315,-0.0009198931359666289,-0.026796763445520868,-1.4923438518658805,1.0066890377827438,High
-0.4188196866250652,0.4188196866250652,0.0,-1.8418225525766627,2.3328021878215863,-1.1507863130938687,0.6662229808351933,-0.4322930866807129,1.0066890377827438,Low
-1.8017148783116028,1.8017148783116028,0.0,2.5596484140873392,-0.44691708801507124,-1.8407061650686098,-0.25780334487242557,-0.6450769994003633,-0.993355408143237,Medium
-0.023706774714625855,0.023706774714625855,0.0,0.011428380755548613,0.016369457957705016,-0.0009198931359666289,-0.026796763445520868,-1.592932610606079,-0.993355408143237,Medium
0.3714061371958135,-0.3714061371958135,0.0,-0.915197085910557,0.47965600393048125,-0.9208130291022882,1.3592427251159074,-0.6721585882919553,1.0066890377827438,Low
0.17384968124059383,-0.17384968124059383,0.0,-0.2202279859109778,0.016369457957705016,-1.1507863130938687,1.3592427251159074,-0.05315084219842649,-0.993355408143237,Medium
-1.0114890544907242,1.0114890544907242,0.0,1.6330229474212337,-0.44691708801507124,0.4590266748471942,-1.643842833433854,0.41884256419788907,1.0066890377827438,High
-1.0114890544907242,1.0114890544907242,0.0,0.011428380755548613,1.1745858228896457,-1.3807595970854492,0.20420981798138385,-0.9468432756209586,1.0066890377827438,Medium
0.7665190491062528,-0.7665190491062528,0.0,0.24308474742207503,-1.1418469069742356,0.4590266748471942,0.43521639940828855,-0.405211497789121,-0.993355408143237,Low
0.5689625931510331,-0.5689625931510331,0.0,0.24308474742207503,-0.9102036339878475,0.918973242830355,-0.25780334487242557,1.3357477880989284,1.0066890377827438,Medium
-0.4188196866250652,0.4188196866250652,0.0,0.011428380755548613,0.47965600393048125,-0.0009198931359666289,-0.4888099262993303,0.5233001213511721,1.0066890377827438,Medium
0.5689625931510331,-0.5689625931510331,0.0,0.7063974807551279,-1.3734901799606238,-0.0009198931359666289,0.6662229808351933,-0.7495345565536464,1.0066890377827438,Low
0.3714061371958135,-0.3714061371958135,0.0,-0.915197085910557,0.47965600393048125,1.378919810813516,-0.9508230891531397,0.23700903878291488,-0.993355408143237,Medium
1.161631961016692,-1.161631961016692,0.0,-0.6835407192440307,-0.6785603610014593,-0.9208130291022882,2.283269050823526,0.7631656229624143,-0.993355408143237,Medium
-0.22126323066984552,0.22126323066984552,0.0,-0.6835407192440307,0.9429425499032575,-0.0009198931359666289,-0.25780334487242557,1.641382862732608,1.0066890377827438,High
-0.8139325985355046,0.8139325985355046,0.0,0.4747411140886015,0.47965600393048125,-0.46086646111912744,-0.4888099262993303,1.4711557325568878,-0.993355408143237,Medium
0.17384968124059383,-0.17384968124059383,0.0,0.4747411140886015,-0.6785603610014593,0.918973242830355,-0.719816507726235,0.8366727928110208,-0.993355408143237,High
0.5689625931510331,-0.5689625931510331,0.0,0.4747411140886015,-1.1418469069742356,0.4590266748471942,0.20420981798138385,-0.5444882406601651,1.0066890377827438,Low
-0.4188196866250652,0.4188196866250652,0.0,0.7063974807551279,-0.21527381502868312,-0.0009198931359666289,-0.4888099262993303,0.9295239547250502,-0.993355408143237,Medium
-0.4188196866250652,0.4188196866250652,0.0,1.6330229474212337,-1.1418469069742356,0.2290533908556138,-0.719816507726235,-1.2602159470808076,1.0066890377827438,High
-0.22126323066984552,0.22126323066984552,0.0,-0.915197085910557,1.1745858228896457,0.2290533908556138,-0.4888099262993303,-1.1209392042097635,-0.993355408143237,Medium
-0.023706774714625855,0.023706774714625855,0.0,0.24308474742207503,-0.21527381502868312,-2.0706794490601905,2.0522624693966214,0.7167400420053995,1.0066890377827438,Medium
-0.22126323066984552,0.22126323066984552,0.0,0.011428380755548613,0.24801273094409315,-1.1507863130938687,0.8972295622620979,1.5291877087531558,1.0066890377827438,High
-0.023706774714625855,0.023706774714625855,0.0,0.4747411140886015,-0.44691708801507124,-0.46086646111912744,0.43521639940828855,-0.03767564854608826,-0.993355408143237,Low
-1.4066019664011635,1.4066019664011635,0.0,1.6330229474212337,0.016369457957705016,-1.1507863130938687,-0.4888099262993303,-1.0667760264265798,1.0066890377827438,High
1.9518577848375709,-1.9518577848375709,0.0,-1.1468534525770835,-1.1418469069742356,3.4486793667377396,-1.1818296705800444,-0.8114353311629992,1.0066890377827438,High
0.7665190491062528,-0.7665190491062528,0.0,0.011428380755548613,-0.9102036339878475,0.6889999588387746,0.20420981798138385,1.4131237563606194,1.0066890377827438,High
-0.023706774714625855,0.023706774714625855,0.0,-0.2202279859109778,0.24801273094409315,-1.6107328810770296,1.590249306542812,-1.1325455994490172,1.0066890377827438,Low
-1.8017148783116028,1.8017148783116028,0.0,0.24308474742207503,1.8695156418488101,-2.0706794490601905,-0.026796763445520868,-0.5058002565293195,1.0066890377827438,Medium
0.5689625931510331,-0.5689625931510331,0.0,-0.915197085910557,0.24801273094409315,0.6889999588387746,-0.026796763445520868,-0.08410122950310295,-0.993355408143237,Low
0.17384968124059383,-0.17384968124059383,0.0,0.011428380755548613,-0.21527381502868312,-0.23089317712754703,0.43521639940828855,0.6587080658091312,-0.993355408143237,Low
0.9640755050614725,-0.9640755050614725,0.0,-1.3785098192436098,0.24801273094409315,-0.0009198931359666289,1.1282361436890027,-0.17695239141713232,-0.993355408143237,Medium
-1.4066019664011635,1.4066019664011635,0.0,-1.1468534525770835,2.7960887337943627,-1.6107328810770296,-0.026796763445520868,-0.19629638348255513,-0.993355408143237,High
-1.4066019664011635,1.4066019664011635,0.0,1.1697102140881808,0.47965600393048125,-1.1507863130938687,-0.4888099262993303,-1.0977264137312561,-0.993355408143237,Low
-0.6163761425802848,0.6163761425802848,0.0,0.011428380755548613,0.7112992769168694,0.6889999588387746,-1.412836252006949,-1.438180674082697,1.0066890377827438,High
-0.4188196866250652,0.4188196866250652,0.0,0.24308474742207503,0.24801273094409315,-0.9208130291022882,0.43521639940828855,1.2042086420540534,-0.993355408143237,High
-0.4188196866250652,0.4188196866250652,0.0,-0.915197085910557,1.4062290958760337,-0.23089317712754703,-0.25780334487242557,-0.9545808724471277,-0.993355408143237,High
0.3714061371958135,-0.3714061371958135,0.0,-1.3785098192436098,0.9429425499032575,-1.3807595970854492,1.821255887969717,-1.654833385215432,1.0066890377827438,Medium
-0.023706774714625855,0.023706774714625855,0.0,-1.6101661859101364,1.637872368862422,-0.6908397451107079,0.6662229808351933,0.5619881054820173,-0.993355408143237,High
-0.023706774714625855,0.023706774714625855,0.0,0.7063974807551279,-0.6785603610014593,-0.9208130291022882,0.8972295622620979,1.2583718198372371,-0.993355408143237,Medium
-0.6163761425802848,0.6163761425802848,0.0,0.9380538474216543,-0.21527381502868312,-0.46086646111912744,-0.25780334487242557,1.242896626184899,1.0066890377827438,Low
0.5689625931510331,-0.5689625931510331,0.0,0.24308474742207503,-0.9102036339878475,0.4590266748471942,0.20420981798138385,1.6297764674933544,-0.993355408143237,High
-0.023706774714625855,0.023706774714625855,0.0,0.9380538474216543,-0.9102036339878475,-0.46086646111912744,0.43521639940828855,-0.5483570390732494,1.0066890377827438,Low
-1.4066019664011635,1.4066019664011635,0.0,0.7063974807551279,0.9429425499032575,-1.1507863130938687,-0.4888099262993303,-1.2486095518415539,1.0066890377827438,Low
0.5689625931510331,-0.5689625931510331,0.0,-0.45188435257750426,-0.21527381502868312,0.6889999588387746,-0.026796763445520868,-0.71858416924897,-0.993355408143237,Medium
-0.6163761425802848,0.6163761425802848,0.0,-0.45188435257750426,1.1745858228896457,-0.9208130291022882,0.20420981798138385,1.6994148389288763,1.0066890377827438,High
0.7665190491062528,-0.7665190491062528,0.0,0.011428380755548613,-0.9102036339878475,0.6889999588387746,0.20420981798138385,0.17897706258664653,1.0066890377827438,High
-0.023706774714625855,0.023706774714625855,0.0,-0.45188435257750426,0.47965600393048125,0.2290533908556138,-0.25780334487242557,-0.1266580120470331,1.0066890377827438,Low
1.7543013288823512,-1.7543013288823512,0.0,-0.915197085910557,-1.1418469069742356,-0.23089317712754703,2.283269050823526,-0.5522258374863339,-0.993355408143237,High
-0.6163761425802848,0.6163761425802848,0.0,0.4747411140886015,0.24801273094409315,-1.6107328810770296,0.8972295622620979,0.914048761072712,-0.993355408143237,Low
-0.22126323066984552,0.22126323066984552,0.0,-1.1468534525770835,1.4062290958760337,-2.3006527330517708,2.0522624693966214,1.1848646499886306,1.0066890377827438,High
-1.4066019664011635,1.4066019664011635,0.0,0.7063974807551279,0.9429425499032575,-0.6908397451107079,-0.9508230891531397,-0.4477682803330511,-0.993355408143237,Low
-1.0114890544907242,1.0114890544907242,0.0,0.011428380755548613,1.1745858228896457,-1.1507863130938687,-0.026796763445520868,0.3298602006969443,-0.993355408143237,Medium
-0.023706774714625855,0.023706774714625855,0.0,0.7063974807551279,-0.6785603610014593,0.2290533908556138,-0.25780334487242557,1.1964710452278842,-0.993355408143237,Low
-1.4066019664011635,1.4066019664011635,0.0,0.011428380755548613,1.637872368862422,-2.0706794490601905,0.43521639940828855,-1.732209353477123,1.0066890377827438,High
1.161631961016692,-1.161631961016692,0.0,0.4747411140886015,-1.8367767259334,0.918973242830355,0.43521639940828855,-0.9584496708602123,-0.993355408143237,Medium
0.3714061371958135,-0.3714061371958135,0.0,0.24308474742207503,-0.6785603610014593,-0.6908397451107079,1.1282361436890027,0.22153384513057667,1.0066890377827438,High
0.3714061371958135,-0.3714061371958135,0.0,0.24308474742207503,-0.6785603610014593,-1.1507863130938687,1.590249306542812,-0.11118281839469485,-0.993355408143237,Medium
0.7665190491062528,-0.7665190491062528,0.0,-0.2202279859109778,-0.6785603610014593,0.2290533908556138,0.6662229808351933,0.19445225623898477,-0.993355408143237,Low
-0.22126323066984552,0.22126323066984552,0.0,-0.2202279859109778,0.47965600393048125,0.2290533908556138,-0.4888099262993303,0.9914247293344032,1.0066890377827438,Low
-1.4066019664011635,1.4066019664011635,0.0,1.6330229474212337,0.016369457957705016,-0.6908397451107079,-0.9508230891531397,-0.153739600938625,-0.993355408143237,Medium
1.7543013288823512,-1.7543013288823512,0.0,-2.7684480192427685,0.7112992769168694,-0.23089317712754703,2.283269050823526,-0.440030683506882,1.0066890377827438,High
1.359188416971912,-1.359188416971912,0.0,-0.2202279859109778,-1.3734901799606238,0.6889999588387746,0.8972295622620979,0.2679594260875913,-0.993355408143237,Low
0.7665190491062528,-0.7665190491062528,0.0,-2.536791652576242,1.637872368862422,1.8388663787966766,-0.9508230891531397,1.1345702706185314,-0.993355408143237,Medium
0.5689625931510331,-0.5689625931510331,0.0,-0.2202279859109778,-0.44691708801507124,-0.23089317712754703,0.8972295622620979,-0.5715698295517567,-0.993355408143237,Medium
0.17384968124059383,-0.17384968124059383,0.0,-0.45188435257750426,0.24801273094409315,0.6889999588387746,-0.4888099262993303,0.36081058800162075,-0.993355408143237,Low
1.359188416971912,-1.359188416971912,0.0,-1.3785098192436098,-0.21527381502868312,0.4590266748471942,1.1282361436890027,0.25635303084833766,1.0066890377827438,High
0.7665190491062528,-0.7665190491062528,0.0,0.011428380755548613,-0.9102036339878475,-0.0009198931359666289,0.8972295622620979,-1.0164816470564806,1.0066890377827438,High
-0.8139325985355046,0.8139325985355046,0.0,0.7063974807551279,0.24801273094409315,-0.6908397451107079,-0.25780334487242557,-1.4227054804303587,-0.993355408143237,High
0.3714061371958135,-0.3714061371958135,0.0,0.4747411140886015,-0.9102036339878475,0.2290533908556138,0.20420981798138385,-1.0435632359480724,1.0066890377827438,Medium
-0.22126323066984552,0.22126323066984552,0.0,-0.915197085910557,1.1745858228896457,0.6889999588387746,-0.9508230891531397,0.33759779752311336,-0.993355408143237,Medium
-0.22126323066984552,0.22126323066984552,0.0,1.6330229474212337,-1.3734901799606238,0.6889999588387746,-0.9508230891531397,-0.8307793232284219,1.0066890377827438,High
1.9518577848375709,-1.9518577848375709,0.0,0.011428380755548613,-2.3000632719061764,-0.23089317712754703,2.514275632250431,0.12481388480346273,-0.993355408143237,Low
2.1494142407927908,-2.1494142407927908,0.0,-1.1468534525770835,-1.3734901799606238,1.6088930948050963,0.8972295622620979,-1.6238829979107554,-0.993355408143237,Medium
0.5689625931510331,-0.5689625931510331,0.0,0.7063974807551279,-1.3734901799606238,0.4590266748471942,0.20420981798138385,-0.17308359300404777,-0.993355408143237,Low
0.7665190491062528,-0.7665190491062528,0.0,-0.45188435257750426,-0.44691708801507124,-0.23089317712754703,1.1282361436890027,0.28730341815301413,-0.993355408143237,Medium
-1.0114890544907242,1.0114890544907242,0.0,0.7063974807551279,0.47965600393048125,0.2290533908556138,-1.412836252006949,0.2254026435436612,1.0066890377827438,Medium
0.7665190491062528,-0.7665190491062528,0.0,-1.1468534525770835,0.24801273094409315,0.2290533908556138,0.6662229808351933,-0.13052681046011763,1.0066890377827438,Low
-0.6163761425802848,0.6163761425802848,0.0,1.6330229474212337,-0.9102036339878475,-0.0009198931359666289,-0.719816507726235,1.7342340246466372,1.0066890377827438,High
0.3714061371958135,-0.3714061371958135,0.0,0.4747411140886015,-0.9102036339878475,0.6889999588387746,-0.25780334487242557,-0.30075394063583816,-0.993355408143237,High
0.17384968124059383,-0.17384968124059383,0.0,0.24308474742207503,-0.44691708801507124,1.8388663787966766,-1.643842833433854,-0.24659076285265435,1.0066890377827438,Medium
0.7665190491062528,-0.7665190491062528,0.0,0.011428380755548613,-0.9102036339878475,0.4590266748471942,0.43521639940828855,0.774772018201668,1.0066890377827438,Medium
-1.8017148783116028,1.8017148783116028,0.0,0.24308474742207503,1.8695156418488101,-0.6908397451107079,-1.412836252006949,1.1500454642708695,-0.993355408143237,Low
-0.8139325985355046,0.8139325985355046,0.0,0.9380538474216543,0.016369457957705016,-1.6107328810770296,0.6662229808351933,-0.7340593629013081,-0.993355408143237,Medium
0.9640755050614725,-0.9640755050614725,0.0,-1.6101661859101364,0.47965600393048125,0.4590266748471942,0.6662229808351933,0.9101799626596274,-0.993355408143237,Low
0.9640755050614725,-0.9640755050614725,0.0,-1.6101661859101364,0.47965600393048125,0.2290533908556138,0.8972295622620979,-0.5174066517685731,1.0066890377827438,Low
0.5689625931510331,-0.5689625931510331,0.0,1.6330229474212337,-2.3000632719061764,-0.0009198931359666289,0.6662229808351933,-1.4265742788434432,-0.993355408143237,Medium
-0.023706774714625855,0.023706774714625855,0.0,-0.2202279859109778,0.24801273094409315,-0.0009198931359666289,-0.026796763445520868,-0.40134269937603645,-0.993355408143237,Medium
-0.22126323066984552,0.22126323066984552,0.0,0.011428380755548613,0.24801273094409315,-1.3807595970854492,1.1282361436890027,1.2970598039680827,-0.993355408143237,Low
-1.0114890544907242,1.0114890544907242,0.0,0.9380538474216543,0.24801273094409315,-1.3807595970854492,0.20420981798138385,1.4904997246223106,-0.993355408143237,Low
0.5689625931510331,-0.5689625931510331,0.0,-2.7684480192427685,2.101158914835198,-0.46086646111912744,1.1282361436890027,0.8405415912241054,-0.993355408143237,Medium
-1.8017148783116028,1.8017148783116028,0.0,1.6330229474212337,0.47965600393048125,-2.0706794490601905,-0.026796763445520868,1.3357477880989284,1.0066890377827438,High
1.359188416971912,-1.359188416971912,0.0,-0.6835407192440307,-0.9102036339878475,0.918973242830355,0.6662229808351933,-1.654833385215432,1.0066890377827438,High
0.3714061371958135,-0.3714061371958135,0.0,0.011428380755548613,-0.44691708801507124,-0.9208130291022882,1.3592427251159074,-1.3956238915387669,1.0066890377827438,Medium
-1.0114890544907242,1.0114890544907242,0.0,-0.45188435257750426,1.637872368862422,-1.8407061650686098,0.6662229808351933,0.1441578768688855,-0.993355408143237,Medium
0.7665190491062528,-0.7665190491062528,0.0,-1.1468534525770835,0.24801273094409315,-1.1507863130938687,2.0522624693966214,1.0533255039437557,1.0066890377827438,Medium
-0.22126323066984552,0.22126323066984552,0.0,0.011428380755548613,0.24801273094409315,0.4590266748471942,-0.719816507726235,0.6045448880259474,1.0066890377827438,Medium
1.359188416971912,-1.359188416971912,0.0,-1.1468534525770835,-0.44691708801507124,0.6889999588387746,0.8972295622620979,-0.9352368803817049,1.0066890377827438,High
-0.023706774714625855,0.023706774714625855,0.0,0.4747411140886015,-0.44691708801507124,0.2290533908556138,-0.25780334487242557,0.8328039943979363,-0.993355408143237,High
-0.22126323066984552,0.22126323066984552,0.0,0.011428380755548613,0.24801273094409315,-0.23089317712754703,-0.026796763445520868,-0.29301634380966907,-0.993355408143237,High
-1.8017148783116028,1.8017148783116028,0.0,0.7063974807551279,1.4062290958760337,-0.46086646111912744,-1.643842833433854,-0.7650097502059846,1.0066890377827438,Medium
-0.6163761425802848,0.6163761425802848,0.0,0.011428380755548613,0.7112992769168694,-0.9208130291022882,0.20420981798138385,1.5137125151008175,1.0066890377827438,High
-0.4188196866250652,0.4188196866250652,0.0,0.7063974807551279,-0.21527381502868312,0.6889999588387746,-1.1818296705800444,-1.2679535439069767,-0.993355408143237,Medium
-1.2090455104459439,1.2090455104459439,0.0,0.011428380755548613,1.4062290958760337,-0.46086646111912744,-0.9508230891531397,-1.0822512200789178,1.0066890377827438,Medium
-0.6163761425802848,0.6163761425802848,0.0,0.011428380755548613,0.7112992769168694,1.1489465268219354,-1.8748494148607586,-0.7534033549667309,-0.993355408143237,High
-0.023706774714625855,0.023706774714625855,0.0,0.011428380755548613,0.016369457957705016,0.2290533908556138,-0.25780334487242557,1.5485317008185786,1.0066890377827438,Low
-1.0114890544907242,1.0114890544907242,0.0,-0.2202279859109778,1.4062290958760337,-0.46086646111912744,-0.719816507726235,0.3259914022838597,1.0066890377827438,High
-0.6163761425802848,0.6163761425802848,0.0,0.011428380755548613,0.7112992769168694,-0.6908397451107079,-0.026796763445520868,-0.2427219644395698,1.0066890377827438,Low
0.3714061371958135,-0.3714061371958135,0.0,-1.3785098192436098,0.9429425499032575,1.8388663787966766,-1.412836252006949,-0.26593475491807717,1.0066890377827438,Low
0.17384968124059383,-0.17384968124059383,0.0,0.9380538474216543,-1.1418469069742356,0.6889999588387746,-0.4888099262993303,0.07838830384644803,1.0066890377827438,Medium
1.161631961016692,-1.161631961016692,0.0,-1.6101661859101364,0.24801273094409315,1.1489465268219354,0.20420981798138385,1.084275891248432,-0.993355408143237,High
-0.8139325985355046,0.8139325985355046,0.0,0.7063974807551279,0.24801273094409315,0.2290533908556138,-1.1818296705800444,-0.9623184692732969,-0.993355408143237,High
0.17384968124059383,-0.17384968124059383,0.0,-0.6835407192440307,0.47965600393048125,-0.6908397451107079,0.8972295622620979,0.05130671495485656,-0.993355408143237,Medium
-1.0114890544907242,1.0114890544907242,0.0,0.4747411140886015,0.7112992769168694,-0.6908397451107079,-0.4888099262993303,1.0571943023568402,-0.993355408143237,Medium
0.17384968124059383,-0.17384968124059383,0.0,0.24308474742207503,-0.44691708801507124,-0.0009198931359666289,0.20420981798138385,0.782509615027837,1.0066890377827438,Medium
-0.8139325985355046,0.8139325985355046,0.0,0.24308474742207503,0.7112992769168694,0.918973242830355,-1.8748494148607586,1.010768721399826,1.0066890377827438,Low
2.34697069674801,-2.34697069674801,0.0,-0.915197085910557,-1.8367767259334,0.2290533908556138,2.514275632250431,-0.34717952159285265,1.0066890377827438,High
0.3714061371958135,-0.3714061371958135,0.0,-1.1468534525770835,0.7112992769168694,1.8388663787966766,-1.412836252006949,1.6800708468634535,-0.993355408143237,Medium
-0.22126323066984552,0.22126323066984552,0.0,0.24308474742207503,0.016369457957705016,-1.1507863130938687,0.8972295622620979,-1.6664397804546855,-0.993355408143237,Low
1.161631961016692,-1.161631961016692,0.0,-0.6835407192440307,-0.6785603610014593,1.378919810813516,-0.026796763445520868,0.23700903878291488,1.0066890377827438,Medium
0.17384968124059383,-0.17384968124059383,0.0,0.011428380755548613,-0.21527381502868312,1.378919810813516,-1.1818296705800444,0.12481388480346273,1.0066890377827438,Medium
-0.023706774714625855,0.023706774714625855,0.0,0.4747411140886015,-0.44691708801507124,-0.46086646111912744,0.43521639940828855,0.10933869115112449,1.0066890377827438,Medium
-1.0114890544907242,1.0114890544907242,0.0,1.6330229474212337,-0.44691708801507124,-0.46086646111912744,-0.719816507726235,0.712871243592315,1.0066890377827438,High
1.161631961016692,-1.161631961016692,0.0,-0.6835407192440307,-0.6785603610014593,0.6889999588387746,0.6662229808351933,-0.5599634343125031,-0.993355408143237,Medium
-0.4188196866250652,0.4188196866250652,0.0,0.011428380755548613,0.47965600393048125,-0.46086646111912744,-0.026796763445520868,0.07838830384644803,1.0066890377827438,Low
0.9640755050614725,-0.9640755050614725,0.0,-0.2202279859109778,-0.9102036339878475,1.6088930948050963,-0.4888099262993303,1.3937797642951968,1.0066890377827438,Low
0.7665190491062528,-0.7665190491062528,0.0,-0.915197085910557,0.016369457957705016,-0.23089317712754703,1.1282361436890027,1.0881446896615166,-0.993355408143237,Low
-1.4066019664011635,1.4066019664011635,0.0,-0.6835407192440307,2.3328021878215863,-0.6908397451107079,-0.9508230891531397,1.1423078674447005,1.0066890377827438,Medium
-3.184610069998141,3.184610069998141,0.0,2.5596484140873392,1.1745858228896457,-1.3807595970854492,-2.336862577714568,-0.188558786656386,-0.993355408143237,Medium
-1.4066019664011635,1.4066019664011635,0.0,1.1697102140881808,0.47965600393048125,-0.0009198931359666289,-1.643842833433854,0.5233001213511721,-0.993355408143237,Low
0.17384968124059383,-0.17384968124059383,0.0,0.011428380755548613,-0.21527381502868312,-0.9208130291022882,1.1282361436890027,-0.35491711841902174,1.0066890377827438,High
1.359188416971912,-1.359188416971912,0.0,-1.6101661859101364,0.016369457957705016,1.6088930948050963,-0.026796763445520868,1.649120459558777,-0.993355408143237,Low
0.3714061371958135,-0.3714061371958135,0.0,0.4747411140886015,-0.9102036339878475,0.4590266748471942,-0.026796763445520868,-0.7069777740097163,1.0066890377827438,High
0.5689625931510331,-0.5689625931510331,0.0,0.4747411140886015,-1.1418469069742356,0.918973242830355,-0.25780334487242557,-0.153739600938625,-0.993355408143237,High
-0.4188196866250652,0.4188196866250652,0.0,1.1697102140881808,-0.6785603610014593,0.2290533908556138,-0.719816507726235,1.0997510849007703,-0.993355408143237,Low
0.17384968124059383,-0.17384968124059383,0.0,0.24308474742207503,-0.44691708801507124,0.2290533908556138,-0.026796763445520868,-0.4438994819199666,1.0066890377827438,Low
1.161631961016692,-1.161631961016692,0.0,-1.8418225525766627,0.47965600393048125,0.2290533908556138,1.1282361436890027,-0.9236304851424513,-0.993355408143237,High
0.9640755050614725,-0.9640755050614725,0.0,-2.536791652576242,1.4062290958760337,1.378919810813516,-0.25780334487242557,1.649120459558777,1.0066890377827438,High
-0.6163761425802848,0.6163761425802848,0.0,-0.2202279859109778,0.9429425499032575,-0.6908397451107079,-0.026796763445520868,1.312534997620421,-0.993355408143237,High
0.7665190491062528,-0.7665190491062528,0.0,-1.1468534525770835,0.24801273094409315,1.8388663787966766,-0.9508230891531397,-0.09183882632927207,-0.993355408143237,High
-0.4188196866250652,0.4188196866250652,0.0,1.1697102140881808,-0.6785603610014593,-1.1507863130938687,0.6662229808351933,-1.5658510217144872,1.0066890377827438,Medium
-1.2090455104459439,1.2090455104459439,0.0,-0.45188435257750426,1.8695156418488101,-0.23089317712754703,-1.1818296705800444,1.5833508865363395,-0.993355408143237,High
-0.023706774714625855,0.023706774714625855,0.0,0.24308474742207503,-0.21527381502868312,0.918973242830355,-0.9508230891531397,-0.22337797237414703,-0.993355408143237,Low
0.17384968124059383,-0.17384968124059383,0.0,0.011428380755548613,-0.21527381502868312,0.2290533908556138,-0.026796763445520868,1.444074143665296,-0.993355408143237,High
-0.22126323066984552,0.22126323066984552,0.0,-0.6835407192440307,0.9429425499032575,-0.23089317712754703,-0.026796763445520868,-1.3453295121686677,-0.993355408143237,Medium
1.359188416971912,-1.359188416971912,0.0,-0.915197085910557,-0.6785603610014593,1.8388663787966766,-0.25780334487242557,1.2119462388802225,1.0066890377827438,Medium
-1.6041584223563832,1.6041584223563832,0.0,-0.6835407192440307,2.5644454608079745,-0.0009198931359666289,-1.8748494148607586,1.5949572817755933,-0.993355408143237,Low
1.9518577848375709,-1.9518577848375709,0.0,-0.45188435257750426,-1.8367767259334,3.2187060827461593,-0.9508230891531397,-0.7069777740097163,1.0066890377827438,High
-0.22126323066984552,0.22126323066984552,0.0,-1.3785098192436098,1.637872368862422,-1.1507863130938687,0.8972295622620979,1.571744491297086,-0.993355408143237,Medium
0.3714061371958135,-0.3714061371958135,0.0,0.9380538474216543,-1.3734901799606238,-0.46086646111912744,0.8972295622620979,1.3976485627082813,-0.993355408143237,High
1.161631961016692,-1.161631961016692,0.0,-1.3785098192436098,0.016369457957705016,1.378919810813516,-0.026796763445520868,-0.9623184692732969,-0.993355408143237,Low
-0.22126323066984552,0.22126323066984552,0.0,-1.1468534525770835,1.4062290958760337,-1.1507863130938687,0.8972295622620979,1.5601380960578322,-0.993355408143237,Medium
-0.8139325985355046,0.8139325985355046,0.0,1.1697102140881808,-0.21527381502868312,-1.1507863130938687,0.20420981798138385,-1.654833385215432,-0.993355408143237,Low
0.3714061371958135,-0.3714061371958135,0.0,0.24308474742207503,-0.6785603610014593,0.2290533908556138,0.20420981798138385,0.11320748956420905,1.0066890377827438,High
-0.8139325985355046,0.8139325985355046,0.0,1.1697102140881808,-0.21527381502868312,-0.0009198931359666289,-0.9508230891531397,-1.6045390058453328,1.0066890377827438,Medium
-1.8017148783116028,1.8017148783116028,0.0,0.4747411140886015,1.637872368862422,-1.6107328810770296,-0.4888099262993303,-0.06862603585076472,-0.993355408143237,High
-0.4188196866250652,0.4188196866250652,0.0,0.7063974807551279,-0.21527381502868312,-1.6107328810770296,1.1282361436890027,-0.49032506287698124,1.0066890377827438,Low
1.7543013288823512,-1.7543013288823512,0.0,-1.1468534525770835,-0.9102036339878475,-0.6908397451107079,2.745282213677336,-0.22724677078723157,-0.993355408143237,High
1.5567448729271316,-1.5567448729271316,0.0,0.9380538474216543,-2.7633498178789524,2.0688396627882573,-0.25780334487242557,1.6607268547980307,-0.993355408143237,Medium
0.17384968124059383,-0.17384968124059383,0.0,0.24308474742207503,-0.44691708801507124,1.378919810813516,-1.1818296705800444,-0.3897363041367828,1.0066890377827438,Medium
0.9640755050614725,-0.9640755050614725,0.0,-0.915197085910557,-0.21527381502868312,0.6889999588387746,0.43521639940828855,1.691677242102707,1.0066890377827438,Medium
-0.4188196866250652,0.4188196866250652,0.0,0.011428380755548613,0.47965600393048125,0.2290533908556138,-0.719816507726235,-0.3394419247666835,-0.993355408143237,Medium
-0.22126323066984552,0.22126323066984552,0.0,0.4747411140886015,-0.21527381502868312,-0.9208130291022882,0.6662229808351933,0.5890696943736092,1.0066890377827438,Medium
1.161631961016692,-1.161631961016692,0.0,-0.45188435257750426,-0.9102036339878475,0.2290533908556138,1.1282361436890027,0.4846121372203266,1.0066890377827438,High
-1.0114890544907242,1.0114890544907242,0.0,0.4747411140886015,0.7112992769168694,-1.1507863130938687,-0.026796763445520868,0.5890696943736092,-0.993355408143237,High
-0.8139325985355046,0.8139325985355046,0.0,1.1697102140881808,-0.21527381502868312,-0.23089317712754703,-0.719816507726235,-0.0028564628283272433,1.0066890377827438,Medium
0.3714061371958135,-0.3714061371958135,0.0,-1.1468534525770835,0.7112992769168694,0.4590266748471942,-0.026796763445520868,0.9643431404428112,-0.993355408143237,High
-0.023706774714625855,0.023706774714625855,0.0,-1.8418225525766627,1.8695156418488101,1.1489465268219354,-1.1818296705800444,-1.0513008327742415,1.0066890377827438,Medium
-0.4188196866250652,0.4188196866250652,0.0,0.9380538474216543,-0.44691708801507124,-0.23089317712754703,-0.25780334487242557,0.27956582132684504,-0.993355408143237,Low
1.5567448729271316,-1.5567448729271316,0.0,-1.3785098192436098,-0.44691708801507124,0.918973242830355,0.8972295622620979,-0.49032506287698124,-0.993355408143237,Low
-0.023706774714625855,0.023706774714625855,0.0,-0.45188435257750426,0.47965600393048125,-0.9208130291022882,0.8972295622620979,-1.7206029582378695,-0.993355408143237,Low
-0.22126323066984552,0.22126323066984552,0.0,0.011428380755548613,0.24801273094409315,1.1489465268219354,-1.412836252006949,1.1345702706185314,-0.993355408143237,High
0.9640755050614725,-0.9640755050614725,0.0,-0.45188435257750426,-0.6785603610014593,-0.0009198931359666289,1.1282361436890027,1.4479429420783805,1.0066890377827438,Low
-1.2090455104459439,1.2090455104459439,0.0,0.24308474742207503,1.1745858228896457,1.1489465268219354,-2.567869159141473,-1.2795599391462302,-0.993355408143237,Medium
0.5689625931510331,-0.5689625931510331,0.0,-0.2202279859109778,-0.44691708801507124,-0.9208130291022882,1.590249306542812,0.0629131101941098,1.0066890377827438,Medium
1.359188416971912,-1.359188416971912,0.0,0.24308474742207503,-1.8367767259334,0.2290533908556138,1.3592427251159074,-0.09957642315544118,-0.993355408143237,Medium
0.7665190491062528,-0.7665190491062528,0.0,0.7063974807551279,-1.6051334529470118,-0.0009198931359666289,0.8972295622620979,1.4131237563606194,-0.993355408143237,Low
-1.8017148783116028,1.8017148783116028,0.0,1.401366580754707,0.7112992769168694,-0.23089317712754703,-1.8748494148607586,0.3569417895885362,-0.993355408143237,Low
0.9640755050614725,-0.9640755050614725,0.0,0.011428380755548613,-1.1418469069742356,0.918973242830355,0.20420981798138385,0.5078249276988339,1.0066890377827438,Medium
0.3714061371958135,-0.3714061371958135,0.0,0.4747411140886015,-0.9102036339878475,-0.23089317712754703,0.6662229808351933,1.3976485627082813,1.0066890377827438,High
-0.023706774714625855,0.023706774714625855,0.0,-0.6835407192440307,0.7112992769168694,0.4590266748471942,-0.4888099262993303,-0.3858675057236982,-0.993355408143237,Low
0.3714061371958135,-0.3714061371958135,0.0,-0.915197085910557,0.47965600393048125,1.1489465268219354,-0.719816507726235,1.5021061198615644,1.0066890377827438,Low
-1.2090455104459439,1.2090455104459439,0.0,0.9380538474216543,0.47965600393048125,-1.1507863130938687,-0.25780334487242557,-0.656683394639617,-0.993355408143237,Low
-1.8017148783116028,1.8017148783116028,0.0,0.9380538474216543,1.1745858228896457,-0.46086646111912744,-1.643842833433854,-1.5697198201275717,1.0066890377827438,High
-1.0114890544907242,1.0114890544907242,0.0,1.1697102140881808,0.016369457957705016,-0.0009198931359666289,-1.1818296705800444,-1.662570982041601,-0.993355408143237,Medium
-0.6163761425802848,0.6163761425802848,0.0,-0.2202279859109778,0.9429425499032575,1.1489465268219354,-1.8748494148607586,0.6277576785044547,-0.993355408143237,Medium
-0.4188196866250652,0.4188196866250652,0.0,0.011428380755548613,0.47965600393048125,-0.6908397451107079,0.20420981798138385,-0.16534599617787865,1.0066890377827438,Low
0.3714061371958135,-0.3714061371958135,0.0,-1.3785098192436098,0.9429425499032575,-0.6908397451107079,1.1282361436890027,0.9101799626596274,1.0066890377827438,Low
-1.2090455104459439,1.2090455104459439,0.0,0.011428380755548613,1.4062290958760337,-1.3807595970854492,-0.026796763445520868,0.23314024036983033,1.0066890377827438,High
0.17384968124059383,-0.17384968124059383,0.0,1.1697102140881808,-1.3734901799606238,0.4590266748471942,-0.25780334487242557,0.712871243592315,1.0066890377827438,Medium
1.359188416971912,-1.359188416971912,0.0,-1.1468534525770835,-0.44691708801507124,1.378919810813516,0.20420981798138385,1.1307014722054467,-0.993355408143237,Medium
-0.8139325985355046,0.8139325985355046,0.0,0.011428380755548613,0.9429425499032575,-1.8407061650686098,0.8972295622620979,0.5426441134165945,1.0066890377827438,Medium
0.3714061371958135,-0.3714061371958135,0.0,-2.0734789192431893,1.637872368862422,0.6889999588387746,-0.25780334487242557,1.3318789896858438,-0.993355408143237,High
-0.8139325985355046,0.8139325985355046,0.0,0.7063974807551279,0.24801273094409315,-1.1507863130938687,0.20420981798138385,0.04356911812868745,1.0066890377827438,High
-0.4188196866250652,0.4188196866250652,0.0,0.24308474742207503,0.24801273094409315,0.918973242830355,-1.412836252006949,-1.3724111010602595,1.0066890377827438,Medium
1.5567448729271316,-1.5567448729271316,0.0,-0.915197085910557,-0.9102036339878475,0.4590266748471942,1.3592427251159074,0.4923497340464957,-0.993355408143237,Medium
-1.6041584223563832,1.6041584223563832,0.0,0.24308474742207503,1.637872368862422,-0.46086646111912744,-1.412836252006949,-0.9197616867293668,-0.993355408143237,Low
-0.22126323066984552,0.22126323066984552,0.0,0.9380538474216543,-0.6785603610014593,-1.1507863130938687,0.8972295622620979,-0.8772049041854366,-0.993355408143237,Low
1.5567448729271316,-1.5567448729271316,0.0,-0.915197085910557,-0.9102036339878475,0.2290533908556138,1.590249306542812,0.7360840340708223,1.0066890377827438,Low
-1.9992713342668227,1.9992713342668227,0.0,0.4747411140886015,1.8695156418488101,-1.1507863130938687,-1.1818296705800444,-0.7534033549667309,1.0066890377827438,High
0.3714061371958135,-0.3714061371958135,0.0,-0.2202279859109778,-0.21527381502868312,0.2290533908556138,0.20420981798138385,-0.6373394025741942,-0.993355408143237,High
0.3714061371958135,-0.3714061371958135,0.0,-0.6835407192440307,0.24801273094409315,0.4590266748471942,-0.026796763445520868,0.7322152356577378,-0.993355408143237,Medium
0.17384968124059383,-0.17384968124059383,0.0,0.011428380755548613,-0.21527381502868312,1.1489465268219354,-0.9508230891531397,1.2042086420540534,-0.993355408143237,Low
0.17384968124059383,-0.17384968124059383,0.0,-1.6101661859101364,1.4062290958760337,-0.46086646111912744,0.6662229808351933,1.3550917801643512,-0.993355408143237,Medium
1.7543013288823512,-1.7543013288823512,0.0,-0.2202279859109778,-1.8367767259334,1.6088930948050963,0.43521639940828855,1.5330565071662403,1.0066890377827438,Medium
0.7665190491062528,-0.7665190491062528,0.0,0.011428380755548613,-0.9102036339878475,-1.1507863130938687,2.0522624693966214,-1.6084078042584173,-0.993355408143237,Medium
2.34697069674801,-2.34697069674801,0.0,-2.305135285909716,-0.44691708801507124,1.8388663787966766,0.8972295622620979,1.0920134880746013,-0.993355408143237,Low
-0.023706774714625855,0.023706774714625855,0.0,-0.2202279859109778,0.24801273094409315,1.8388663787966766,-1.8748494148607586,1.200339843640969,1.0066890377827438,Low
0.5689625931510331,-0.5689625931510331,0.0,-1.1468534525770835,0.47965600393048125,0.918973242830355,-0.25780334487242557,-0.006725261241411801,-0.993355408143237,High
-0.22126323066984552,0.22126323066984552,0.0,0.24308474742207503,0.016369457957705016,-1.3807595970854492,1.1282361436890027,0.5078249276988339,-0.993355408143237,Low
-1.4066019664011635,1.4066019664011635,0.0,0.011428380755548613,1.637872368862422,-0.9208130291022882,-0.719816507726235,1.3860421674690275,-0.993355408143237,Medium
-0.22126323066984552,0.22126323066984552,0.0,1.1697102140881808,-0.9102036339878475,0.4590266748471942,-0.719816507726235,-0.8462545168807601,-0.993355408143237,Low
0.7665190491062528,-0.7665190491062528,0.0,0.4747411140886015,-1.3734901799606238,1.1489465268219354,-0.25780334487242557,1.5485317008185786,-0.993355408143237,Medium
-0.6163761425802848,0.6163761425802848,0.0,0.7063974807551279,0.016369457957705016,-0.6908397451107079,-0.026796763445520868,-1.662570982041601,1.0066890377827438,High
-0.023706774714625855,0.023706774714625855,0.0,0.7063974807551279,-0.6785603610014593,-0.23089317712754703,0.20420981798138385,0.7979848086801753,1.0066890377827438,Low
-0.8139325985355046,0.8139325985355046,0.0,0.9380538474216543,0.016369457957705016,0.2290533908556138,-1.1818296705800444,0.4575305483287347,-0.993355408143237,High
-1.2090455104459439,1.2090455104459439,0.0,0.011428380755548613,1.4062290958760337,-0.9208130291022882,-0.4888099262993303,1.200339843640969,-0.993355408143237,Low
-2.1968277902220423,2.1968277902220423,0.0,1.86467931408776,0.7112992769168694,-1.3807595970854492,-1.1818296705800444,0.15189547369505463,1.0066890377827438,High
-0.4188196866250652,0.4188196866250652,0.0,1.1697102140881808,-0.6785603610014593,1.1489465268219354,-1.643842833433854,1.676202048450369,-0.993355408143237,Medium
2.34697069674801,-2.34697069674801,0.0,-0.915197085910557,-1.8367767259334,0.2290533908556138,2.514275632250431,1.041719108704502,1.0066890377827438,Medium
-0.023706774714625855,0.023706774714625855,0.0,-0.2202279859109778,0.24801273094409315,1.1489465268219354,-1.1818296705800444,1.389910965882112,-0.993355408143237,Medium
0.7665190491062528,-0.7665190491062528,0.0,-1.3785098192436098,0.47965600393048125,-0.46086646111912744,1.3592427251159074,-0.6798961851181243,1.0066890377827438,Low
-1.4066019664011635,1.4066019664011635,0.0,0.7063974807551279,0.9429425499032575,-1.6107328810770296,-0.026796763445520868,1.5214501119269868,1.0066890377827438,Low
-0.4188196866250652,0.4188196866250652,0.0,1.1697102140881808,-0.6785603610014593,-0.23089317712754703,-0.25780334487242557,-0.6450769994003633,-0.993355408143237,Medium
0.17384968124059383,-0.17384968124059383,0.0,-0.6835407192440307,0.47965600393048125,0.918973242830355,-0.719816507726235,1.3550917801643512,-0.993355408143237,Medium
-1.2090455104459439,1.2090455104459439,0.0,0.7063974807551279,0.7112992769168694,-1.3807595970854492,-0.026796763445520868,0.6084136864390319,1.0066890377827438,High
-1.4066019664011635,1.4066019664011635,0.0,1.1697102140881808,0.47965600393048125,-0.46086646111912744,-1.1818296705800444,1.2042086420540534,1.0066890377827438,Medium
-0.22126323066984552,0.22126323066984552,0.0,-0.45188435257750426,0.7112992769168694,0.2290533908556138,-0.4888099262993303,0.2679594260875913,-0.993355408143237,Medium
0.3714061371958135,-0.3714061371958135,0.0,-0.915197085910557,0.47965600393048125,0.2290533908556138,0.20420981798138385,-1.6277517963238401,1.0066890377827438,Medium
-1.2090455104459439,1.2090455104459439,0.0,0.9380538474216543,0.47965600393048125,-1.6107328810770296,0.20420981798138385,-0.440030683506882,1.0066890377827438,High
-0.22126323066984552,0.22126323066984552,0.0,-1.3785098192436098,1.637872368862422,0.6889999588387746,-0.9508230891531397,-1.0280880422957344,1.0066890377827438,Low
-1.0114890544907242,1.0114890544907242,0.0,0.011428380755548613,1.1745858228896457,-1.6107328810770296,0.43521639940828855,0.31051620863152146,1.0066890377827438,Low
-1.0114890544907242,1.0114890544907242,0.0,0.7063974807551279,0.47965600393048125,-0.6908397451107079,-0.4888099262993303,0.41110496737172,-0.993355408143237,High
1.161631961016692,-1.161631961016692,0.0,-1.3785098192436098,0.016369457957705016,0.6889999588387746,0.6662229808351933,1.1848646499886306,-0.993355408143237,High
0.3714061371958135,-0.3714061371958135,0.0,-0.45188435257750426,0.016369457957705016,-1.3807595970854492,1.821255887969717,1.1964710452278842,-0.993355408143237,High
0.9640755050614725,-0.9640755050614725,0.0,-1.1468534525770835,0.016369457957705016,-0.9208130291022882,2.0522624693966214,-1.4768686582135424,1.0066890377827438,Medium
1.359188416971912,-1.359188416971912,0.0,-0.6835407192440307,-0.9102036339878475,-0.9208130291022882,2.514275632250431,0.7167400420053995,1.0066890377827438,Medium
-0.8139325985355046,0.8139325985355046,0.0,1.6330229474212337,-0.6785603610014593,-1.6107328810770296,0.6662229808351933,-0.6682897898788707,-0.993355408143237,Low
-1.4066019664011635,1.4066019664011635,0.0,0.7063974807551279,0.9429425499032575,-0.46086646111912744,-1.1818296705800444,-1.2486095518415539,-0.993355408143237,Low
0.3714061371958135,-0.3714061371958135,0.0,0.4747411140886015,-0.9102036339878475,-0.0009198931359666289,0.43521639940828855,-1.047432034361157,-0.993355408143237,Low
-1.2090455104459439,1.2090455104459439,0.0,1.401366580754707,0.016369457957705016,0.6889999588387746,-2.105855996287663,1.2661094166634064,1.0066890377827438,High
-0.4188196866250652,0.4188196866250652,0.0,0.4747411140886015,0.016369457957705016,-1.6107328810770296,1.1282361436890027,1.4053861595344503,1.0066890377827438,High
-0.22126323066984552,0.22126323066984552,0.0,0.4747411140886015,-0.21527381502868312,-0.0009198931359666289,-0.25780334487242557,1.6607268547980307,-0.993355408143237,High
1.359188416971912,-1.359188416971912,0.0,-0.45188435257750426,-1.1418469069742356,1.1489465268219354,0.43521639940828855,0.2292714419567458,1.0066890377827438,Medium
-0.023706774714625855,0.023706774714625855,0.0,1.401366580754707,-1.3734901799606238,0.2290533908556138,-0.25780334487242557,-0.7031089755966317,1.0066890377827438,Low
0.9640755050614725,-0.9640755050614725,0.0,-0.2202279859109778,-0.9102036339878475,0.6889999588387746,0.43521639940828855,-1.1828399788191164,1.0066890377827438,High
2.1494142407927908,-2.1494142407927908,0.0,-2.536791652576242,0.016369457957705016,1.1489465268219354,1.3592427251159074,0.20605865147823843,1.0066890377827438,Medium
0.17384968124059383,-0.17384968124059383,0.0,0.7063974807551279,-0.9102036339878475,-0.9208130291022882,1.1282361436890027,1.4015173611213658,1.0066890377827438,High
-1.6041584223563832,1.6041584223563832,0.0,1.6330229474212337,0.24801273094409315,-2.530626017043351,0.6662229808351933,-0.656683394639617,-0.993355408143237,Low
0.9640755050614725,-0.9640755050614725,0.0,0.24308474742207503,-1.3734901799606238,0.4590266748471942,0.6662229808351933,-0.5522258374863339,-0.993355408143237,Medium
-0.8139325985355046,0.8139325985355046,0.0,-1.1468534525770835,2.101158914835198,-0.0009198931359666289,-0.9508230891531397,-0.80369773433683,1.0066890377827438,Low
0.7665190491062528,-0.7665190491062528,0.0,0.4747411140886015,-1.3734901799606238,0.6889999588387746,0.20420981798138385,0.40336737054555083,1.0066890377827438,Low
0.3714061371958135,-0.3714061371958135,0.0,-1.6101661859101364,1.1745858228896457,-1.3807595970854492,1.821255887969717,0.001012335584757314,-0.993355408143237,Medium
1.161631961016692,-1.161631961016692,0.0,-1.6101661859101364,0.24801273094409315,1.8388663787966766,-0.4888099262993303,0.9991623261605723,-0.993355408143237,Low
1.359188416971912,-1.359188416971912,0.0,-1.1468534525770835,-0.44691708801507124,-0.0009198931359666289,1.590249306542812,-0.08797002791618751,-0.993355408143237,Low
0.17384968124059383,-0.17384968124059383,0.0,-0.2202279859109778,0.016369457957705016,0.6889999588387746,-0.4888099262993303,0.001012335584757314,-0.993355408143237,Low
1.7543013288823512,-1.7543013288823512,0.0,-0.6835407192440307,-1.3734901799606238,2.5287862307714177,-0.4888099262993303,-1.1286768010359325,-0.993355408143237,High
-1.2090455104459439,1.2090455104459439,0.0,0.7063974807551279,0.7112992769168694,-1.6107328810770296,0.20420981798138385,0.33759779752311336,1.0066890377827438,Medium
-0.023706774714625855,0.023706774714625855,0.0,-0.6835407192440307,0.7112992769168694,0.6889999588387746,-0.719816507726235,-0.3394419247666835,1.0066890377827438,Low
0.9640755050614725,-0.9640755050614725,0.0,0.4747411140886015,-1.6051334529470118,0.4590266748471942,0.6662229808351933,-0.9894000581648887,-0.993355408143237,Medium
-0.023706774714625855,0.023706774714625855,0.0,0.4747411140886015,-0.44691708801507124,0.4590266748471942,-0.4888099262993303,1.2390278277718143,1.0066890377827438,Medium
0.17384968124059383,-0.17384968124059383,0.0,-0.45188435257750426,0.24801273094409315,0.918973242830355,-0.719816507726235,0.6200200816782856,-0.993355408143237,High
0.17384968124059383,-0.17384968124059383,0.0,-1.1468534525770835,0.9429425499032575,-0.46086646111912744,0.6662229808351933,1.0494567055306712,1.0066890377827438,Medium
-1.2090455104459439,1.2090455104459439,0.0,-0.2202279859109778,1.637872368862422,-0.6908397451107079,-0.719816507726235,-0.041544446959172816,-0.993355408143237,Medium
-0.4188196866250652,0.4188196866250652,0.0,1.86467931408776,-1.3734901799606238,-0.46086646111912744,-0.026796763445520868,-0.48258746605081215,1.0066890377827438,Medium
0.3714061371958135,-0.3714061371958135,0.0,-0.6835407192440307,0.24801273094409315,1.378919810813516,-0.9508230891531397,-0.9932688565779733,1.0066890377827438,High
0.3714061371958135,-0.3714061371958135,0.0,-2.0734789192431893,1.637872368862422,-0.0009198931359666289,0.43521639940828855,0.4884809356334111,1.0066890377827438,Medium
-0.8139325985355046,0.8139325985355046,0.0,0.7063974807551279,0.24801273094409315,-0.46086646111912744,-0.4888099262993303,-0.9313680819686204,1.0066890377827438,Medium
0.5689625931510331,-0.5689625931510331,0.0,0.9380538474216543,-1.6051334529470118,1.1489465268219354,-0.4888099262993303,0.9720807372689804,-0.993355408143237,High
-0.22126323066984552,0.22126323066984552,0.0,0.7063974807551279,-0.44691708801507124,-1.8407061650686098,1.590249306542812,1.3628293769905202,1.0066890377827438,Medium
-1.2090455104459439,1.2090455104459439,0.0,0.4747411140886015,0.9429425499032575,-0.46086646111912744,-0.9508230891531397,0.643232872156793,1.0066890377827438,Medium
-0.4188196866250652,0.4188196866250652,0.0,-0.45188435257750426,0.9429425499032575,-0.9208130291022882,0.43521639940828855,-1.2253967613630465,1.0066890377827438,Low
-0.4188196866250652,0.4188196866250652,0.0,0.011428380755548613,0.47965600393048125,0.4590266748471942,-0.9508230891531397,-0.30462273904892273,1.0066890377827438,Medium
0.17384968124059383,-0.17384968124059383,0.0,-0.45188435257750426,0.24801273094409315,0.6889999588387746,-0.4888099262993303,0.7322152356577378,1.0066890377827438,Low
-1.2090455104459439,1.2090455104459439,0.0,0.7063974807551279,0.7112992769168694,-0.23089317712754703,-1.1818296705800444,0.41884256419788907,-0.993355408143237,Low
-0.023706774714625855,0.023706774714625855,0.0,0.011428380755548613,0.016369457957705016,-0.23089317712754703,0.20420981798138385,0.42271136261097364,1.0066890377827438,Low
0.17384968124059383,-0.17384968124059383,0.0,0.24308474742207503,-0.44691708801507124,0.4590266748471942,-0.25780334487242557,0.9875559309213185,1.0066890377827438,Medium
0.17384968124059383,-0.17384968124059383,0.0,-0.2202279859109778,0.016369457957705016,-0.9208130291022882,1.1282361436890027,1.6568580563849462,-0.993355408143237,High
-0.22126323066984552,0.22126323066984552,0.0,0.7063974807551279,-0.44691708801507124,-0.46086646111912744,0.20420981798138385,1.2235526341194762,1.0066890377827438,Low
0.3714061371958135,-0.3714061371958135,0.0,0.7063974807551279,-1.1418469069742356,0.4590266748471942,-0.026796763445520868,-1.1286768010359325,1.0066890377827438,High
0.3714061371958135,-0.3714061371958135,0.0,-0.6835407192440307,0.24801273094409315,-0.0009198931359666289,0.43521639940828855,0.914048761072712,-0.993355408143237,High
-0.023706774714625855,0.023706774714625855,0.0,-0.2202279859109778,0.24801273094409315,0.4590266748471942,-0.4888099262993303,-0.6682897898788707,-0.993355408143237,Low
-1.0114890544907242,1.0114890544907242,0.0,0.7063974807551279,0.47965600393048125,1.378919810813516,-2.567869159141473,-0.6102578136826023,-0.993355408143237,High
0.9640755050614725,-0.9640755050614725,0.0,0.4747411140886015,-1.6051334529470118,0.4590266748471942,0.6662229808351933,0.20218985306515386,-0.993355408143237,Medium
-0.6163761425802848,0.6163761425802848,0.0,0.011428380755548613,0.7112992769168694,-0.23089317712754703,-0.4888099262993303,-1.1634959867536936,-0.993355408143237,High
0.17384968124059383,-0.17384968124059383,0.0,0.011428380755548613,-0.21527381502868312,-0.6908397451107079,0.8972295622620979,0.9566055436166422,-0.993355408143237,Medium
1.161631961016692,-1.161631961016692,0.0,-1.3785098192436098,0.016369457957705016,0.918973242830355,0.43521639940828855,1.478893329383057,1.0066890377827438,High
0.3714061371958135,-0.3714061371958135,0.0,0.4747411140886015,-0.9102036339878475,1.1489465268219354,-0.719816507726235,-0.7766161454452383,1.0066890377827438,Low
0.5689625931510331,-0.5689625931510331,0.0,-0.6835407192440307,0.016369457957705016,-0.0009198931359666289,0.6662229808351933,-0.8539921137069292,1.0066890377827438,Low
0.9640755050614725,-0.9640755050614725,0.0,0.4747411140886015,-1.6051334529470118,0.2290533908556138,0.8972295622620979,1.3318789896858438,-0.993355408143237,Low
0.17384968124059383,-0.17384968124059383,0.0,0.4747411140886015,-0.6785603610014593,0.2290533908556138,-0.026796763445520868,-0.7572721533798155,-0.993355408143237,Medium
-0.023706774714625855,0.023706774714625855,0.0,-0.915197085910557,0.9429425499032575,1.6088930948050963,-1.643842833433854,0.3298602006969443,-0.993355408143237,High
-0.22126323066984552,0.22126323066984552,0.0,1.401366580754707,-1.1418469069742356,-0.46086646111912744,0.20420981798138385,-0.7417969597274773,1.0066890377827438,Low
-1.9992713342668227,1.9992713342668227,0.0,1.401366580754707,0.9429425499032575,-0.46086646111912744,-1.8748494148607586,0.8018536070932598,1.0066890377827438,Low
0.17384968124059383,-0.17384968124059383,0.0,-0.6835407192440307,0.47965600393048125,-0.0009198931359666289,0.20420981798138385,-0.5251442485947423,1.0066890377827438,Low
-1.2090455104459439,1.2090455104459439,0.0,-0.915197085910557,2.3328021878215863,1.6088930948050963,-3.029882321995282,-0.32783552952742984,-0.993355408143237,Medium
0.17384968124059383,-0.17384968124059383,0.0,0.24308474742207503,-0.44691708801507124,0.6889999588387746,-0.4888099262993303,-1.647095788389263,-0.993355408143237,Medium
-0.023706774714625855,0.023706774714625855,0.0,0.9380538474216543,-0.9102036339878475,0.4590266748471942,-0.4888099262993303,-0.7882225406844919,-0.993355408143237,High
-0.22126323066984552,0.22126323066984552,0.0,0.4747411140886015,-0.21527381502868312,-0.6908397451107079,0.43521639940828855,-0.060888439024595606,-0.993355408143237,High
0.9640755050614725,-0.9640755050614725,0.0,0.24308474742207503,-1.3734901799606238,2.7587595147629984,-1.643842833433854,-0.02220045489375003,1.0066890377827438,Low
-1.2090455104459439,1.2090455104459439,0.0,2.3279920474208127,-0.9102036339878475,-0.46086646111912744,-0.9508230891531397,0.7670344213754988,-0.993355408143237,Medium
0.3714061371958135,-0.3714061371958135,0.0,-0.2202279859109778,-0.21527381502868312,-0.6908397451107079,1.1282361436890027,-0.8965488962508593,1.0066890377827438,High
-0.8139325985355046,0.8139325985355046,0.0,1.401366580754707,-0.44691708801507124,-0.6908397451107079,-0.25780334487242557,1.180995851575546,1.0066890377827438,Low
-1.2090455104459439,1.2090455104459439,0.0,0.011428380755548613,1.4062290958760337,-0.46086646111912744,-0.9508230891531397,1.3589605785774357,-0.993355408143237,Low
0.3714061371958135,-0.3714061371958135,0.0,0.011428380755548613,-0.44691708801507124,-0.0009198931359666289,0.43521639940828855,-1.0319568407088187,-0.993355408143237,Low
-0.8139325985355046,0.8139325985355046,0.0,0.9380538474216543,0.016369457957705016,-0.23089317712754703,-0.719816507726235,1.5137125151008175,-0.993355408143237,Medium
-0.4188196866250652,0.4188196866250652,0.0,0.24308474742207503,0.24801273094409315,-0.46086646111912744,-0.026796763445520868,-0.23885316602648524,-0.993355408143237,High
-1.0114890544907242,1.0114890544907242,0.0,0.011428380755548613,1.1745858228896457,-2.3006527330517708,1.1282361436890027,0.21379624830440755,1.0066890377827438,Low
0.5689625931510331,-0.5689625931510331,0.0,-0.6835407192440307,0.016369457957705016,0.4590266748471942,0.20420981798138385,-0.5793074263779259,1.0066890377827438,Medium
0.17384968124059383,-0.17384968124059383,0.0,-0.6835407192440307,0.47965600393048125,-0.9208130291022882,1.1282361436890027,0.6238888800913702,1.0066890377827438,Medium
1.161631961016692,-1.161631961016692,0.0,-1.8418225525766627,0.47965600393048125,-0.0009198931359666289,1.3592427251159074,1.1229638753792777,1.0066890377827438,High
1.161631961016692,-1.161631961016692,0.0,-0.45188435257750426,-0.9102036339878475,0.6889999588387746,0.6662229808351933,0.774772018201668,1.0066890377827438,High
-0.4188196866250652,0.4188196866250652,0.0,0.9380538474216543,-0.44691708801507124,-0.46086646111912744,-0.026796763445520868,1.3976485627082813,1.0066890377827438,High
0.5689625931510331,-0.5689625931510331,0.0,0.011428380755548613,-0.6785603610014593,-0.0009198931359666289,0.6662229808351933,-0.6682897898788707,1.0066890377827438,Medium
-0.4188196866250652,0.4188196866250652,0.0,0.011428380755548613,0.47965600393048125,-0.0009198931359666289,-0.4888099262993303,-0.5522258374863339,1.0066890377827438,Low
-0.22126323066984552,0.22126323066984552,0.0,0.9380538474216543,-0.6785603610014593,-0.23089317712754703,-0.026796763445520868,1.5021061198615644,-0.993355408143237,Medium
-0.8139325985355046,0.8139325985355046,0.0,0.7063974807551279,0.24801273094409315,-0.23089317712754703,-0.719816507726235,1.444074143665296,1.0066890377827438,Low
-0.4188196866250652,0.4188196866250652,0.0,-0.915197085910557,1.4062290958760337,-0.0009198931359666289,-0.4888099262993303,-0.6412082009872788,1.0066890377827438,High
-1.9992713342668227,1.9992713342668227,0.0,0.011428380755548613,2.3328021878215863,-0.9208130291022882,-1.412836252006949,-1.5426382312359799,1.0066890377827438,Low
0.3714061371958135,-0.3714061371958135,0.0,0.011428380755548613,-0.44691708801507124,0.4590266748471942,-0.026796763445520868,0.9952935277474877,-0.993355408143237,Medium
-0.4188196866250652,0.4188196866250652,0.0,-0.915197085910557,1.4062290958760337,0.4590266748471942,-0.9508230891531397,-0.24659076285265435,-0.993355408143237,High
0.3714061371958135,-0.3714061371958135,0.0,-0.45188435257750426,0.016369457957705016,0.2290533908556138,0.20420981798138385,-1.2370031566023,1.0066890377827438,Medium
0.17384968124059383,-0.17384968124059383,0.0,-0.45188435257750426,0.24801273094409315,-0.0009198931359666289,0.20420981798138385,0.7592968245493297,-0.993355408143237,High
-1.6041584223563832,1.6041584223563832,0.0,-0.45188435257750426,2.3328021878215863,-0.9208130291022882,-0.9508230891531397,-0.5328818454209114,1.0066890377827438,Low
-0.023706774714625855,0.023706774714625855,0.0,0.011428380755548613,0.016369457957705016,-0.23089317712754703,0.20420981798138385,-1.647095788389263,1.0066890377827438,Medium
0.9640755050614725,-0.9640755050614725,0.0,0.4747411140886015,-1.6051334529470118,0.4590266748471942,0.6662229808351933,-0.049282043785341935,1.0066890377827438,Medium
-0.023706774714625855,0.023706774714625855,0.0,-0.6835407192440307,0.7112992769168694,-0.6908397451107079,0.6662229808351933,1.068800697596094,1.0066890377827438,Low
0.17384968124059383,-0.17384968124059383,0.0,0.011428380755548613,-0.21527381502868312,-0.23089317712754703,0.43521639940828855,-1.445918270908866,-0.993355408143237,Low
0.3714061371958135,-0.3714061371958135,0.0,-0.2202279859109778,-0.21527381502868312,0.6889999588387746,-0.25780334487242557,-0.6412082009872788,-0.993355408143237,High
0.3714061371958135,-0.3714061371958135,0.0,0.011428380755548613,-0.44691708801507124,-0.23089317712754703,0.6662229808351933,0.5929384927866937,-0.993355408143237,High
0.9640755050614725,-0.9640755050614725,0.0,-0.45188435257750426,-0.6785603610014593,0.4590266748471942,0.6662229808351933,0.012618730824010986,-0.993355408143237,Medium
0.17384968124059383,-0.17384968124059383,0.0,0.4747411140886015,-0.6785603610014593,-0.0009198931359666289,0.20420981798138385,0.9295239547250502,-0.993355408143237,High
0.17384968124059383,-0.17384968124059383,0.0,1.1697102140881808,-1.3734901799606238,-0.9208130291022882,1.1282361436890027,0.7670344213754988,-0.993355408143237,Low
-0.8139325985355046,0.8139325985355046,0.0,-0.45188435257750426,1.4062290958760337,-1.1507863130938687,0.20420981798138385,-0.7147153708358854,1.0066890377827438,Medium
-0.6163761425802848,0.6163761425802848,0.0,0.9380538474216543,-0.21527381502868312,-0.9208130291022882,0.20420981798138385,-0.4980626597031504,-0.993355408143237,Medium
1.161631961016692,-1.161631961016692,0.0,0.011428380755548613,-1.3734901799606238,0.6889999588387746,0.6662229808351933,-0.7688785486190692,1.0066890377827438,High
-0.4188196866250652,0.4188196866250652,0.0,0.011428380755548613,0.47965600393048125,-0.0009198931359666289,-0.4888099262993303,1.7071524357550454,1.0066890377827438,Low
-0.4188196866250652,0.4188196866250652,0.0,-0.6835407192440307,1.1745858228896457,0.918973242830355,-1.412836252006949,-0.9739248645125506,1.0066890377827438,High
-0.023706774714625855,0.023706774714625855,0.0,0.24308474742207503,-0.21527381502868312,-0.6908397451107079,0.6662229808351933,-0.5290130470078268,1.0066890377827438,Medium
-0.22126323066984552,0.22126323066984552,0.0,1.6330229474212337,-1.3734901799606238,-0.46086646111912744,0.20420981798138385,-0.6141266120956869,-0.993355408143237,Medium
2.1494142407927908,-2.1494142407927908,0.0,-2.305135285909716,-0.21527381502868312,1.378919810813516,1.1282361436890027,-0.7147153708358854,1.0066890377827438,High
0.7665190491062528,-0.7665190491062528,0.0,-1.3785098192436098,0.47965600393048125,0.2290533908556138,0.6662229808351933,1.5330565071662403,-0.993355408143237,High
0.5689625931510331,-0.5689625931510331,0.0,0.4747411140886015,-1.1418469069742356,0.2290533908556138,0.43521639940828855,0.3569417895885362,1.0066890377827438,Medium
0.17384968124059383,-0.17384968124059383,0.0,0.4747411140886015,-0.6785603610014593,0.2290533908556138,-0.026796763445520868,0.30277861180535237,-0.993355408143237,Medium
-0.22126323066984552,0.22126323066984552,0.0,0.24308474742207503,0.016369457957705016,1.8388663787966766,-2.105855996287663,1.6878084436896226,1.0066890377827438,High
-0.023706774714625855,0.023706774714625855,0.0,-0.45188435257750426,0.47965600393048125,-0.23089317712754703,0.20420981798138385,-0.6063890152695177,1.0066890377827438,Low
0.5689625931510331,-0.5689625931510331,0.0,0.24308474742207503,-0.9102036339878475,-0.46086646111912744,1.1282361436890027,0.05904431178102525,1.0066890377827438,Medium
0.7665190491062528,-0.7665190491062528,0.0,-1.6101661859101364,0.7112992769168694,-0.23089317712754703,1.1282361436890027,0.4072361689586354,1.0066890377827438,Low
0.17384968124059383,-0.17384968124059383,0.0,0.011428380755548613,-0.21527381502868312,0.918973242830355,-0.719816507726235,-0.9932688565779733,1.0066890377827438,High
2.54452715270323,-2.54452715270323,0.0,-1.1468534525770835,-1.8367767259334,2.9887327987545786,-0.026796763445520868,-1.2640847454938922,1.0066890377827438,Medium
0.3714061371958135,-0.3714061371958135,0.0,-0.45188435257750426,0.016369457957705016,-0.23089317712754703,0.6662229808351933,0.03970031971560289,1.0066890377827438,Medium
-0.22126323066984552,0.22126323066984552,0.0,0.24308474742207503,0.016369457957705016,-0.0009198931359666289,-0.25780334487242557,0.8947047690072892,1.0066890377827438,High
-0.22126323066984552,0.22126323066984552,0.0,-0.915197085910557,1.1745858228896457,-1.1507863130938687,0.8972295622620979,0.6122824848521166,-0.993355408143237,Low
0.7665190491062528,-0.7665190491062528,0.0,0.24308474742207503,-1.1418469069742356,-0.23089317712754703,1.1282361436890027,-0.2968851422227536,1.0066890377827438,Medium
-0.023706774714625855,0.023706774714625855,0.0,0.24308474742207503,-0.21527381502868312,-1.6107328810770296,1.590249306542812,-1.333723116929414,-0.993355408143237,Medium
0.17384968124059383,-0.17384968124059383,0.0,-0.2202279859109778,0.016369457957705016,-1.6107328810770296,1.821255887969717,-1.0280880422957344,1.0066890377827438,Low
1.5567448729271316,-1.5567448729271316,0.0,-1.1468534525770835,-0.6785603610014593,0.4590266748471942,1.3592427251159074,1.2390278277718143,-0.993355408143237,High
-0.4188196866250652,0.4188196866250652,0.0,0.24308474742207503,0.24801273094409315,-1.1507863130938687,0.6662229808351933,0.07451950543336347,-0.993355408143237,High
-0.8139325985355046,0.8139325985355046,0.0,0.7063974807551279,0.24801273094409315,-1.1507863130938687,0.20420981798138385,0.12481388480346273,-0.993355408143237,High
0.5689625931510331,-0.5689625931510331,0.0,-0.6835407192440307,0.016369457957705016,1.8388663787966766,-1.1818296705800444,-0.42842428826762835,-0.993355408143237,Medium
2.1494142407927908,-2.1494142407927908,0.0,-1.3785098192436098,-1.1418469069742356,1.6088930948050963,0.8972295622620979,1.4750245309699723,-0.993355408143237,High
-1.0114890544907242,1.0114890544907242,0.0,0.7063974807551279,0.47965600393048125,1.1489465268219354,-2.336862577714568,0.5233001213511721,1.0066890377827438,Medium
0.17384968124059383,-0.17384968124059383,0.0,-0.915197085910557,0.7112992769168694,-0.0009198931359666289,0.20420981798138385,0.028093924476349216,1.0066890377827438,Medium
1.161631961016692,-1.161631961016692,0.0,-0.915197085910557,-0.44691708801507124,0.4590266748471942,0.8972295622620979,-1.3608047058210058,1.0066890377827438,Medium
0.5689625931510331,-0.5689625931510331,0.0,-0.6835407192440307,0.016369457957705016,1.378919810813516,-0.719816507726235,0.05904431178102525,-0.993355408143237,Low
-1.0114890544907242,1.0114890544907242,0.0,1.86467931408776,-0.6785603610014593,0.2290533908556138,-1.412836252006949,0.5735945007212709,-0.993355408143237,High
-2.987053614042921,2.987053614042921,0.0,1.401366580754707,2.101158914835198,-2.0706794490601905,-1.412836252006949,1.6259076690802696,1.0066890377827438,High
-1.4066019664011635,1.4066019664011635,0.0,-0.2202279859109778,1.8695156418488101,-1.8407061650686098,0.20420981798138385,-1.0396944375349877,1.0066890377827438,Medium
0.3714061371958135,-0.3714061371958135,0.0,-1.3785098192436098,0.9429425499032575,1.1489465268219354,-0.719816507726235,1.7148900325812146,-0.993355408143237,Medium
-1.2090455104459439,1.2090455104459439,0.0,0.4747411140886015,0.9429425499032575,-1.1507863130938687,-0.25780334487242557,0.3453353943492825,1.0066890377827438,High
-0.4188196866250652,0.4188196866250652,0.0,1.86467931408776,-1.3734901799606238,-0.23089317712754703,-0.25780334487242557,0.17897706258664653,-0.993355408143237,Low
0.7665190491062528,-0.7665190491062528,0.0,0.9380538474216543,-1.8367767259334,0.6889999588387746,0.20420981798138385,-0.8539921137069292,1.0066890377827438,High
-0.8139325985355046,0.8139325985355046,0.0,0.24308474742207503,0.7112992769168694,-0.6908397451107079,-0.25780334487242557,1.153914262683954,1.0066890377827438,Medium
0.5689625931510331,-0.5689625931510331,0.0,0.7063974807551279,-1.3734901799606238,1.1489465268219354,-0.4888099262993303,-1.654833385215432,-0.993355408143237,Medium
1.359188416971912,-1.359188416971912,0.0,-2.7684480192427685,1.1745858228896457,-0.0009198931359666289,1.590249306542812,1.018506318225995,1.0066890377827438,High
0.17384968124059383,-0.17384968124059383,0.0,0.24308474742207503,-0.44691708801507124,-0.9208130291022882,1.1282361436890027,-1.1132016073835944,-0.993355408143237,Medium
-0.023706774714625855,0.023706774714625855,0.0,1.401366580754707,-1.3734901799606238,-0.46086646111912744,0.43521639940828855,0.1983210546520693,1.0066890377827438,Medium
-1.8017148783116028,1.8017148783116028,0.0,0.7063974807551279,1.4062290958760337,-1.8407061650686098,-0.25780334487242557,1.1074886817269394,1.0066890377827438,Low
-0.6163761425802848,0.6163761425802848,0.0,0.011428380755548613,0.7112992769168694,0.4590266748471942,-1.1818296705800444,0.8869671721811201,-0.993355408143237,Medium
0.5689625931510331,-0.5689625931510331,0.0,-1.1468534525770835,0.47965600393048125,0.6889999588387746,-0.026796763445520868,-1.0745136232527488,-0.993355408143237,High
1.161631961016692,-1.161631961016692,0.0,0.24308474742207503,-1.6051334529470118,0.6889999588387746,0.6662229808351933,-0.6334706041611097,1.0066890377827438,Medium
-0.4188196866250652,0.4188196866250652,0.0,-0.45188435257750426,0.9429425499032575,0.4590266748471942,-0.9508230891531397,0.21379624830440755,-0.993355408143237,Medium
-0.6163761425802848,0.6163761425802848,0.0,0.9380538474216543,-0.21527381502868312,-0.46086646111912744,-0.25780334487242557,-1.1364143978621017,-0.993355408143237,High
-0.6163761425802848,0.6163761425802848,0.0,-0.915197085910557,1.637872368862422,0.2290533908556138,-0.9508230891531397,1.5833508865363395,1.0066890377827438,High
-0.023706774714625855,0.023706774714625855,0.0,0.4747411140886015,-0.44691708801507124,-0.6908397451107079,0.6662229808351933,0.5387753150035104,-0.993355408143237,Low
-0.8139325985355046,0.8139325985355046,0.0,-0.6835407192440307,1.637872368862422,1.1489465268219354,-2.105855996287663,1.5137125151008175,1.0066890377827438,Medium
-1.2090455104459439,1.2090455104459439,0.0,0.4747411140886015,0.9429425499032575,0.2290533908556138,-1.643842833433854,1.6452516611456924,-0.993355408143237,High
-1.0114890544907242,1.0114890544907242,0.0,1.6330229474212337,-0.44691708801507124,-0.6908397451107079,-0.4888099262993303,-0.6141266120956869,-0.993355408143237,Low
2.1494142407927908,-2.1494142407927908,0.0,-0.6835407192440307,-1.8367767259334,2.2988129467798375,0.20420981798138385,-0.6141266120956869,-0.993355408143237,Medium
-1.8017148783116028,1.8017148783116028,0.0,1.86467931408776,0.24801273094409315,0.918973242830355,-3.029882321995282,0.983687132508234,-0.993355408143237,Medium
1.7543013288823512,-1.7543013288823512,0.0,-1.1468534525770835,-0.9102036339878475,1.378919810813516,0.6662229808351933,-1.089988816905087,1.0066890377827438,High
2.9396400646136693,-2.9396400646136693,0.0,-1.8418225525766627,-1.6051334529470118,0.2290533908556138,3.207295376531145,-1.3105103264509068,1.0066890377827438,Low
-0.22126323066984552,0.22126323066984552,0.0,0.011428380755548613,0.24801273094409315,-0.0009198931359666289,-0.25780334487242557,-1.004875251817227,-0.993355408143237,Low
0.17384968124059383,-0.17384968124059383,0.0,-0.45188435257750426,0.24801273094409315,1.1489465268219354,-0.9508230891531397,-1.4923438518658805,-0.993355408143237,Medium
1.7543013288823512,-1.7543013288823512,0.0,-1.3785098192436098,-0.6785603610014593,1.378919810813516,0.6662229808351933,0.24087783719599945,-0.993355408143237,High
-0.22126323066984552,0.22126323066984552,0.0,2.3279920474208127,-2.0684199989197882,-2.0706794490601905,1.821255887969717,-1.3105103264509068,-0.993355408143237,Medium
-1.2090455104459439,1.2090455104459439,0.0,0.011428380755548613,1.4062290958760337,-1.6107328810770296,0.20420981798138385,1.1074886817269394,-0.993355408143237,Medium
-0.8139325985355046,0.8139325985355046,0.0,0.9380538474216543,0.016369457957705016,-0.46086646111912744,-0.4888099262993303,-1.438180674082697,-0.993355408143237,Medium
2.34697069674801,-2.34697069674801,0.0,-0.915197085910557,-1.8367767259334,0.918973242830355,1.821255887969717,1.3396165865120129,-0.993355408143237,High
0.7665190491062528,-0.7665190491062528,0.0,-0.45188435257750426,-0.44691708801507124,0.918973242830355,-0.026796763445520868,-0.7456657581405618,-0.993355408143237,Low
-1.6041584223563832,1.6041584223563832,0.0,1.1697102140881808,0.7112992769168694,0.6889999588387746,-2.567869159141473,-0.033806850133003705,-0.993355408143237,High
-0.8139325985355046,0.8139325985355046,0.0,0.9380538474216543,0.016369457957705016,-0.0009198931359666289,-0.9508230891531397,-1.662570982041601,-0.993355408143237,Low
0.9640755050614725,-0.9640755050614725,0.0,-0.2202279859109778,-0.9102036339878475,1.1489465268219354,-0.026796763445520868,1.5214501119269868,1.0066890377827438,Low
-0.8139325985355046,0.8139325985355046,0.0,1.6330229474212337,-0.6785603610014593,-1.8407061650686098,0.8972295622620979,-0.05701964061151105,1.0066890377827438,High
-0.22126323066984552,0.22126323066984552,0.0,0.24308474742207503,0.016369457957705016,0.2290533908556138,-0.4888099262993303,1.6684644516241998,-0.993355408143237,Medium
0.3714061371958135,-0.3714061371958135,0.0,-0.6835407192440307,0.24801273094409315,-0.23089317712754703,0.6662229808351933,-0.7456657581405618,-0.993355408143237,Low
-1.2090455104459439,1.2090455104459439,0.0,0.011428380755548613,1.4062290958760337,-0.46086646111912744,-0.9508230891531397,-1.531031835996726,1.0066890377827438,Low
1.7543013288823512,-1.7543013288823512,0.0,-0.915197085910557,-1.1418469069742356,2.5287862307714177,-0.4888099262993303,0.39562977371938174,1.0066890377827438,Low
2.1494142407927908,-2.1494142407927908,0.0,-1.6101661859101364,-0.9102036339878475,2.2988129467798375,0.20420981798138385,1.347354183338182,1.0066890377827438,Medium
1.359188416971912,-1.359188416971912,0.0,-2.0734789192431893,0.47965600393048125,1.8388663787966766,-0.25780334487242557,1.347354183338182,-0.993355408143237,High
-0.023706774714625855,0.023706774714625855,0.0,0.011428380755548613,0.016369457957705016,-0.0009198931359666289,-0.026796763445520868,-0.5909138216171795,1.0066890377827438,Medium
-0.023706774714625855,0.023706774714625855,0.0,-0.45188435257750426,0.47965600393048125,0.6889999588387746,-0.719816507726235,-1.3530671089948367,-0.993355408143237,High
1.5567448729271316,-1.5567448729271316,0.0,-0.6835407192440307,-1.1418469069742356,1.6088930948050963,0.20420981798138385,1.374435772229774,-0.993355408143237,High
-0.6163761425802848,0.6163761425802848,0.0,-2.305135285909716,3.0277320067807505,0.6889999588387746,-1.412836252006949,-0.02606925330683459,-0.993355408143237,Medium
-1.0114890544907242,1.0114890544907242,0.0,-2.0734789192431893,3.2593752797671387,-0.23089317712754703,-0.9508230891531397,1.745840419885891,-0.993355408143237,Medium
-2.5919407021324816,2.5919407021324816,0.0,0.7063974807551279,2.3328021878215863,-1.8407061650686098,-1.1818296705800444,-1.2718223423200612,-0.993355408143237,Low
0.17384968124059383,-0.17384968124059383,0.0,0.9380538474216543,-1.1418469069742356,-0.23089317712754703,0.43521639940828855,0.09773229591187083,1.0066890377827438,High
0.3714061371958135,-0.3714061371958135,0.0,-1.3785098192436098,0.9429425499032575,1.1489465268219354,-0.719816507726235,-0.7920913390975763,1.0066890377827438,High
0.17384968124059383,-0.17384968124059383,0.0,-0.6835407192440307,0.47965600393048125,1.1489465268219354,-0.9508230891531397,-0.7456657581405618,-0.993355408143237,Medium
-0.023706774714625855,0.023706774714625855,0.0,0.7063974807551279,-0.6785603610014593,0.4590266748471942,-0.4888099262993303,0.047437916541772006,-0.993355408143237,Low
0.3714061371958135,-0.3714061371958135,0.0,-0.45188435257750426,0.016369457957705016,0.6889999588387746,-0.25780334487242557,-1.3453295121686677,1.0066890377827438,Low
0.3714061371958135,-0.3714061371958135,0.0,-0.2202279859109778,-0.21527381502868312,-0.0009198931359666289,0.43521639940828855,0.31051620863152146,-0.993355408143237,Low
0.17384968124059383,-0.17384968124059383,0.0,0.24308474742207503,-0.44691708801507124,0.6889999588387746,-0.4888099262993303,-0.4593746755723048,-0.993355408143237,Medium
-1.0114890544907242,1.0114890544907242,0.0,-0.915197085910557,2.101158914835198,0.2290533908556138,-1.412836252006949,0.9256551563119657,1.0066890377827438,Medium
0.3714061371958135,-0.3714061371958135,0.0,-0.45188435257750426,0.016369457957705016,1.6088930948050963,-1.1818296705800444,-0.9042864930770285,1.0066890377827438,Low
-0.22126323066984552,0.22126323066984552,0.0,0.24308474742207503,0.016369457957705016,-1.1507863130938687,0.8972295622620979,1.3009286023811673,-0.993355408143237,Low
0.7665190491062528,-0.7665190491062528,0.0,-0.45188435257750426,-0.44691708801507124,0.6889999588387746,0.20420981798138385,0.5929384927866937,-0.993355408143237,Low
1.5567448729271316,-1.5567448729271316,0.0,0.011428380755548613,-1.8367767259334,0.918973242830355,0.8972295622620979,1.2196838357063917,1.0066890377827438,Medium
-1.2090455104459439,1.2090455104459439,0.0,0.24308474742207503,1.1745858228896457,-1.8407061650686098,0.43521639940828855,0.9643431404428112,-0.993355408143237,Medium
0.5689625931510331,-0.5689625931510331,0.0,0.011428380755548613,-0.6785603610014593,-1.8407061650686098,2.514275632250431,-1.1286768010359325,1.0066890377827438,Low
0.9640755050614725,-0.9640755050614725,0.0,-1.8418225525766627,0.7112992769168694,-0.46086646111912744,1.590249306542812,1.5949572817755933,-0.993355408143237,High
-1.2090455104459439,1.2090455104459439,0.0,0.24308474742207503,1.1745858228896457,-0.46086646111912744,-0.9508230891531397,-0.6063890152695177,1.0066890377827438,Low
-2.5919407021324816,2.5919407021324816,0.0,1.401366580754707,1.637872368862422,-2.0706794490601905,-0.9508230891531397,-1.4729998598004577,1.0066890377827438,High
1.7543013288823512,-1.7543013288823512,0.0,-0.2202279859109778,-1.8367767259334,0.6889999588387746,1.3592427251159074,0.6703144610483849,-0.993355408143237,Medium
-1.2090455104459439,1.2090455104459439,0.0,0.7063974807551279,0.7112992769168694,-0.46086646111912744,-0.9508230891531397,-0.9507120740340431,-0.993355408143237,Low
0.5689625931510331,-0.5689625931510331,0.0,-1.8418225525766627,1.1745858228896457,0.4590266748471942,0.20420981798138385,-1.0513008327742415,-0.993355408143237,Medium
0.3714061371958135,-0.3714061371958135,0.0,-1.3785098192436098,0.9429425499032575,0.918973242830355,-0.4888099262993303,1.622038870667185,-0.993355408143237,High
0.7665190491062528,-0.7665190491062528,0.0,-0.2202279859109778,-0.6785603610014593,-0.46086646111912744,1.3592427251159074,0.07838830384644803,-0.993355408143237,High
0.7665190491062528,-0.7665190491062528,0.0,-0.45188435257750426,-0.44691708801507124,0.918973242830355,-0.026796763445520868,-1.5194254407574725,1.0066890377827438,High
-1.2090455104459439,1.2090455104459439,0.0,-0.6835407192440307,2.101158914835198,-0.46086646111912744,-0.9508230891531397,0.07838830384644803,1.0066890377827438,Low
0.3714061371958135,-0.3714061371958135,0.0,-1.3785098192436098,0.9429425499032575,0.6889999588387746,-0.25780334487242557,-0.9855312597518042,1.0066890377827438,Medium
-1.2090455104459439,1.2090455104459439,0.0,0.24308474742207503,1.1745858228896457,-0.0009198931359666289,-1.412836252006949,-1.5619822233014027,1.0066890377827438,High
-0.22126323066984552,0.22126323066984552,0.0,0.011428380755548613,0.24801273094409315,0.2290533908556138,-0.4888099262993303,-1.159627188340609,-0.993355408143237,Medium
0.7665190491062528,-0.7665190491062528,0.0,-0.45188435257750426,-0.44691708801507124,0.918973242830355,-0.026796763445520868,-0.38199870731061364,-0.993355408143237,Low
-0.8139325985355046,0.8139325985355046,0.0,-0.6835407192440307,1.637872368862422,-0.46086646111912744,-0.4888099262993303,-1.7206029582378695,-0.993355408143237,Medium
-2.7894971580877015,2.7894971580877015,0.0,1.1697102140881808,2.101158914835198,-1.1507863130938687,-2.105855996287663,-0.9971376549910579,-0.993355408143237,Medium
0.9640755050614725,-0.9640755050614725,0.0,-0.6835407192440307,-0.44691708801507124,0.6889999588387746,0.43521639940828855,-1.1751023819929474,1.0066890377827438,Low
-1.2090455104459439,1.2090455104459439,0.0,0.9380538474216543,0.47965600393048125,1.1489465268219354,-2.567869159141473,-0.9158928883162821,1.0066890377827438,High
0.5689625931510331,-0.5689625931510331,0.0,-0.6835407192440307,0.016369457957705016,0.918973242830355,-0.25780334487242557,-1.1054640105574252,-0.993355408143237,Low
-1.2090455104459439,1.2090455104459439,0.0,0.011428380755548613,1.4062290958760337,-0.23089317712754703,-1.1818296705800444,0.7979848086801753,-0.993355408143237,High
-1.0114890544907242,1.0114890544907242,0.0,0.4747411140886015,0.7112992769168694,-2.3006527330517708,1.1282361436890027,0.712871243592315,-0.993355408143237,Medium
-0.6163761425802848,0.6163761425802848,0.0,0.9380538474216543,-0.21527381502868312,0.2290533908556138,-0.9508230891531397,0.12094508639037817,-0.993355408143237,Low
2.1494142407927908,-2.1494142407927908,0.0,-0.6835407192440307,-1.8367767259334,0.4590266748471942,2.0522624693966214,0.5310377181773412,1.0066890377827438,Low
0.9640755050614725,-0.9640755050614725,0.0,-0.915197085910557,-0.21527381502868312,-2.0706794490601905,3.207295376531145,0.2911722165660987,-0.993355408143237,Low
0.5689625931510331,-0.5689625931510331,0.0,-0.2202279859109778,-0.44691708801507124,-0.0009198931359666289,0.6662229808351933,0.5387753150035104,-0.993355408143237,Low
-0.023706774714625855,0.023706774714625855,0.0,0.9380538474216543,-0.9102036339878475,-0.6908397451107079,0.6662229808351933,-0.11118281839469485,-0.993355408143237,Medium
0.3714061371958135,-0.3714061371958135,0.0,-1.3785098192436098,0.9429425499032575,-1.8407061650686098,2.283269050823526,1.5137125151008175,1.0066890377827438,Low
0.9640755050614725,-0.9640755050614725,0.0,-2.0734789192431893,0.9429425499032575,0.2290533908556138,0.8972295622620979,0.9449991483773885,-0.993355408143237,Low
-0.22126323066984552,0.22126323066984552,0.0,0.9380538474216543,-0.6785603610014593,-0.46086646111912744,0.20420981798138385,0.7709032197885833,1.0066890377827438,High
0.3714061371958135,-0.3714061371958135,0.0,-0.2202279859109778,-0.21527381502868312,0.2290533908556138,0.20420981798138385,-1.1325455994490172,1.0066890377827438,High
-1.6041584223563832,1.6041584223563832,0.0,1.1697102140881808,0.7112992769168694,-0.23089317712754703,-1.643842833433854,-0.2814099485704154,-0.993355408143237,Medium
1.359188416971912,-1.359188416971912,0.0,-0.915197085910557,-0.6785603610014593,0.6889999588387746,0.8972295622620979,1.5330565071662403,1.0066890377827438,High
-0.4188196866250652,0.4188196866250652,0.0,0.4747411140886015,0.016369457957705016,-0.46086646111912744,-0.026796763445520868,-0.8539921137069292,1.0066890377827438,Medium
0.3714061371958135,-0.3714061371958135,0.0,0.24308474742207503,-0.6785603610014593,-0.23089317712754703,0.6662229808351933,-1.1634959867536936,1.0066890377827438,Medium
-0.22126323066984552,0.22126323066984552,0.0,-0.2202279859109778,0.47965600393048125,-0.0009198931359666289,-0.25780334487242557,1.5137125151008175,1.0066890377827438,High
-1.6041584223563832,1.6041584223563832,0.0,-0.2202279859109778,2.101158914835198,-1.1507863130938687,-0.719816507726235,1.3628293769905202,1.0066890377827438,Low
1.359188416971912,-1.359188416971912,0.0,-0.45188435257750426,-1.1418469069742356,0.2290533908556138,1.3592427251159074,1.641382862732608,1.0066890377827438,Medium
-0.023706774714625855,0.023706774714625855,0.0,-1.3785098192436098,1.4062290958760337,-0.46086646111912744,0.43521639940828855,1.0378503102914174,1.0066890377827438,High
-0.4188196866250652,0.4188196866250652,0.0,-1.1468534525770835,1.637872368862422,-0.23089317712754703,-0.25780334487242557,-1.1751023819929474,1.0066890377827438,High
0.5689625931510331,-0.5689625931510331,0.0,0.011428380755548613,-0.6785603610014593,1.1489465268219354,-0.4888099262993303,-0.006725261241411801,1.0066890377827438,Low
0.17384968124059383,-0.17384968124059383,0.0,-0.45188435257750426,0.24801273094409315,-1.3807595970854492,1.590249306542812,-1.6703085788677703,-0.993355408143237,High
1.5567448729271316,-1.5567448729271316,0.0,-0.2202279859109778,-1.6051334529470118,0.6889999588387746,1.1282361436890027,0.21379624830440755,-0.993355408143237,High
1.9518577848375709,-1.9518577848375709,0.0,0.011428380755548613,-2.3000632719061764,-1.1507863130938687,3.43830195795805,0.001012335584757314,-0.993355408143237,Low
0.5689625931510331,-0.5689625931510331,0.0,0.011428380755548613,-0.6785603610014593,-0.9208130291022882,1.590249306542812,0.2292714419567458,-0.993355408143237,Low
0.7665190491062528,-0.7665190491062528,0.0,-0.45188435257750426,-0.44691708801507124,-0.23089317712754703,1.1282361436890027,1.2196838357063917,1.0066890377827438,Medium
-0.22126323066984552,0.22126323066984552,0.0,0.24308474742207503,0.016369457957705016,-0.23089317712754703,-0.026796763445520868,1.1113574801400241,1.0066890377827438,Low
0.3714061371958135,-0.3714061371958135,0.0,-0.6835407192440307,0.24801273094409315,1.1489465268219354,-0.719816507726235,0.7631656229624143,1.0066890377827438,Medium
-0.023706774714625855,0.023706774714625855,0.0,-0.45188435257750426,0.47965600393048125,-0.23089317712754703,0.20420981798138385,1.3550917801643512,-0.993355408143237,Low
0.17384968124059383,-0.17384968124059383,0.0,0.011428380755548613,-0.21527381502868312,0.6889999588387746,-0.4888099262993303,-0.440030683506882,-0.993355408143237,Low
-0.22126323066984552,0.22126323066984552,0.0,0.9380538474216543,-0.6785603610014593,0.4590266748471942,-0.719816507726235,1.5485317008185786,1.0066890377827438,Medium
-0.6163761425802848,0.6163761425802848,0.0,0.4747411140886015,0.24801273094409315,-0.46086646111912744,-0.25780334487242557,-0.4671122723984739,-0.993355408143237,High
0.5689625931510331,-0.5689625931510331,0.0,0.7063974807551279,-1.3734901799606238,-0.46086646111912744,1.1282361436890027,-0.7920913390975763,-0.993355408143237,Medium
-0.023706774714625855,0.023706774714625855,0.0,-0.45188435257750426,0.47965600393048125,-0.0009198931359666289,-0.026796763445520868,-1.5271630375836416,1.0066890377827438,Medium
1.359188416971912,-1.359188416971912,0.0,-0.45188435257750426,-1.1418469069742356,1.1489465268219354,0.43521639940828855,0.25635303084833766,1.0066890377827438,High
0.5689625931510331,-0.5689625931510331,0.0,-1.6101661859101364,0.9429425499032575,0.2290533908556138,0.43521639940828855,-0.7804849438583229,1.0066890377827438,High
-1.9992713342668227,1.9992713342668227,0.0,1.86467931408776,0.47965600393048125,-2.0706794490601905,-0.25780334487242557,1.389910965882112,-0.993355408143237,Low
-0.6163761425802848,0.6163761425802848,0.0,1.86467931408776,-1.1418469069742356,1.1489465268219354,-1.8748494148607586,1.4595493373176343,1.0066890377827438,Medium
-0.4188196866250652,0.4188196866250652,0.0,-0.6835407192440307,1.1745858228896457,-0.23089317712754703,-0.25780334487242557,0.9604743420297267,-0.993355408143237,High
1.7543013288823512,-1.7543013288823512,0.0,-1.1468534525770835,-0.9102036339878475,-0.23089317712754703,2.283269050823526,1.5485317008185786,1.0066890377827438,High
-0.6163761425802848,0.6163761425802848,0.0,0.9380538474216543,-0.21527381502868312,-0.0009198931359666289,-0.719816507726235,-0.5638322327255877,-0.993355408143237,Medium
0.9640755050614725,-0.9640755050614725,0.0,0.011428380755548613,-1.1418469069742356,1.6088930948050963,-0.4888099262993303,-0.05315084219842649,-0.993355408143237,Medium
-1.2090455104459439,1.2090455104459439,0.0,1.6330229474212337,-0.21527381502868312,-0.9208130291022882,-0.4888099262993303,-0.7611409517929001,1.0066890377827438,Low
0.9640755050614725,-0.9640755050614725,0.0,-0.2202279859109778,-0.9102036339878475,0.2290533908556138,0.8972295622620979,-0.21177157713489334,-0.993355408143237,Medium
-1.8017148783116028,1.8017148783116028,0.0,1.86467931408776,0.24801273094409315,-2.3006527330517708,0.20420981798138385,-0.7650097502059846,-0.993355408143237,Low
1.161631961016692,-1.161631961016692,0.0,-0.915197085910557,-0.44691708801507124,-0.0009198931359666289,1.3592427251159074,-1.0513008327742415,1.0066890377827438,Low
1.359188416971912,-1.359188416971912,0.0,-0.2202279859109778,-1.3734901799606238,0.2290533908556138,1.3592427251159074,-0.7804849438583229,1.0066890377827438,High
0.9640755050614725,-0.9640755050614725,0.0,0.4747411140886015,-1.6051334529470118,-0.46086646111912744,1.590249306542812,-1.3182479232770759,-0.993355408143237,High
-0.6163761425802848,0.6163761425802848,0.0,0.011428380755548613,0.7112992769168694,-0.6908397451107079,-0.026796763445520868,0.4072361689586354,-0.993355408143237,High
0.3714061371958135,-0.3714061371958135,0.0,-0.6835407192440307,0.24801273094409315,-0.6908397451107079,1.1282361436890027,-1.089988816905087,-0.993355408143237,High
0.5689625931510331,-0.5689625931510331,0.0,-0.45188435257750426,-0.21527381502868312,1.378919810813516,-0.719816507726235,1.0068999229867415,-0.993355408143237,Medium
1.5567448729271316,-1.5567448729271316,0.0,-0.915197085910557,-0.9102036339878475,-0.46086646111912744,2.283269050823526,0.6509704689829621,-0.993355408143237,High
-0.6163761425802848,0.6163761425802848,0.0,0.4747411140886015,0.24801273094409315,0.6889999588387746,-1.412836252006949,-1.1751023819929474,1.0066890377827438,Medium
0.17384968124059383,-0.17384968124059383,0.0,1.401366580754707,-1.6051334529470118,0.6889999588387746,-0.4888099262993303,1.1423078674447005,1.0066890377827438,High
-1.2090455104459439,1.2090455104459439,0.0,0.011428380755548613,1.4062290958760337,-1.6107328810770296,0.20420981798138385,0.5852008959605246,-0.993355408143237,High
0.7665190491062528,-0.7665190491062528,0.0,-1.1468534525770835,0.24801273094409315,-0.46086646111912744,1.3592427251159074,-1.6509645868023475,1.0066890377827438,High
-2.1968277902220423,2.1968277902220423,0.0,0.4747411140886015,2.101158914835198,-0.23089317712754703,-2.336862577714568,-1.620014199497671,-0.993355408143237,Low
0.3714061371958135,-0.3714061371958135,0.0,-1.3785098192436098,0.9429425499032575,-1.1507863130938687,1.590249306542812,1.4711557325568878,-0.993355408143237,High
0.9640755050614725,-0.9640755050614725,0.0,-1.6101661859101364,0.47965600393048125,0.2290533908556138,0.8972295622620979,-1.5116878439313033,1.0066890377827438,High
0.3714061371958135,-0.3714061371958135,0.0,-0.2202279859109778,-0.21527381502868312,-0.46086646111912744,0.8972295622620979,0.8908359705942046,-0.993355408143237,High
-0.023706774714625855,0.023706774714625855,0.0,0.7063974807551279,-0.6785603610014593,0.918973242830355,-0.9508230891531397,0.5697257023081864,1.0066890377827438,Low
1.9518577848375709,-1.9518577848375709,0.0,-2.0734789192431893,-0.21527381502868312,0.4590266748471942,1.821255887969717,-1.047432034361157,-0.993355408143237,High
1.359188416971912,-1.359188416971912,0.0,-0.6835407192440307,-0.9102036339878475,0.6889999588387746,0.8972295622620979,0.7244776388315687,1.0066890377827438,Low
0.5689625931510331,-0.5689625931510331,0.0,-1.3785098192436098,0.7112992769168694,1.378919810813516,-0.719816507726235,-0.11118281839469485,1.0066890377827438,Medium
0.3714061371958135,-0.3714061371958135,0.0,0.24308474742207503,-0.6785603610014593,0.6889999588387746,-0.25780334487242557,-0.4671122723984739,1.0066890377827438,Low
-1.9992713342668227,1.9992713342668227,0.0,-0.915197085910557,3.2593752797671387,-0.6908397451107079,-1.643842833433854,-1.2602159470808076,-0.993355408143237,Low
1.9518577848375709,-1.9518577848375709,0.0,-3.000104385909295,0.7112992769168694,2.2988129467798375,-0.026796763445520868,0.05517551336794112,1.0066890377827438,Medium
-0.22126323066984552,0.22126323066984552,0.0,0.4747411140886015,-0.21527381502868312,0.4590266748471942,-0.719816507726235,-0.9545808724471277,-0.993355408143237,High
0.3714061371958135,-0.3714061371958135,0.0,0.4747411140886015,-0.9102036339878475,-0.0009198931359666289,0.43521639940828855,0.3801545800670435,1.0066890377827438,Low
1.161631961016692,-1.161631961016692,0.0,-1.3785098192436098,0.016369457957705016,2.0688396627882573,-0.719816507726235,-1.5465070296490644,-0.993355408143237,Low
0.5689625931510331,-0.5689625931510331,0.0,-0.6835407192440307,0.016369457957705016,-0.0009198931359666289,0.6662229808351933,0.3801545800670435,1.0066890377827438,Low
-0.8139325985355046,0.8139325985355046,0.0,0.9380538474216543,0.016369457957705016,-0.0009198931359666289,-0.9508230891531397,1.6336452659064389,-0.993355408143237,High
-0.22126323066984552,0.22126323066984552,0.0,-0.45188435257750426,0.7112992769168694,0.4590266748471942,-0.719816507726235,-0.8462545168807601,-0.993355408143237,Low
0.17384968124059383,-0.17384968124059383,0.0,0.011428380755548613,-0.21527381502868312,-0.46086646111912744,0.6662229808351933,1.010768721399826,1.0066890377827438,High
1.359188416971912,-1.359188416971912,0.0,-0.45188435257750426,-1.1418469069742356,0.4590266748471942,1.1282361436890027,0.9566055436166422,1.0066890377827438,Medium
0.3714061371958135,-0.3714061371958135,0.0,-0.2202279859109778,-0.21527381502868312,1.1489465268219354,-0.719816507726235,-1.2447407534284693,1.0066890377827438,Low
-0.22126323066984552,0.22126323066984552,0.0,0.4747411140886015,-0.21527381502868312,-0.46086646111912744,0.20420981798138385,-1.3569359074079212,-0.993355408143237,Low
-0.4188196866250652,0.4188196866250652,0.0,-0.915197085910557,1.4062290958760337,0.6889999588387746,-1.1818296705800444,-0.4709810708115585,1.0066890377827438,Low
-0.4188196866250652,0.4188196866250652,0.0,1.86467931408776,-1.3734901799606238,-1.1507863130938687,0.6662229808351933,1.3396165865120129,-0.993355408143237,Medium
0.17384968124059383,-0.17384968124059383,0.0,0.24308474742207503,-0.44691708801507124,-1.6107328810770296,1.821255887969717,-1.2756911407331457,-0.993355408143237,Medium
-0.8139325985355046,0.8139325985355046,0.0,-0.2202279859109778,1.1745858228896457,-1.3807595970854492,0.43521639940828855,-1.6509645868023475,1.0066890377827438,High
1.7543013288823512,-1.7543013288823512,0.0,-1.3785098192436098,-0.6785603610014593,2.0688396627882573,-0.026796763445520868,-0.07636363267693383,1.0066890377827438,High
-0.023706774714625855,0.023706774714625855,0.0,-0.2202279859109778,0.24801273094409315,-1.1507863130938687,1.1282361436890027,-1.0977264137312561,1.0066890377827438,High
-0.6163761425802848,0.6163761425802848,0.0,0.24308474742207503,0.47965600393048125,0.4590266748471942,-1.1818296705800444,-0.7495345565536464,-0.993355408143237,Low
0.5689625931510331,-0.5689625931510331,0.0,-0.915197085910557,0.24801273094409315,2.5287862307714177,-1.8748494148607586,0.3569417895885362,-0.993355408143237,Low
0.3714061371958135,-0.3714061371958135,0.0,-1.3785098192436098,0.9429425499032575,0.4590266748471942,-0.026796763445520868,0.36467938641470526,-0.993355408143237,High
0.5689625931510331,-0.5689625931510331,0.0,-0.2202279859109778,-0.44691708801507124,-0.23089317712754703,0.8972295622620979,0.6393640737437084,-0.993355408143237,High
-1.4066019664011635,1.4066019664011635,0.0,1.86467931408776,-0.21527381502868312,-0.9208130291022882,-0.719816507726235,1.084275891248432,1.0066890377827438,Medium
-0.22126323066984552,0.22126323066984552,0.0,0.9380538474216543,-0.6785603610014593,0.4590266748471942,-0.719816507726235,-1.4149678836041897,1.0066890377827438,Low
0.17384968124059383,-0.17384968124059383,0.0,0.011428380755548613,-0.21527381502868312,-0.0009198931359666289,0.20420981798138385,1.0494567055306712,-0.993355408143237,Medium
-0.4188196866250652,0.4188196866250652,0.0,0.24308474742207503,0.24801273094409315,1.1489465268219354,-1.643842833433854,0.5039561292857494,-0.993355408143237,High
-0.023706774714625855,0.023706774714625855,0.0,1.401366580754707,-1.3734901799606238,1.1489465268219354,-1.1818296705800444,-0.3239667311143453,-0.993355408143237,Low
0.5689625931510331,-0.5689625931510331,0.0,0.24308474742207503,-0.9102036339878475,0.4590266748471942,0.20420981798138385,1.3241413928596746,1.0066890377827438,Low
0.3714061371958135,-0.3714061371958135,0.0,0.4747411140886015,-0.9102036339878475,0.918973242830355,-0.4888099262993303,-0.153739600938625,1.0066890377827438,High
2.1494142407927908,-2.1494142407927908,0.0,-1.6101661859101364,-0.9102036339878475,1.378919810813516,1.1282361436890027,-0.6721585882919553,1.0066890377827438,Medium
0.17384968124059383,-0.17384968124059383,0.0,-1.3785098192436098,1.1745858228896457,-0.23089317712754703,0.43521639940828855,1.614301273841016,-0.993355408143237,High
-0.023706774714625855,0.023706774714625855,0.0,0.4747411140886015,-0.44691708801507124,0.6889999588387746,-0.719816507726235,0.1905834578259002,-0.993355408143237,High
0.5689625931510331,-0.5689625931510331,0.0,-0.915197085910557,0.24801273094409315,-0.23089317712754703,0.8972295622620979,-1.0242192438826498,1.0066890377827438,Medium
-0.4188196866250652,0.4188196866250652,0.0,0.9380538474216543,-0.44691708801507124,0.918973242830355,-1.412836252006949,-1.3569359074079212,-0.993355408143237,Low
-0.22126323066984552,0.22126323066984552,0.0,0.9380538474216543,-0.6785603610014593,-1.6107328810770296,1.3592427251159074,-0.9894000581648887,1.0066890377827438,High
-0.8139325985355046,0.8139325985355046,0.0,1.86467931408776,-0.9102036339878475,1.6088930948050963,-2.567869159141473,0.6896584531138077,-0.993355408143237,Medium
0.3714061371958135,-0.3714061371958135,0.0,0.011428380755548613,-0.44691708801507124,-0.23089317712754703,0.6662229808351933,-1.6122766026715019,-0.993355408143237,Medium
1.359188416971912,-1.359188416971912,0.0,0.4747411140886015,-2.0684199989197882,0.6889999588387746,0.8972295622620979,-0.3239667311143453,-0.993355408143237,Medium
2.54452715270323,-2.54452715270323,0.0,0.011428380755548613,-2.9949930908653406,0.6889999588387746,2.283269050823526,-0.5793074263779259,-0.993355408143237,High
-0.8139325985355046,0.8139325985355046,0.0,2.0963356807542866,-1.1418469069742356,-0.9208130291022882,-0.026796763445520868,0.2292714419567458,1.0066890377827438,Medium
-0.4188196866250652,0.4188196866250652,0.0,1.1697102140881808,-0.6785603610014593,-0.46086646111912744,-0.026796763445520868,-1.5542446264752334,-0.993355408143237,Medium
-0.6163761425802848,0.6163761425802848,0.0,-0.2202279859109778,0.9429425499032575,-0.46086646111912744,-0.25780334487242557,-0.838516920054591,1.0066890377827438,High
-0.22126323066984552,0.22126323066984552,0.0,0.24308474742207503,0.016369457957705016,0.4590266748471942,-0.719816507726235,-1.1441519946882708,1.0066890377827438,High
-0.4188196866250652,0.4188196866250652,0.0,0.011428380755548613,0.47965600393048125,-0.6908397451107079,0.20420981798138385,1.5407941039924093,1.0066890377827438,High
-0.023706774714625855,0.023706774714625855,0.0,0.4747411140886015,-0.44691708801507124,-0.0009198931359666289,-0.026796763445520868,-0.19242758506947055,-0.993355408143237,Medium
-0.6163761425802848,0.6163761425802848,0.0,-2.305135285909716,3.0277320067807505,0.2290533908556138,-0.9508230891531397,-1.2447407534284693,1.0066890377827438,Medium
-1.6041584223563832,1.6041584223563832,0.0,-0.45188435257750426,2.3328021878215863,-0.0009198931359666289,-1.8748494148607586,-0.71858416924897,1.0066890377827438,Medium
0.7665190491062528,-0.7665190491062528,0.0,-0.915197085910557,0.016369457957705016,0.4590266748471942,0.43521639940828855,0.9179175594857966,-0.993355408143237,Medium
1.359188416971912,-1.359188416971912,0.0,-0.45188435257750426,-1.1418469069742356,1.8388663787966766,-0.25780334487242557,-1.1828399788191164,1.0066890377827438,Medium
0.3714061371958135,-0.3714061371958135,0.0,0.4747411140886015,-0.9102036339878475,0.2290533908556138,0.20420981798138385,-1.689652570933193,1.0066890377827438,Medium
-1.9992713342668227,1.9992713342668227,0.0,2.5596484140873392,-0.21527381502868312,-2.3006527330517708,-0.026796763445520868,1.4982373214484797,-0.993355408143237,Medium
-0.22126323066984552,0.22126323066984552,0.0,1.401366580754707,-1.1418469069742356,-0.46086646111912744,0.20420981798138385,-0.4438994819199666,-0.993355408143237,High
-0.8139325985355046,0.8139325985355046,0.0,-0.6835407192440307,1.637872368862422,-0.23089317712754703,-0.719816507726235,-1.1905775756452854,-0.993355408143237,Low
-0.22126323066984552,0.22126323066984552,0.0,-0.45188435257750426,0.7112992769168694,-0.46086646111912744,0.20420981798138385,1.1693894563362923,-0.993355408143237,Medium
0.17384968124059383,-0.17384968124059383,0.0,-1.6101661859101364,1.4062290958760337,0.918973242830355,-0.719816507726235,0.5349065165904258,-0.993355408143237,Medium
1.161631961016692,-1.161631961016692,0.0,0.7063974807551279,-2.0684199989197882,0.918973242830355,0.43521639940828855,0.712871243592315,1.0066890377827438,Low
1.161631961016692,-1.161631961016692,0.0,-2.536791652576242,1.1745858228896457,2.0688396627882573,-0.719816507726235,0.2911722165660987,-0.993355408143237,High
-0.22126323066984552,0.22126323066984552,0.0,0.011428380755548613,0.24801273094409315,0.4590266748471942,-0.719816507726235,-0.018331656480665474,-0.993355408143237,Medium
-0.22126323066984552,0.22126323066984552,0.0,-0.6835407192440307,0.9429425499032575,-0.9208130291022882,0.6662229808351933,-1.2137903661237928,1.0066890377827438,High
0.17384968124059383,-0.17384968124059383,0.0,1.1697102140881808,-1.3734901799606238,0.4590266748471942,-0.25780334487242557,0.9333927531381347,1.0066890377827438,High
-0.22126323066984552,0.22126323066984552,0.0,-0.6835407192440307,0.9429425499032575,0.2290533908556138,-0.4888099262993303,-0.6760273867050398,1.0066890377827438,High
-1.6041584223563832,1.6041584223563832,0.0,-0.6835407192440307,2.5644454608079745,-0.6908397451107079,-1.1818296705800444,1.738102823059722,1.0066890377827438,High
0.3714061371958135,-0.3714061371958135,0.0,-1.1468534525770835,0.7112992769168694,-0.46086646111912744,0.8972295622620979,-0.7534033549667309,-0.993355408143237,Medium
0.3714061371958135,-0.3714061371958135,0.0,-0.915197085910557,0.47965600393048125,1.8388663787966766,-1.412836252006949,0.6896584531138077,1.0066890377827438,Medium
1.7543013288823512,-1.7543013288823512,0.0,-1.1468534525770835,-0.9102036339878475,-0.0009198931359666289,2.0522624693966214,0.1905834578259002,-0.993355408143237,Low
-0.4188196866250652,0.4188196866250652,0.0,0.4747411140886015,0.016369457957705016,-0.6908397451107079,0.20420981798138385,-0.12278921363394853,1.0066890377827438,High
0.3714061371958135,-0.3714061371958135,0.0,0.9380538474216543,-1.3734901799606238,0.4590266748471942,-0.026796763445520868,-1.2679535439069767,1.0066890377827438,High
-1.2090455104459439,1.2090455104459439,0.0,-0.2202279859109778,1.637872368862422,-0.23089317712754703,-1.1818296705800444,1.3396165865120129,-0.993355408143237,Medium
0.3714061371958135,-0.3714061371958135,0.0,0.4747411140886015,-0.9102036339878475,-0.0009198931359666289,0.43521639940828855,0.12094508639037817,-0.993355408143237,Medium
-1.6041584223563832,1.6041584223563832,0.0,0.9380538474216543,0.9429425499032575,-1.3807595970854492,-0.4888099262993303,1.041719108704502,-0.993355408143237,High
0.3714061371958135,-0.3714061371958135,0.0,-1.1468534525770835,0.7112992769168694,-0.46086646111912744,0.8972295622620979,-0.7031089755966317,-0.993355408143237,Medium
-0.22126323066984552,0.22126323066984552,0.0,0.7063974807551279,-0.44691708801507124,-0.0009198931359666289,-0.25780334487242557,-0.5793074263779259,-0.993355408143237,Medium
-0.023706774714625855,0.023706774714625855,0.0,0.7063974807551279,-0.6785603610014593,-1.1507863130938687,1.1282361436890027,-0.033806850133003705,-0.993355408143237,Low
0.3714061371958135,-0.3714061371958135,0.0,0.7063974807551279,-1.1418469069742356,-0.6908397451107079,1.1282361436890027,1.0533255039437557,-0.993355408143237,Low
-1.6041584223563832,1.6041584223563832,0.0,0.9380538474216543,0.9429425499032575,-1.1507863130938687,-0.719816507726235,1.4827621277961416,-0.993355408143237,High
1.161631961016692,-1.161631961016692,0.0,-0.2202279859109778,-1.1418469069742356,0.2290533908556138,1.1282361436890027,1.215815037293307,1.0066890377827438,Medium
0.9640755050614725,-0.9640755050614725,0.0,-0.45188435257750426,-0.6785603610014593,0.4590266748471942,0.6662229808351933,0.8289351959848518,1.0066890377827438,High
0.9640755050614725,-0.9640755050614725,0.0,-0.45188435257750426,-0.6785603610014593,0.4590266748471942,0.6662229808351933,-0.3084915374620071,1.0066890377827438,High
0.17384968124059383,-0.17384968124059383,0.0,-0.2202279859109778,0.016369457957705016,0.4590266748471942,-0.25780334487242557,-1.0938576153181716,1.0066890377827438,Low
-0.023706774714625855,0.023706774714625855,0.0,-1.1468534525770835,1.1745858228896457,0.2290533908556138,-0.25780334487242557,0.8869671721811201,1.0066890377827438,Low
-1.2090455104459439,1.2090455104459439,0.0,-0.2202279859109778,1.637872368862422,-1.3807595970854492,-0.026796763445520868,-0.1808211898302169,-0.993355408143237,Medium
1.161631961016692,-1.161631961016692,0.0,-0.6835407192440307,-0.6785603610014593,0.2290533908556138,1.1282361436890027,-1.2872975359723995,1.0066890377827438,Medium
0.7665190491062528,-0.7665190491062528,0.0,0.4747411140886015,-1.3734901799606238,-1.3807595970854492,2.283269050823526,0.2989098133922678,-0.993355408143237,Low
-0.6163761425802848,0.6163761425802848,0.0,0.9380538474216543,-0.21527381502868312,-1.1507863130938687,0.43521639940828855,-0.7920913390975763,-0.993355408143237,Low
-0.8139325985355046,0.8139325985355046,0.0,0.7063974807551279,0.24801273094409315,-0.0009198931359666289,-0.9508230891531397,0.22153384513057667,1.0066890377827438,High
0.17384968124059383,-0.17384968124059383,0.0,1.401366580754707,-1.6051334529470118,1.1489465268219354,-0.9508230891531397,-1.4923438518658805,-0.993355408143237,Low
-0.22126323066984552,0.22126323066984552,0.0,0.4747411140886015,-0.21527381502868312,0.918973242830355,-1.1818296705800444,0.7979848086801753,-0.993355408143237,Low
-0.8139325985355046,0.8139325985355046,0.0,-0.6835407192440307,1.637872368862422,-0.46086646111912744,-0.4888099262993303,-1.159627188340609,1.0066890377827438,Low
-1.9992713342668227,1.9992713342668227,0.0,0.7063974807551279,1.637872368862422,-1.6107328810770296,-0.719816507726235,1.641382862732608,1.0066890377827438,High
0.7665190491062528,-0.7665190491062528,0.0,-0.6835407192440307,-0.21527381502868312,-0.6908397451107079,1.590249306542812,-1.1015952121443406,1.0066890377827438,High
0.5689625931510331,-0.5689625931510331,0.0,0.4747411140886015,-1.1418469069742356,0.2290533908556138,0.43521639940828855,-0.4245554898545438,-0.993355408143237,Medium
1.359188416971912,-1.359188416971912,0.0,-1.6101661859101364,0.016369457957705016,0.6889999588387746,0.8972295622620979,-0.900417694663944,1.0066890377827438,Medium
-1.8017148783116028,1.8017148783116028,0.0,0.011428380755548613,2.101158914835198,0.2290533908556138,-2.336862577714568,1.347354183338182,-0.993355408143237,Medium
0.3714061371958135,-0.3714061371958135,0.0,0.011428380755548613,-0.44691708801507124,0.2290533908556138,0.20420981798138385,0.10546989273803993,-0.993355408143237,High
0.17384968124059383,-0.17384968124059383,0.0,-0.915197085910557,0.7112992769168694,-0.9208130291022882,1.1282361436890027,1.6336452659064389,-0.993355408143237,High
-1.0114890544907242,1.0114890544907242,0.0,0.7063974807551279,0.47965600393048125,-0.9208130291022882,-0.25780334487242557,-0.2543283596788235,1.0066890377827438,High
-0.023706774714625855,0.023706774714625855,0.0,-0.6835407192440307,0.7112992769168694,-0.6908397451107079,0.6662229808351933,-0.9352368803817049,1.0066890377827438,High
0.5689625931510331,-0.5689625931510331,0.0,-1.6101661859101364,0.9429425499032575,0.2290533908556138,0.43521639940828855,1.0649318991830092,1.0066890377827438,Low
-1.4066019664011635,1.4066019664011635,0.0,0.9380538474216543,0.7112992769168694,-1.6107328810770296,-0.026796763445520868,1.0223751166390795,-0.993355408143237,Low
0.17384968124059383,-0.17384968124059383,0.0,0.24308474742207503,-0.44691708801507124,0.918973242830355,-0.719816507726235,1.3666981754036047,1.0066890377827438,Low
-0.023706774714625855,0.023706774714625855,0.0,-0.45188435257750426,0.47965600393048125,-0.0009198931359666289,-0.026796763445520868,-0.8578609121200138,-0.993355408143237,Low
1.359188416971912,-1.359188416971912,0.0,-1.6101661859101364,0.016369457957705016,0.918973242830355,0.6662229808351933,1.2931910055549982,1.0066890377827438,Medium
-0.8139325985355046,0.8139325985355046,0.0,-1.1468534525770835,2.101158914835198,0.2290533908556138,-1.1818296705800444,-0.4709810708115585,-0.993355408143237,High
-0.4188196866250652,0.4188196866250652,0.0,0.7063974807551279,-0.21527381502868312,-0.6908397451107079,0.20420981798138385,-1.325985520103245,1.0066890377827438,High
1.161631961016692,-1.161631961016692,0.0,-0.45188435257750426,-0.9102036339878475,2.0688396627882573,-0.719816507726235,-0.03767564854608826,1.0066890377827438,High
0.7665190491062528,-0.7665190491062528,0.0,0.011428380755548613,-0.9102036339878475,-0.46086646111912744,1.3592427251159074,-0.474849869224643,-0.993355408143237,Medium
0.3714061371958135,-0.3714061371958135,0.0,-0.6835407192440307,0.24801273094409315,-0.23089317712754703,0.6662229808351933,1.5910884833625087,-0.993355408143237,Medium
0.5689625931510331,-0.5689625931510331,0.0,0.24308474742207503,-0.9102036339878475,-0.23089317712754703,0.8972295622620979,-1.523294239170557,-0.993355408143237,Low
-1.8017148783116028,1.8017148783116028,0.0,2.3279920474208127,-0.21527381502868312,-0.6908397451107079,-1.412836252006949,0.8947047690072892,1.0066890377827438,Low
0.17384968124059383,-0.17384968124059383,0.0,0.7063974807551279,-0.9102036339878475,-0.23089317712754703,0.43521639940828855,-0.38199870731061364,-0.993355408143237,High
0.7665190491062528,-0.7665190491062528,0.0,0.4747411140886015,-1.3734901799606238,-0.6908397451107079,1.590249306542812,0.031962722889433776,1.0066890377827438,High
-0.023706774714625855,0.023706774714625855,0.0,-1.1468534525770835,1.1745858228896457,-0.6908397451107079,0.6662229808351933,1.4943685230353951,-0.993355408143237,High
-0.023706774714625855,0.023706774714625855,0.0,-0.915197085910557,0.9429425499032575,-0.46086646111912744,0.43521639940828855,-1.5658510217144872,-0.993355408143237,High
1.161631961016692,-1.161631961016692,0.0,-1.1468534525770835,-0.21527381502868312,-0.9208130291022882,2.283269050823526,1.1577830610970388,1.0066890377827438,Low
0.5689625931510331,-0.5689625931510331,0.0,-1.3785098192436098,0.7112992769168694,-0.9208130291022882,1.590249306542812,-0.2891475453965845,-0.993355408143237,High
1.5567448729271316,-1.5567448729271316,0.0,-0.6835407192440307,-1.1418469069742356,0.4590266748471942,1.3592427251159074,-1.1828399788191164,1.0066890377827438,Medium
-0.22126323066984552,0.22126323066984552,0.0,0.011428380755548613,0.24801273094409315,0.918973242830355,-1.1818296705800444,-0.7650097502059846,1.0066890377827438,High
-1.6041584223563832,1.6041584223563832,0.0,0.9380538474216543,0.9429425499032575,-0.23089317712754703,-1.643842833433854,-1.0242192438826498,-0.993355408143237,High
-0.6163761425802848,0.6163761425802848,0.0,-0.45188435257750426,1.1745858228896457,-0.0009198931359666289,-0.719816507726235,-1.3453295121686677,1.0066890377827438,Low
1.161631961016692,-1.161631961016692,0.0,0.011428380755548613,-1.3734901799606238,-0.46086646111912744,1.821255887969717,-0.3626547152451909,-0.993355408143237,Low
0.17384968124059383,-0.17384968124059383,0.0,-0.2202279859109778,0.016369457957705016,-0.0009198931359666289,0.20420981798138385,-1.2021839708845392,-0.993355408143237,Medium
-0.22126323066984552,0.22126323066984552,0.0,-1.3785098192436098,1.637872368862422,-0.6908397451107079,0.43521639940828855,-1.4768686582135424,1.0066890377827438,High
-0.023706774714625855,0.023706774714625855,0.0,-0.915197085910557,0.9429425499032575,-0.23089317712754703,0.20420981798138385,0.20218985306515386,-0.993355408143237,High
-1.9992713342668227,1.9992713342668227,0.0,0.7063974807551279,1.637872368862422,-0.9208130291022882,-1.412836252006949,-0.7417969597274773,1.0066890377827438,Low
-0.6163761425802848,0.6163761425802848,0.0,1.6330229474212337,-0.9102036339878475,-0.0009198931359666289,-0.719816507726235,0.20992744989132298,-0.993355408143237,Low
0.17384968124059383,-0.17384968124059383,0.0,0.4747411140886015,-0.6785603610014593,0.6889999588387746,-0.4888099262993303,-1.333723116929414,1.0066890377827438,Low
-0.22126323066984552,0.22126323066984552,0.0,-1.1468534525770835,1.4062290958760337,0.2290533908556138,-0.4888099262993303,-0.7031089755966317,1.0066890377827438,High
1.161631961016692,-1.161631961016692,0.0,-1.3785098192436098,0.016369457957705016,-0.9208130291022882,2.283269050823526,0.6664456626353004,1.0066890377827438,High
-0.6163761425802848,0.6163761425802848,0.0,-1.1468534525770835,1.8695156418488101,1.378919810813516,-2.105855996287663,1.1229638753792777,1.0066890377827438,Low
0.3714061371958135,-0.3714061371958135,0.0,0.011428380755548613,-0.44691708801507124,-0.46086646111912744,0.8972295622620979,-1.0319568407088187,1.0066890377827438,High
2.1494142407927908,-2.1494142407927908,0.0,-0.6835407192440307,-1.8367767259334,1.1489465268219354,1.3592427251159074,1.0455879071175864,1.0066890377827438,Low
0.5689625931510331,-0.5689625931510331,0.0,-0.45188435257750426,-0.21527381502868312,1.1489465268219354,-0.4888099262993303,0.809591203919429,1.0066890377827438,High
-1.6041584223563832,1.6041584223563832,0.0,0.7063974807551279,1.1745858228896457,-1.6107328810770296,-0.25780334487242557,0.4923497340464957,1.0066890377827438,High
0.7665190491062528,-0.7665190491062528,0.0,-0.2202279859109778,-0.6785603610014593,-0.9208130291022882,1.821255887969717,-0.8617297105330983,-0.993355408143237,Low
1.359188416971912,-1.359188416971912,0.0,-1.1468534525770835,-0.44691708801507124,1.6088930948050963,-0.026796763445520868,1.2390278277718143,1.0066890377827438,High
0.7665190491062528,-0.7665190491062528,0.0,0.9380538474216543,-1.8367767259334,-0.0009198931359666289,0.8972295622620979,-1.2872975359723995,1.0066890377827438,High
-0.4188196866250652,0.4188196866250652,0.0,-0.45188435257750426,0.9429425499032575,-0.46086646111912744,-0.026796763445520868,-0.6992401771835471,1.0066890377827438,High
0.7665190491062528,-0.7665190491062528,0.0,-2.0734789192431893,1.1745858228896457,-0.46086646111912744,1.3592427251159074,1.7497092182989755,1.0066890377827438,Medium
-1.9992713342668227,1.9992713342668227,0.0,0.7063974807551279,1.637872368862422,-1.1507863130938687,-1.1818296705800444,0.9604743420297267,-0.993355408143237,Medium
-0.6163761425802848,0.6163761425802848,0.0,0.011428380755548613,0.7112992769168694,1.1489465268219354,-1.8748494148607586,-1.15188959151444,1.0066890377827438,Medium
0.17384968124059383,-0.17384968124059383,0.0,-0.6835407192440307,0.47965600393048125,-0.23089317712754703,0.43521639940828855,1.2042086420540534,-0.993355408143237,Low
2.1494142407927908,-2.1494142407927908,0.0,-2.0734789192431893,-0.44691708801507124,1.6088930948050963,0.8972295622620979,1.2119462388802225,1.0066890377827438,High
-0.22126323066984552,0.22126323066984552,0.0,-0.2202279859109778,0.47965600393048125,-0.9208130291022882,0.6662229808351933,0.26022182926142223,-0.993355408143237,Medium
-1.2090455104459439,1.2090455104459439,0.0,1.401366580754707,0.016369457957705016,0.2290533908556138,-1.643842833433854,-1.089988816905087,-0.993355408143237,Low
0.9640755050614725,-0.9640755050614725,0.0,-1.3785098192436098,0.24801273094409315,-1.1507863130938687,2.283269050823526,-0.7920913390975763,-0.993355408143237,High
0.3714061371958135,-0.3714061371958135,0.0,-0.6835407192440307,0.24801273094409315,0.6889999588387746,-0.25780334487242557,-1.0667760264265798,-0.993355408143237,High
-0.22126323066984552,0.22126323066984552,0.0,-0.45188435257750426,0.7112992769168694,-0.0009198931359666289,-0.25780334487242557,1.1152262785531086,-0.993355408143237,High
-1.6041584223563832,1.6041584223563832,0.0,2.791304780753866,-0.9102036339878475,-0.9208130291022882,-0.9508230891531397,-0.6953713787704626,-0.993355408143237,Low
-1.0114890544907242,1.0114890544907242,0.0,1.401366580754707,-0.21527381502868312,-0.9208130291022882,-0.25780334487242557,1.691677242102707,1.0066890377827438,Medium
-0.6163761425802848,0.6163761425802848,0.0,1.401366580754707,-0.6785603610014593,-0.0009198931359666289,-0.719816507726235,-0.5793074263779259,-0.993355408143237,Low
0.17384968124059383,-0.17384968124059383,0.0,0.011428380755548613,-0.21527381502868312,0.4590266748471942,-0.25780334487242557,-0.35491711841902174,1.0066890377827438,High
1.161631961016692,-1.161631961016692,0.0,0.7063974807551279,-2.0684199989197882,0.4590266748471942,0.8972295622620979,1.676202048450369,-0.993355408143237,High
-0.8139325985355046,0.8139325985355046,0.0,0.7063974807551279,0.24801273094409315,-1.8407061650686098,0.8972295622620979,0.5233001213511721,1.0066890377827438,High
-0.023706774714625855,0.023706774714625855,0.0,0.24308474742207503,-0.21527381502868312,-1.1507863130938687,1.1282361436890027,-0.5174066517685731,-0.993355408143237,Low
-0.22126323066984552,0.22126323066984552,0.0,-1.3785098192436098,1.637872368862422,-0.46086646111912744,0.20420981798138385,-1.004875251817227,1.0066890377827438,High
0.7665190491062528,-0.7665190491062528,0.0,0.4747411140886015,-1.3734901799606238,1.1489465268219354,-0.25780334487242557,0.7051336467661459,-0.993355408143237,Medium
-0.6163761425802848,0.6163761425802848,0.0,0.7063974807551279,0.016369457957705016,-1.1507863130938687,0.43521639940828855,-0.20403398030872422,1.0066890377827438,Medium
0.7665190491062528,-0.7665190491062528,0.0,-0.915197085910557,0.016369457957705016,0.2290533908556138,0.6662229808351933,1.1229638753792777,-0.993355408143237,Low
-0.22126323066984552,0.22126323066984552,0.0,0.7063974807551279,-0.44691708801507124,-0.46086646111912744,0.20420981798138385,-1.6857837725201084,1.0066890377827438,Medium
0.17384968124059383,-0.17384968124059383,0.0,-0.915197085910557,0.7112992769168694,0.2290533908556138,-0.026796763445520868,-1.4613934645612041,-0.993355408143237,High
0.3714061371958135,-0.3714061371958135,0.0,-1.1468534525770835,0.7112992769168694,-1.3807595970854492,1.821255887969717,0.5155625245250031,1.0066890377827438,Low
-0.8139325985355046,0.8139325985355046,0.0,-0.6835407192440307,1.637872368862422,-0.6908397451107079,-0.25780334487242557,-0.30075394063583816,1.0066890377827438,High
0.17384968124059383,-0.17384968124059383,0.0,-0.2202279859109778,0.016369457957705016,1.1489465268219354,-0.9508230891531397,0.747690429310076,1.0066890377827438,Medium
0.3714061371958135,-0.3714061371958135,0.0,-1.6101661859101364,1.1745858228896457,-1.3807595970854492,1.821255887969717,0.3298602006969443,-0.993355408143237,Low
-0.6163761425802848,0.6163761425802848,0.0,0.24308474742207503,0.47965600393048125,-0.46086646111912744,-0.25780334487242557,0.1364202800427164,1.0066890377827438,Medium
0.17384968124059383,-0.17384968124059383,0.0,-0.6835407192440307,0.47965600393048125,-0.6908397451107079,0.8972295622620979,-0.5560946358994185,1.0066890377827438,High
-0.6163761425802848,0.6163761425802848,0.0,0.4747411140886015,0.24801273094409315,-2.530626017043351,1.821255887969717,0.49621853245958025,1.0066890377827438,High
-2.1968277902220423,2.1968277902220423,0.0,0.24308474742207503,2.3328021878215863,-1.8407061650686098,-0.719816507726235,0.4381865562633119,1.0066890377827438,Medium
-0.4188196866250652,0.4188196866250652,0.0,-0.915197085910557,1.4062290958760337,-0.9208130291022882,0.43521639940828855,0.09386349749878627,-0.993355408143237,High
-0.22126323066984552,0.22126323066984552,0.0,1.401366580754707,-1.1418469069742356,1.1489465268219354,-1.412836252006949,0.9798183340951495,1.0066890377827438,Medium
-0.4188196866250652,0.4188196866250652,0.0,0.7063974807551279,-0.21527381502868312,0.918973242830355,-1.412836252006949,0.7360840340708223,-0.993355408143237,High
-0.023706774714625855,0.023706774714625855,0.0,-0.2202279859109778,0.24801273094409315,0.6889999588387746,-0.719816507726235,0.15576427210813917,1.0066890377827438,High
-1.2090455104459439,1.2090455104459439,0.0,0.9380538474216543,0.47965600393048125,-0.6908397451107079,-0.719816507726235,-1.1364143978621017,-0.993355408143237,Medium
1.359188416971912,-1.359188416971912,0.0,-1.6101661859101364,0.016369457957705016,0.2290533908556138,1.3592427251159074,0.7786408166147525,-0.993355408143237,Medium
1.161631961016692,-1.161631961016692,0.0,-0.45188435257750426,-0.9102036339878475,1.6088930948050963,-0.25780334487242557,-0.7727473470321538,-0.993355408143237,Low
1.9518577848375709,-1.9518577848375709,0.0,-0.45188435257750426,-1.8367767259334,1.8388663787966766,0.43521639940828855,0.44592415308948097,1.0066890377827438,High
0.5689625931510331,-0.5689625931510331,0.0,-0.2202279859109778,-0.44691708801507124,-0.46086646111912744,1.1282361436890027,-1.5697198201275717,1.0066890377827438,High
0.9640755050614725,-0.9640755050614725,0.0,-2.0734789192431893,0.9429425499032575,1.1489465268219354,-0.026796763445520868,-1.0164816470564806,1.0066890377827438,Low
0.7665190491062528,-0.7665190491062528,0.0,0.4747411140886015,-1.3734901799606238,0.6889999588387746,0.20420981798138385,1.2545030214241526,-0.993355408143237,High
-0.22126323066984552,0.22126323066984552,0.0,-0.915197085910557,1.1745858228896457,-0.0009198931359666289,-0.25780334487242557,-0.30075394063583816,-0.993355408143237,Low
0.7665190491062528,-0.7665190491062528,0.0,0.24308474742207503,-1.1418469069742356,0.2290533908556138,0.6662229808351933,0.9566055436166422,-0.993355408143237,High
-0.8139325985355046,0.8139325985355046,0.0,0.011428380755548613,0.9429425499032575,-1.6107328810770296,0.6662229808351933,0.03583152130251833,-0.993355408143237,High
-1.2090455104459439,1.2090455104459439,0.0,0.4747411140886015,0.9429425499032575,-0.0009198931359666289,-1.412836252006949,-0.4245554898545438,1.0066890377827438,High
0.17384968124059383,-0.17384968124059383,0.0,-0.6835407192440307,0.47965600393048125,1.1489465268219354,-0.9508230891531397,-1.3375919153424984,-0.993355408143237,Medium
-1.6041584223563832,1.6041584223563832,0.0,0.011428380755548613,1.8695156418488101,-0.9208130291022882,-0.9508230891531397,1.0649318991830092,-0.993355408143237,Medium
-1.2090455104459439,1.2090455104459439,0.0,-0.6835407192440307,2.101158914835198,-0.0009198931359666289,-1.412836252006949,-0.30462273904892273,-0.993355408143237,Low
-0.8139325985355046,0.8139325985355046,0.0,1.401366580754707,-0.44691708801507124,-0.23089317712754703,-0.719816507726235,1.1074886817269394,-0.993355408143237,Medium
0.17384968124059383,-0.17384968124059383,0.0,-0.45188435257750426,0.24801273094409315,-0.0009198931359666289,0.20420981798138385,-0.3123603358750916,-0.993355408143237,Low
-2.3943842461772618,2.3943842461772618,0.0,1.86467931408776,0.9429425499032575,-0.9208130291022882,-1.8748494148607586,-0.4941938612900658,-0.993355408143237,Medium
-0.22126323066984552,0.22126323066984552,0.0,-0.6835407192440307,0.9429425499032575,0.918973242830355,-1.1818296705800444,-0.9932688565779733,-0.993355408143237,Low
-0.6163761425802848,0.6163761425802848,0.0,0.24308474742207503,0.47965600393048125,-0.9208130291022882,0.20420981798138385,1.738102823059722,1.0066890377827438,Medium
0.17384968124059383,-0.17384968124059383,0.0,0.24308474742207503,-0.44691708801507124,0.4590266748471942,-0.25780334487242557,-0.29301634380966907,1.0066890377827438,Low
1.7543013288823512,-1.7543013288823512,0.0,-1.1468534525770835,-0.9102036339878475,0.4590266748471942,1.590249306542812,-1.256347148667723,1.0066890377827438,Medium
-0.6163761425802848,0.6163761425802848,0.0,0.011428380755548613,0.7112992769168694,0.6889999588387746,-1.412836252006949,-1.6935213693462776,1.0066890377827438,Low
-0.023706774714625855,0.023706774714625855,0.0,-0.915197085910557,0.9429425499032575,-0.46086646111912744,0.43521639940828855,-1.0164816470564806,-0.993355408143237,Medium
-0.6163761425802848,0.6163761425802848,0.0,0.011428380755548613,0.7112992769168694,-1.3807595970854492,0.6662229808351933,1.0958822864876858,-0.993355408143237,Medium
1.359188416971912,-1.359188416971912,0.0,0.7063974807551279,-2.3000632719061764,0.4590266748471942,1.1282361436890027,-0.474849869224643,1.0066890377827438,High
-0.22126323066984552,0.22126323066984552,0.0,0.011428380755548613,0.24801273094409315,0.4590266748471942,-0.719816507726235,-1.3491983105817522,-0.993355408143237,High
0.9640755050614725,-0.9640755050614725,0.0,-1.6101661859101364,0.47965600393048125,-0.23089317712754703,1.3592427251159074,-0.38199870731061364,-0.993355408143237,Low
0.3714061371958135,-0.3714061371958135,0.0,0.4747411140886015,-0.9102036339878475,0.6889999588387746,-0.25780334487242557,-0.6179954105087715,1.0066890377827438,Medium
1.161631961016692,-1.161631961016692,0.0,0.011428380755548613,-1.3734901799606238,0.918973242830355,0.43521639940828855,1.0571943023568402,-0.993355408143237,Low
-1.0114890544907242,1.0114890544907242,0.0,0.9380538474216543,0.24801273094409315,-0.6908397451107079,-0.4888099262993303,0.5155625245250031,1.0066890377827438,Medium
0.5689625931510331,-0.5689625931510331,0.0,-0.915197085910557,0.24801273094409315,-1.3807595970854492,2.0522624693966214,-1.047432034361157,-0.993355408143237,Medium
-0.22126323066984552,0.22126323066984552,0.0,-0.45188435257750426,0.7112992769168694,1.8388663787966766,-2.105855996287663,1.7226276294073837,-0.993355408143237,Low
0.5689625931510331,-0.5689625931510331,0.0,0.011428380755548613,-0.6785603610014593,0.2290533908556138,0.43521639940828855,0.17897706258664653,-0.993355408143237,Low
-1.9992713342668227,1.9992713342668227,0.0,0.4747411140886015,1.8695156418488101,-2.7605993010349317,0.43521639940828855,0.016487529237095545,-0.993355408143237,High
0.3714061371958135,-0.3714061371958135,0.0,0.011428380755548613,-0.44691708801507124,1.378919810813516,-0.9508230891531397,-0.03767564854608826,-0.993355408143237,High
-1.6041584223563832,1.6041584223563832,0.0,0.9380538474216543,0.9429425499032575,-0.6908397451107079,-1.1818296705800444,0.18284586099973107,-0.993355408143237,Medium
1.359188416971912,-1.359188416971912,0.0,-1.3785098192436098,-0.21527381502868312,0.2290533908556138,1.3592427251159074,-0.5406194422470805,1.0066890377827438,Low
-1.0114890544907242,1.0114890544907242,0.0,-0.6835407192440307,1.8695156418488101,-0.9208130291022882,-0.25780334487242557,1.3318789896858438,1.0066890377827438,Medium
-0.6163761425802848,0.6163761425802848,0.0,1.1697102140881808,-0.44691708801507124,0.2290533908556138,-0.9508230891531397,0.3453353943492825,1.0066890377827438,Medium
-0.4188196866250652,0.4188196866250652,0.0,0.4747411140886015,0.016369457957705016,0.918973242830355,-1.412836252006949,-0.5251442485947423,1.0066890377827438,High
1.9518577848375709,-1.9518577848375709,0.0,-2.305135285909716,0.016369457957705016,0.4590266748471942,1.821255887969717,-1.2756911407331457,1.0066890377827438,High
0.9640755050614725,-0.9640755050614725,0.0,-1.1468534525770835,0.016369457957705016,0.6889999588387746,0.43521639940828855,-0.8269105248153373,1.0066890377827438,Medium
-1.9992713342668227,1.9992713342668227,0.0,0.011428380755548613,2.3328021878215863,-1.8407061650686098,-0.4888099262993303,-0.22724677078723157,-0.993355408143237,High
0.5689625931510331,-0.5689625931510331,0.0,-1.6101661859101364,0.9429425499032575,-0.9208130291022882,1.590249306542812,-1.117070405796679,-0.993355408143237,High
-1.6041584223563832,1.6041584223563832,0.0,1.1697102140881808,0.7112992769168694,-1.3807595970854492,-0.4888099262993303,-1.6780461756939393,-0.993355408143237,Medium
-1.0114890544907242,1.0114890544907242,0.0,1.1697102140881808,0.016369457957705016,-0.9208130291022882,-0.25780334487242557,0.9527367452035576,-0.993355408143237,High
0.17384968124059383,-0.17384968124059383,0.0,0.011428380755548613,-0.21527381502868312,-1.1507863130938687,1.3592427251159074,-0.37426111048444455,-0.993355408143237,Medium
-0.8139325985355046,0.8139325985355046,0.0,0.9380538474216543,0.016369457957705016,-1.6107328810770296,0.6662229808351933,-1.5426382312359799,1.0066890377827438,High
0.5689625931510331,-0.5689625931510331,0.0,0.4747411140886015,-1.1418469069742356,2.0688396627882573,-1.412836252006949,-1.10933280897051,1.0066890377827438,Medium
-1.0114890544907242,1.0114890544907242,0.0,0.24308474742207503,0.9429425499032575,0.2290533908556138,-1.412836252006949,0.6471016705698776,1.0066890377827438,Low
0.9640755050614725,-0.9640755050614725,0.0,0.011428380755548613,-1.1418469069742356,0.4590266748471942,0.6662229808351933,-1.3801486978864286,1.0066890377827438,Medium
1.359188416971912,-1.359188416971912,0.0,-1.6101661859101364,0.016369457957705016,2.2988129467798375,-0.719816507726235,0.6587080658091312,-0.993355408143237,Medium
-1.0114890544907242,1.0114890544907242,0.0,2.5596484140873392,-1.3734901799606238,-1.1507863130938687,-0.026796763445520868,-0.2968851422227536,-0.993355408143237,High
0.3714061371958135,-0.3714061371958135,0.0,0.011428380755548613,-0.44691708801507124,0.4590266748471942,-0.026796763445520868,-0.11892041522086397,-0.993355408143237,Medium
1.7543013288823512,-1.7543013288823512,0.0,-1.6101661859101364,-0.44691708801507124,-0.23089317712754703,2.283269050823526,0.8985735674203738,1.0066890377827438,High
2.7420836086584495,-2.7420836086584495,0.0,-2.536791652576242,-0.6785603610014593,1.378919810813516,1.821255887969717,-0.8810737025985211,1.0066890377827438,High
0.3714061371958135,-0.3714061371958135,0.0,0.9380538474216543,-1.3734901799606238,-0.23089317712754703,0.6662229808351933,1.1036198833138549,-0.993355408143237,Low
-0.6163761425802848,0.6163761425802848,0.0,0.7063974807551279,0.016369457957705016,-1.6107328810770296,0.8972295622620979,-1.732209353477123,1.0066890377827438,High
-1.0114890544907242,1.0114890544907242,0.0,0.4747411140886015,0.7112992769168694,-1.6107328810770296,0.43521639940828855,-0.9120240899031976,-0.993355408143237,High
-0.8139325985355046,0.8139325985355046,0.0,0.4747411140886015,0.47965600393048125,-0.9208130291022882,-0.026796763445520868,-1.1789711804060319,1.0066890377827438,Low
-0.22126323066984552,0.22126323066984552,0.0,1.86467931408776,-1.6051334529470118,1.1489465268219354,-1.412836252006949,1.1887334484017151,-0.993355408143237,Medium
0.5689625931510331,-0.5689625931510331,0.0,0.4747411140886015,-1.1418469069742356,-0.0009198931359666289,0.6662229808351933,-1.3221167216901604,-0.993355408143237,High
-0.22126323066984552,0.22126323066984552,0.0,0.011428380755548613,0.24801273094409315,0.2290533908556138,-0.4888099262993303,0.6161512832652011,-0.993355408143237,High
0.7665190491062528,-0.7665190491062528,0.0,-0.45188435257750426,-0.44691708801507124,0.6889999588387746,0.20420981798138385,-0.2698035533311617,1.0066890377827438,Medium
-1.2090455104459439,1.2090455104459439,0.0,1.86467931408776,-0.44691708801507124,-0.0009198931359666289,-1.412836252006949,1.250634223011068,1.0066890377827438,Low
-0.023706774714625855,0.023706774714625855,0.0,0.24308474742207503,-0.21527381502868312,-0.23089317712754703,0.20420981798138385,0.6471016705698776,1.0066890377827438,High
-0.023706774714625855,0.023706774714625855,0.0,0.7063974807551279,-0.6785603610014593,-1.6107328810770296,1.590249306542812,1.4982373214484797,-0.993355408143237,Low
-0.6163761425802848,0.6163761425802848,0.0,0.011428380755548613,0.7112992769168694,-1.8407061650686098,1.1282361436890027,1.146176665857785,1.0066890377827438,Low
0.17384968124059383,-0.17384968124059383,0.0,-0.2202279859109778,0.016369457957705016,-0.23089317712754703,0.43521639940828855,0.2254026435436612,1.0066890377827438,Medium
-0.6163761425802848,0.6163761425802848,0.0,0.24308474742207503,0.47965600393048125,0.918973242830355,-1.643842833433854,0.6316264769175394,-0.993355408143237,Low
-0.22126323066984552,0.22126323066984552,0.0,1.1697102140881808,-0.9102036339878475,-0.46086646111912744,0.20420981798138385,-1.1905775756452854,1.0066890377827438,Medium
-1.2090455104459439,1.2090455104459439,0.0,0.24308474742207503,1.1745858228896457,-1.3807595970854492,-0.026796763445520868,-1.2447407534284693,-0.993355408143237,High
-1.0114890544907242,1.0114890544907242,0.0,0.011428380755548613,1.1745858228896457,0.918973242830355,-2.105855996287663,0.12094508639037817,1.0066890377827438,Medium
0.9640755050614725,-0.9640755050614725,0.0,-3.000104385909295,1.8695156418488101,-1.1507863130938687,2.283269050823526,1.1887334484017151,1.0066890377827438,High
1.161631961016692,-1.161631961016692,0.0,-0.6835407192440307,-0.6785603610014593,0.6889999588387746,0.6662229808351933,0.9372615515512194,-0.993355408143237,High
1.7543013288823512,-1.7543013288823512,0.0,-0.6835407192440307,-1.3734901799606238,0.918973242830355,1.1282361436890027,0.001012335584757314,1.0066890377827438,High
0.7665190491062528,-0.7665190491062528,0.0,0.9380538474216543,-1.8367767259334,-0.0009198931359666289,0.8972295622620979,0.5465129118296791,1.0066890377827438,Low
1.359188416971912,-1.359188416971912,0.0,-0.2202279859109778,-1.3734901799606238,-0.6908397451107079,2.283269050823526,1.0301127134652484,1.0066890377827438,Medium
-0.22126323066984552,0.22126323066984552,0.0,0.9380538474216543,-0.6785603610014593,-0.6908397451107079,0.43521639940828855,1.738102823059722,1.0066890377827438,High
-1.6041584223563832,1.6041584223563832,0.0,0.7063974807551279,1.1745858228896457,-0.23089317712754703,-1.643842833433854,0.5542505086558481,1.0066890377827438,Medium
-0.8139325985355046,0.8139325985355046,0.0,-0.2202279859109778,1.1745858228896457,-0.6908397451107079,-0.25780334487242557,-1.6741773772808548,1.0066890377827438,Low
-0.4188196866250652,0.4188196866250652,0.0,0.9380538474216543,-0.44691708801507124,-0.6908397451107079,0.20420981798138385,1.0881446896615166,1.0066890377827438,Low
0.9640755050614725,-0.9640755050614725,0.0,-0.915197085910557,-0.21527381502868312,1.378919810813516,-0.25780334487242557,-0.6334706041611097,-0.993355408143237,High
-2.3943842461772618,2.3943842461772618,0.0,0.24308474742207503,2.5644454608079745,-2.3006527330517708,-0.4888099262993303,0.5929384927866937,1.0066890377827438,High
0.9640755050614725,-0.9640755050614725,0.0,0.7063974807551279,-1.8367767259334,1.378919810813516,-0.25780334487242557,-0.15760839935170953,1.0066890377827438,High
0.3714061371958135,-0.3714061371958135,0.0,-1.1468534525770835,0.7112992769168694,0.918973242830355,-0.4888099262993303,-0.24659076285265435,1.0066890377827438,Low
0.5689625931510331,-0.5689625931510331,0.0,-0.6835407192440307,0.016369457957705016,0.918973242830355,-0.25780334487242557,1.5910884833625087,1.0066890377827438,Low
-0.4188196866250652,0.4188196866250652,0.0,-0.2202279859109778,0.7112992769168694,0.2290533908556138,-0.719816507726235,0.03583152130251833,-0.993355408143237,High
-0.8139325985355046,0.8139325985355046,0.0,1.401366580754707,-0.44691708801507124,0.918973242830355,-1.8748494148607586,0.1905834578259002,-0.993355408143237,High
-0.6163761425802848,0.6163761425802848,0.0,0.7063974807551279,0.016369457957705016,-1.1507863130938687,0.43521639940828855,-1.2524783502546384,1.0066890377827438,Medium
-0.22126323066984552,0.22126323066984552,0.0,-0.2202279859109778,0.47965600393048125,-0.0009198931359666289,-0.25780334487242557,-1.3027727296247378,1.0066890377827438,Medium
0.5689625931510331,-0.5689625931510331,0.0,0.4747411140886015,-1.1418469069742356,0.6889999588387746,-0.026796763445520868,1.7226276294073837,-0.993355408143237,High
-1.0114890544907242,1.0114890544907242,0.0,1.1697102140881808,0.016369457957705016,-0.6908397451107079,-0.4888099262993303,0.28730341815301413,-0.993355408143237,Low
0.17384968124059383,-0.17384968124059383,0.0,-0.6835407192440307,0.47965600393048125,-0.23089317712754703,0.43521639940828855,0.7051336467661459,1.0066890377827438,High
0.5689625931510331,-0.5689625931510331,0.0,-0.2202279859109778,-0.44691708801507124,0.918973242830355,-0.25780334487242557,0.7090024451792305,1.0066890377827438,Low
-0.6163761425802848,0.6163761425802848,0.0,0.011428380755548613,0.7112992769168694,-0.46086646111912744,-0.25780334487242557,-1.3801486978864286,1.0066890377827438,High
0.5689625931510331,-0.5689625931510331,0.0,-0.2202279859109778,-0.44691708801507124,-0.23089317712754703,0.8972295622620979,-0.683764983531209,1.0066890377827438,High
0.5689625931510331,-0.5689625931510331,0.0,-0.2202279859109778,-0.44691708801507124,2.2988129467798375,-1.643842833433854,0.5890696943736092,1.0066890377827438,Medium
-0.4188196866250652,0.4188196866250652,0.0,1.1697102140881808,-0.6785603610014593,-0.23089317712754703,-0.25780334487242557,0.3530729911754516,-0.993355408143237,Medium
2.54452715270323,-2.54452715270323,0.0,-1.1468534525770835,-1.8367767259334,1.378919810813516,1.590249306542812,0.9411303499643039,-0.993355408143237,Low
-1.0114890544907242,1.0114890544907242,0.0,-1.3785098192436098,2.5644454608079745,-0.6908397451107079,-0.4888099262993303,0.1635018689343083,1.0066890377827438,Medium
-0.8139325985355046,0.8139325985355046,0.0,2.0963356807542866,-1.1418469069742356,-1.1507863130938687,0.20420981798138385,1.215815037293307,-0.993355408143237,Low
0.3714061371958135,-0.3714061371958135,0.0,-0.915197085910557,0.47965600393048125,-0.6908397451107079,1.1282361436890027,-0.05701964061151105,1.0066890377827438,Low
-2.1968277902220423,2.1968277902220423,0.0,1.401366580754707,1.1745858228896457,-2.3006527330517708,-0.25780334487242557,0.8482791880502746,1.0066890377827438,High
-1.4066019664011635,1.4066019664011635,0.0,0.24308474742207503,1.4062290958760337,-1.3807595970854492,-0.25780334487242557,-0.5290130470078268,-0.993355408143237,Low
0.5689625931510331,-0.5689625931510331,0.0,0.4747411140886015,-1.1418469069742356,0.918973242830355,-0.25780334487242557,-0.2427219644395698,-0.993355408143237,Low
-1.2090455104459439,1.2090455104459439,0.0,0.24308474742207503,1.1745858228896457,-0.6908397451107079,-0.719816507726235,0.7515592277231606,1.0066890377827438,High
0.5689625931510331,-0.5689625931510331,0.0,-1.3785098192436098,0.7112992769168694,0.4590266748471942,0.20420981798138385,1.4672869341438033,-0.993355408143237,High
-1.6041584223563832,1.6041584223563832,0.0,1.86467931408776,0.016369457957705016,-1.1507863130938687,-0.719816507726235,1.5330565071662403,1.0066890377827438,Low
-0.4188196866250652,0.4188196866250652,0.0,0.24308474742207503,0.24801273094409315,-0.6908397451107079,0.20420981798138385,-0.02606925330683459,-0.993355408143237,Medium
0.17384968124059383,-0.17384968124059383,0.0,-0.2202279859109778,0.016369457957705016,0.6889999588387746,-0.4888099262993303,1.5949572817755933,-0.993355408143237,Medium
-0.4188196866250652,0.4188196866250652,0.0,1.6330229474212337,-1.1418469069742356,0.4590266748471942,-0.9508230891531397,-0.1343956088732022,1.0066890377827438,Low
-1.0114890544907242,1.0114890544907242,0.0,1.1697102140881808,0.016369457957705016,-0.6908397451107079,-0.4888099262993303,-1.4729998598004577,-0.993355408143237,High
1.161631961016692,-1.161631961016692,0.0,-0.6835407192440307,-0.6785603610014593,1.378919810813516,-0.026796763445520868,0.9798183340951495,1.0066890377827438,High
-0.023706774714625855,0.023706774714625855,0.0,0.7063974807551279,-0.6785603610014593,1.6088930948050963,-1.643842833433854,0.480743338807242,-0.993355408143237,High
0.3714061371958135,-0.3714061371958135,0.0,0.011428380755548613,-0.44691708801507124,-0.46086646111912744,0.8972295622620979,-0.7650097502059846,1.0066890377827438,High
0.5689625931510331,-0.5689625931510331,0.0,-1.6101661859101364,0.9429425499032575,1.1489465268219354,-0.4888099262993303,1.1887334484017151,-0.993355408143237,High
1.161631961016692,-1.161631961016692,0.0,-1.3785098192436098,0.016369457957705016,1.1489465268219354,0.20420981798138385,-1.167364785166778,-0.993355408143237,Low
-1.6041584223563832,1.6041584223563832,0.0,-0.45188435257750426,2.3328021878215863,-0.23089317712754703,-1.643842833433854,0.7283464372446532,-0.993355408143237,Medium
-0.023706774714625855,0.023706774714625855,0.0,0.011428380755548613,0.016369457957705016,0.6889999588387746,-0.719816507726235,-1.5194254407574725,-0.993355408143237,Medium
0.7665190491062528,-0.7665190491062528,0.0,-0.6835407192440307,-0.21527381502868312,-0.23089317712754703,1.1282361436890027,0.3801545800670435,-0.993355408143237,Low
-0.22126323066984552,0.22126323066984552,0.0,-0.45188435257750426,0.7112992769168694,0.4590266748471942,-0.719816507726235,-1.4304430772565278,1.0066890377827438,Low
-0.023706774714625855,0.023706774714625855,0.0,-0.915197085910557,0.9429425499032575,0.4590266748471942,-0.4888099262993303,-0.7417969597274773,-0.993355408143237,High
0.3714061371958135,-0.3714061371958135,0.0,1.6330229474212337,-2.0684199989197882,-0.46086646111912744,0.8972295622620979,0.6896584531138077,1.0066890377827438,Low
-1.6041584223563832,1.6041584223563832,0.0,1.401366580754707,0.47965600393048125,-1.1507863130938687,-0.719816507726235,0.9449991483773885,1.0066890377827438,High
-1.0114890544907242,1.0114890544907242,0.0,1.401366580754707,-0.21527381502868312,-0.0009198931359666289,-1.1818296705800444,0.031962722889433776,1.0066890377827438,High
2.1494142407927908,-2.1494142407927908,0.0,-0.6835407192440307,-1.8367767259334,2.7587595147629984,-0.25780334487242557,-1.4110990851911052,1.0066890377827438,Low
-1.2090455104459439,1.2090455104459439,0.0,1.401366580754707,0.016369457957705016,0.2290533908556138,-1.643842833433854,0.30277861180535237,1.0066890377827438,Low
0.5689625931510331,-0.5689625931510331,0.0,-0.2202279859109778,-0.44691708801507124,1.6088930948050963,-0.9508230891531397,1.3512229817512666,-0.993355408143237,High
0.9640755050614725,-0.9640755050614725,0.0,-0.6835407192440307,-0.44691708801507124,0.2290533908556138,0.8972295622620979,1.2738470134895754,1.0066890377827438,Medium
-0.023706774714625855,0.023706774714625855,0.0,1.401366580754707,-1.3734901799606238,0.918973242830355,-0.9508230891531397,1.5214501119269868,-0.993355408143237,Low
-0.023706774714625855,0.023706774714625855,0.0,-0.6835407192440307,0.7112992769168694,0.918973242830355,-0.9508230891531397,-0.3394419247666835,1.0066890377827438,High
-0.023706774714625855,0.023706774714625855,0.0,0.24308474742207503,-0.21527381502868312,1.378919810813516,-1.412836252006949,0.004881133997841872,1.0066890377827438,Low
1.5567448729271316,-1.5567448729271316,0.0,-0.2202279859109778,-1.6051334529470118,1.6088930948050963,0.20420981798138385,-0.5986514184433487,-0.993355408143237,High
-1.0114890544907242,1.0114890544907242,0.0,0.7063974807551279,0.47965600393048125,-0.9208130291022882,-0.25780334487242557,1.3009286023811673,-0.993355408143237,High
-0.023706774714625855,0.023706774714625855,0.0,0.7063974807551279,-0.6785603610014593,-2.530626017043351,2.514275632250431,0.8908359705942046,1.0066890377827438,Low
-1.0114890544907242,1.0114890544907242,0.0,0.24308474742207503,0.9429425499032575,-0.46086646111912744,-0.719816507726235,-1.5387694328228954,-0.993355408143237,High
-2.987053614042921,2.987053614042921,0.0,2.0963356807542866,1.4062290958760337,-0.6908397451107079,-2.7988757405683775,1.1732582547493768,-0.993355408143237,Low
-0.4188196866250652,0.4188196866250652,0.0,0.4747411140886015,0.016369457957705016,-0.6908397451107079,0.20420981798138385,0.8057224055063444,1.0066890377827438,High
-0.023706774714625855,0.023706774714625855,0.0,0.011428380755548613,0.016369457957705016,0.4590266748471942,-0.4888099262993303,0.03970031971560289,-0.993355408143237,High
0.3714061371958135,-0.3714061371958135,0.0,0.011428380755548613,-0.44691708801507124,-0.23089317712754703,0.6662229808351933,0.5968072911997783,-0.993355408143237,Medium
0.3714061371958135,-0.3714061371958135,0.0,0.24308474742207503,-0.6785603610014593,-1.1507863130938687,1.590249306542812,-1.654833385215432,-0.993355408143237,Medium
2.54452715270323,-2.54452715270323,0.0,-0.6835407192440307,-2.3000632719061764,1.1489465268219354,1.821255887969717,1.5872196849494242,1.0066890377827438,High
0.5689625931510331,-0.5689625931510331,0.0,-0.45188435257750426,-0.21527381502868312,-0.0009198931359666289,0.6662229808351933,0.9604743420297267,-0.993355408143237,Low
0.3714061371958135,-0.3714061371958135,0.0,-1.8418225525766627,1.4062290958760337,-0.0009198931359666289,0.43521639940828855,-1.2486095518415539,-0.993355408143237,High
-1.6041584223563832,1.6041584223563832,0.0,0.24308474742207503,1.637872368862422,-1.1507863130938687,-0.719816507726235,-0.22724677078723157,-0.993355408143237,High
-0.8139325985355046,0.8139325985355046,0.0,0.9380538474216543,0.016369457957705016,-0.46086646111912744,-0.4888099262993303,-0.5483570390732494,-0.993355408143237,High
0.5689625931510331,-0.5689625931510331,0.0,0.011428380755548613,-0.6785603610014593,-0.6908397451107079,1.3592427251159074,-0.9429744772078741,1.0066890377827438,Medium
-1.0114890544907242,1.0114890544907242,0.0,0.24308474742207503,0.9429425499032575,-1.1507863130938687,-0.026796763445520868,-0.440030683506882,-0.993355408143237,Medium
-1.0114890544907242,1.0114890544907242,0.0,2.0963356807542866,-0.9102036339878475,-0.9208130291022882,-0.25780334487242557,1.2312902309456453,-0.993355408143237,Low
0.3714061371958135,-0.3714061371958135,0.0,-1.1468534525770835,0.7112992769168694,-0.0009198931359666289,0.43521639940828855,-0.4206866914414592,1.0066890377827438,Medium
1.5567448729271316,-1.5567448729271316,0.0,0.24308474742207503,-2.0684199989197882,0.6889999588387746,1.1282361436890027,-1.4110990851911052,1.0066890377827438,High
-0.22126323066984552,0.22126323066984552,0.0,2.0963356807542866,-1.8367767259334,-0.23089317712754703,-0.026796763445520868,-1.2486095518415539,1.0066890377827438,High
-1.4066019664011635,1.4066019664011635,0.0,0.9380538474216543,0.7112992769168694,-0.0009198931359666289,-1.643842833433854,1.571744491297086,1.0066890377827438,High
-0.22126323066984552,0.22126323066984552,0.0,-0.2202279859109778,0.47965600393048125,-1.1507863130938687,0.8972295622620979,1.4285989500129577,-0.993355408143237,Low
0.17384968124059383,-0.17384968124059383,0.0,0.4747411140886015,-0.6785603610014593,-0.23089317712754703,0.43521639940828855,1.2622406182503219,1.0066890377827438,Low
-1.2090455104459439,1.2090455104459439,0.0,1.1697102140881808,0.24801273094409315,-0.46086646111912744,-0.9508230891531397,-1.4265742788434432,1.0066890377827438,Medium
-0.4188196866250652,0.4188196866250652,0.0,-0.2202279859109778,0.7112992769168694,0.6889999588387746,-1.1818296705800444,-0.09957642315544118,1.0066890377827438,Low
-0.22126323066984552,0.22126323066984552,0.0,-0.2202279859109778,0.47965600393048125,0.6889999588387746,-0.9508230891531397,-0.8075665327499145,1.0066890377827438,Medium
-1.8017148783116028,1.8017148783116028,0.0,1.1697102140881808,0.9429425499032575,-2.530626017043351,0.43521639940828855,0.47687454039415744,-0.993355408143237,High
-0.023706774714625855,0.023706774714625855,0.0,0.011428380755548613,0.016369457957705016,0.918973242830355,-0.9508230891531397,-1.4962126502789652,-0.993355408143237,High
-1.6041584223563832,1.6041584223563832,0.0,0.011428380755548613,1.8695156418488101,-1.6107328810770296,-0.25780334487242557,1.041719108704502,-0.993355408143237,High
-0.8139325985355046,0.8139325985355046,0.0,1.86467931408776,-0.9102036339878475,0.4590266748471942,-1.412836252006949,0.6703144610483849,1.0066890377827438,Low
-1.0114890544907242,1.0114890544907242,0.0,-0.2202279859109778,1.4062290958760337,-0.23089317712754703,-0.9508230891531397,1.4169925547737041,1.0066890377827438,Low
0.9640755050614725,-0.9640755050614725,0.0,-1.3785098192436098,0.24801273094409315,0.4590266748471942,0.6662229808351933,1.6336452659064389,1.0066890377827438,High
-0.4188196866250652,0.4188196866250652,0.0,1.1697102140881808,-0.6785603610014593,0.2290533908556138,-0.719816507726235,1.5369253055793248,-0.993355408143237,High
0.5689625931510331,-0.5689625931510331,0.0,-1.1468534525770835,0.47965600393048125,-1.1507863130938687,1.821255887969717,1.4324677484260422,1.0066890377827438,High
1.161631961016692,-1.161631961016692,0.0,0.011428380755548613,-1.3734901799606238,-0.23089317712754703,1.590249306542812,1.2931910055549982,-0.993355408143237,Medium
-1.4066019664011635,1.4066019664011635,0.0,1.6330229474212337,0.016369457957705016,-0.46086646111912744,-1.1818296705800444,0.44205535467639645,1.0066890377827438,Low
1.359188416971912,-1.359188416971912,0.0,-0.6835407192440307,-0.9102036339878475,0.918973242830355,0.6662229808351933,-1.5271630375836416,-0.993355408143237,High
-1.8017148783116028,1.8017148783116028,0.0,2.0963356807542866,0.016369457957705016,-1.1507863130938687,-0.9508230891531397,-0.22724677078723157,-0.993355408143237,Low
-0.22126323066984552,0.22126323066984552,0.0,0.9380538474216543,-0.6785603610014593,0.2290533908556138,-0.4888099262993303,-1.4613934645612041,-0.993355408143237,Medium
-0.6163761425802848,0.6163761425802848,0.0,1.1697102140881808,-0.44691708801507124,-1.1507863130938687,0.43521639940828855,0.6238888800913702,-0.993355408143237,Low
0.5689625931510331,-0.5689625931510331,0.0,-0.6835407192440307,0.016369457957705016,-1.3807595970854492,2.0522624693966214,-0.9932688565779733,-0.993355408143237,High
0.17384968124059383,-0.17384968124059383,0.0,0.9380538474216543,-1.1418469069742356,1.1489465268219354,-0.9508230891531397,-1.6316205947369247,-0.993355408143237,Medium
0.5689625931510331,-0.5689625931510331,0.0,-2.305135285909716,1.637872368862422,0.6889999588387746,-0.026796763445520868,0.001012335584757314,-0.993355408143237,High
-0.023706774714625855,0.023706774714625855,0.0,-0.915197085910557,0.9429425499032575,-0.6908397451107079,0.6662229808351933,-0.09570762474235663,-0.993355408143237,High
1.7543013288823512,-1.7543013288823512,0.0,-0.6835407192440307,-1.3734901799606238,1.1489465268219354,0.8972295622620979,-0.536750643833996,1.0066890377827438,High
-0.4188196866250652,0.4188196866250652,0.0,-0.45188435257750426,0.9429425499032575,-0.46086646111912744,-0.026796763445520868,0.1712394657604774,1.0066890377827438,Low
-0.4188196866250652,0.4188196866250652,0.0,0.7063974807551279,-0.21527381502868312,0.4590266748471942,-0.9508230891531397,1.0804070928353475,1.0066890377827438,Low
0.5689625931510331,-0.5689625931510331,0.0,0.4747411140886015,-1.1418469069742356,-1.1507863130938687,1.821255887969717,1.374435772229774,1.0066890377827438,Medium
-0.023706774714625855,0.023706774714625855,0.0,-0.45188435257750426,0.47965600393048125,0.4590266748471942,-0.4888099262993303,-0.049282043785341935,1.0066890377827438,Medium
-1.4066019664011635,1.4066019664011635,0.0,2.0963356807542866,-0.44691708801507124,-0.6908397451107079,-0.9508230891531397,-1.6161454010845864,-0.993355408143237,Medium
0.5689625931510331,-0.5689625931510331,0.0,0.011428380755548613,-0.6785603610014593,0.4590266748471942,0.20420981798138385,0.36854818482778984,-0.993355408143237,High
-0.6163761425802848,0.6163761425802848,0.0,-0.45188435257750426,1.1745858228896457,-1.3807595970854492,0.6662229808351933,-1.2137903661237928,-0.993355408143237,Low
1.161631961016692,-1.161631961016692,0.0,-1.8418225525766627,0.47965600393048125,0.918973242830355,0.43521639940828855,-1.5813262153668255,1.0066890377827438,Low
0.9640755050614725,-0.9640755050614725,0.0,-0.45188435257750426,-0.6785603610014593,0.6889999588387746,0.43521639940828855,1.3434853849250974,1.0066890377827438,Medium
-0.22126323066984552,0.22126323066984552,0.0,-0.2202279859109778,0.47965600393048125,0.6889999588387746,-0.9508230891531397,-0.17308359300404777,1.0066890377827438,Low
-0.023706774714625855,0.023706774714625855,0.0,-0.2202279859109778,0.24801273094409315,-0.9208130291022882,0.8972295622620979,1.6994148389288763,1.0066890377827438,Low
-0.6163761425802848,0.6163761425802848,0.0,0.7063974807551279,0.016369457957705016,-1.1507863130938687,0.43521639940828855,-0.6992401771835471,1.0066890377827438,Low
-0.023706774714625855,0.023706774714625855,0.0,0.4747411140886015,-0.44691708801507124,-0.46086646111912744,0.43521639940828855,-0.6257330073349405,1.0066890377827438,High
-0.4188196866250652,0.4188196866250652,0.0,1.1697102140881808,-0.6785603610014593,-0.0009198931359666289,-0.4888099262993303,0.9063111642465429,1.0066890377827438,Low
0.17384968124059383,-0.17384968124059383,0.0,0.4747411140886015,-0.6785603610014593,-0.0009198931359666289,0.20420981798138385,0.2950410149791832,-0.993355408143237,Low
0.3714061371958135,-0.3714061371958135,0.0,-1.3785098192436098,0.9429425499032575,-0.23089317712754703,0.6662229808351933,1.6645956532111152,1.0066890377827438,Medium
0.17384968124059383,-0.17384968124059383,0.0,-0.2202279859109778,0.016369457957705016,1.1489465268219354,-0.9508230891531397,0.5929384927866937,1.0066890377827438,High
0.3714061371958135,-0.3714061371958135,0.0,-0.2202279859109778,-0.21527381502868312,0.2290533908556138,0.20420981798138385,-0.7031089755966317,1.0066890377827438,High
1.7543013288823512,-1.7543013288823512,0.0,-1.3785098192436098,-0.6785603610014593,2.2988129467798375,-0.25780334487242557,0.7244776388315687,-0.993355408143237,High
-0.023706774714625855,0.023706774714625855,0.0,0.9380538474216543,-0.9102036339878475,0.2290533908556138,-0.25780334487242557,-1.6432269899761782,1.0066890377827438,Low
-0.023706774714625855,0.023706774714625855,0.0,0.4747411140886015,-0.44691708801507124,0.2290533908556138,-0.25780334487242557,0.4265801610240582,1.0066890377827438,Low
-0.023706774714625855,0.023706774714625855,0.0,0.4747411140886015,-0.44691708801507124,1.378919810813516,-1.412836252006949,-1.1983151724714547,1.0066890377827438,Medium
-0.22126323066984552,0.22126323066984552,0.0,2.3279920474208127,-2.0684199989197882,1.1489465268219354,-1.412836252006949,0.9101799626596274,1.0066890377827438,High
-0.22126323066984552,0.22126323066984552,0.0,-0.45188435257750426,0.7112992769168694,0.4590266748471942,-0.719816507726235,-0.049282043785341935,-0.993355408143237,High
1.161631961016692,-1.161631961016692,0.0,1.1697102140881808,-2.531706544892564,0.6889999588387746,0.6662229808351933,-1.5426382312359799,-0.993355408143237,High
0.9640755050614725,-0.9640755050614725,0.0,0.7063974807551279,-1.8367767259334,0.4590266748471942,0.6662229808351933,-0.5831762247910104,-0.993355408143237,Medium
0.7665190491062528,-0.7665190491062528,0.0,-1.1468534525770835,0.24801273094409315,1.6088930948050963,-0.719816507726235,0.8289351959848518,-0.993355408143237,Low
0.17384968124059383,-0.17384968124059383,0.0,-1.6101661859101364,1.4062290958760337,1.1489465268219354,-0.9508230891531397,-1.2176591645368775,-0.993355408143237,Medium
1.359188416971912,-1.359188416971912,0.0,-1.1468534525770835,-0.44691708801507124,-0.0009198931359666289,1.590249306542812,0.5929384927866937,1.0066890377827438,High
-1.0114890544907242,1.0114890544907242,0.0,-0.2202279859109778,1.4062290958760337,-1.1507863130938687,-0.026796763445520868,-1.3105103264509068,1.0066890377827438,Medium
-0.8139325985355046,0.8139325985355046,0.0,0.7063974807551279,0.24801273094409315,0.6889999588387746,-1.643842833433854,1.5833508865363395,1.0066890377827438,Medium
-0.8139325985355046,0.8139325985355046,0.0,1.1697102140881808,-0.21527381502868312,0.4590266748471942,-1.412836252006949,1.3666981754036047,1.0066890377827438,Medium
0.3714061371958135,-0.3714061371958135,0.0,0.24308474742207503,-0.6785603610014593,-0.0009198931359666289,0.43521639940828855,0.1712394657604774,-0.993355408143237,Medium
1.359188416971912,-1.359188416971912,0.0,-1.3785098192436098,-0.21527381502868312,1.1489465268219354,0.43521639940828855,0.05130671495485656,1.0066890377827438,High
1.359188416971912,-1.359188416971912,0.0,-0.45188435257750426,-1.1418469069742356,1.1489465268219354,0.43521639940828855,-1.6741773772808548,-0.993355408143237,Low
-1.9992713342668227,1.9992713342668227,0.0,1.1697102140881808,1.1745858228896457,-2.990572585026512,0.6662229808351933,-0.6450769994003633,1.0066890377827438,High
1.9518577848375709,-1.9518577848375709,0.0,-0.915197085910557,-1.3734901799606238,-0.23089317712754703,2.514275632250431,-0.4129490946152901,-0.993355408143237,Low
-0.8139325985355046,0.8139325985355046,0.0,-1.6101661859101364,2.5644454608079745,-1.8407061650686098,0.8972295622620979,1.2893222071419137,-0.993355408143237,High
-0.6163761425802848,0.6163761425802848,0.0,0.7063974807551279,0.016369457957705016,0.4590266748471942,-1.1818296705800444,0.7360840340708223,1.0066890377827438,High
-2.987053614042921,2.987053614042921,0.0,1.6330229474212337,1.8695156418488101,-1.8407061650686098,-1.643842833433854,-0.08797002791618751,1.0066890377827438,Medium
0.9640755050614725,-0.9640755050614725,0.0,-0.6835407192440307,-0.44691708801507124,0.918973242830355,0.20420981798138385,1.6607268547980307,1.0066890377827438,Medium
-1.4066019664011635,1.4066019664011635,0.0,2.0963356807542866,-0.44691708801507124,-0.0009198931359666289,-1.643842833433854,-1.5542446264752334,1.0066890377827438,Low
-0.023706774714625855,0.023706774714625855,0.0,1.401366580754707,-1.3734901799606238,-1.3807595970854492,1.3592427251159074,1.5601380960578322,-0.993355408143237,Low
-0.4188196866250652,0.4188196866250652,0.0,-0.2202279859109778,0.7112992769168694,0.4590266748471942,-0.9508230891531397,0.3259914022838597,-0.993355408143237,Low
0.7665190491062528,-0.7665190491062528,0.0,1.6330229474212337,-2.531706544892564,-0.23089317712754703,1.1282361436890027,-1.5735886185406562,-0.993355408143237,Medium
0.5689625931510331,-0.5689625931510331,0.0,-0.915197085910557,0.24801273094409315,-0.23089317712754703,0.8972295622620979,-1.020350445469565,-0.993355408143237,High
-2.1968277902220423,2.1968277902220423,0.0,2.5596484140873392,0.016369457957705016,-0.6908397451107079,-1.8748494148607586,-0.5909138216171795,-0.993355408143237,Medium
-1.2090455104459439,1.2090455104459439,0.0,1.401366580754707,0.016369457957705016,-0.23089317712754703,-1.1818296705800444,-0.06475723743768017,1.0066890377827438,Medium
-1.4066019664011635,1.4066019664011635,0.0,-0.2202279859109778,1.8695156418488101,-0.9208130291022882,-0.719816507726235,0.30277861180535237,-0.993355408143237,High
0.5689625931510331,-0.5689625931510331,0.0,-0.6835407192440307,0.016369457957705016,-0.23089317712754703,0.8972295622620979,0.1712394657604774,-0.993355408143237,High
0.17384968124059383,-0.17384968124059383,0.0,-0.45188435257750426,0.24801273094409315,-1.3807595970854492,1.590249306542812,0.6393640737437084,1.0066890377827438,Medium
-0.023706774714625855,0.023706774714625855,0.0,-0.2202279859109778,0.24801273094409315,0.4590266748471942,-0.4888099262993303,0.5000873308726648,1.0066890377827438,High
0.3714061371958135,-0.3714061371958135,0.0,0.011428380755548613,-0.44691708801507124,0.2290533908556138,0.20420981798138385,-0.4438994819199666,1.0066890377827438,High
0.7665190491062528,-0.7665190491062528,0.0,-0.915197085910557,0.016369457957705016,1.8388663787966766,-0.9508230891531397,1.5949572817755933,1.0066890377827438,Medium
-1.2090455104459439,1.2090455104459439,0.0,0.011428380755548613,1.4062290958760337,-0.0009198931359666289,-1.412836252006949,0.6664456626353004,-0.993355408143237,High
-0.023706774714625855,0.023706774714625855,0.0,-0.2202279859109778,0.24801273094409315,-0.23089317712754703,0.20420981798138385,-0.4787186676377276,-0.993355408143237,Medium
-0.8139325985355046,0.8139325985355046,0.0,0.9380538474216543,0.016369457957705016,-2.7605993010349317,1.821255887969717,-1.6780461756939393,-0.993355408143237,Medium
-0.8139325985355046,0.8139325985355046,0.0,1.401366580754707,-0.44691708801507124,-1.6107328810770296,0.6662229808351933,-1.4729998598004577,-0.993355408143237,Medium
0.5689625931510331,-0.5689625931510331,0.0,0.011428380755548613,-0.6785603610014593,-0.9208130291022882,1.590249306542812,1.1307014722054467,-0.993355408143237,Medium
0.7665190491062528,-0.7665190491062528,0.0,-0.45188435257750426,-0.44691708801507124,0.6889999588387746,0.20420981798138385,-0.30075394063583816,-0.993355408143237,Low
-0.023706774714625855,0.023706774714625855,0.0,0.7063974807551279,-0.6785603610014593,-0.23089317712754703,0.20420981798138385,-0.25045956126573893,-0.993355408143237,Low
1.359188416971912,-1.359188416971912,0.0,-0.6835407192440307,-0.9102036339878475,0.2290533908556138,1.3592427251159074,1.0262439150521638,-0.993355408143237,High
-1.2090455104459439,1.2090455104459439,0.0,1.401366580754707,0.016369457957705016,0.2290533908556138,-1.643842833433854,0.016487529237095545,-0.993355408143237,Low
0.7665190491062528,-0.7665190491062528,0.0,-0.2202279859109778,-0.6785603610014593,2.0688396627882573,-1.1818296705800444,-1.7206029582378695,1.0066890377827438,Low
-0.8139325985355046,0.8139325985355046,0.0,1.401366580754707,-0.44691708801507124,0.2290533908556138,-1.1818296705800444,0.14028907845580096,-0.993355408143237,Medium
0.17384968124059383,-0.17384968124059383,0.0,0.24308474742207503,-0.44691708801507124,-0.46086646111912744,0.6662229808351933,1.4208613531867886,-0.993355408143237,Low
-0.6163761425802848,0.6163761425802848,0.0,1.401366580754707,-0.6785603610014593,-1.1507863130938687,0.43521639940828855,-0.656683394639617,1.0066890377827438,High
0.9640755050614725,-0.9640755050614725,0.0,-1.1468534525770835,0.016369457957705016,1.1489465268219354,-0.026796763445520868,0.3801545800670435,1.0066890377827438,Low
-0.6163761425802848,0.6163761425802848,0.0,0.011428380755548613,0.7112992769168694,-1.1507863130938687,0.43521639940828855,0.7515592277231606,-0.993355408143237,Medium
-0.023706774714625855,0.023706774714625855,0.0,0.7063974807551279,-0.6785603610014593,1.8388663787966766,-1.8748494148607586,-0.8307793232284219,1.0066890377827438,High
1.161631961016692,-1.161631961016692,0.0,-0.45188435257750426,-0.9102036339878475,0.6889999588387746,0.6662229808351933,0.17897706258664653,1.0066890377827438,Low
-1.4066019664011635,1.4066019664011635,0.0,-0.2202279859109778,1.8695156418488101,-1.1507863130938687,-0.4888099262993303,-1.6587021836285165,-0.993355408143237,Medium
-0.4188196866250652,0.4188196866250652,0.0,-0.45188435257750426,0.9429425499032575,0.2290533908556138,-0.719816507726235,-1.0280880422957344,1.0066890377827438,High
2.54452715270323,-2.54452715270323,0.0,-3.000104385909295,0.016369457957705016,1.1489465268219354,1.821255887969717,1.4247301515998732,-0.993355408143237,High
-0.6163761425802848,0.6163761425802848,0.0,-0.45188435257750426,1.1745858228896457,1.6088930948050963,-2.336862577714568,-1.5465070296490644,-0.993355408143237,Medium
-0.4188196866250652,0.4188196866250652,0.0,0.9380538474216543,-0.44691708801507124,-0.23089317712754703,-0.25780334487242557,-0.3510483200059372,-0.993355408143237,High
0.7665190491062528,-0.7665190491062528,0.0,-0.6835407192440307,-0.21527381502868312,2.0688396627882573,-1.1818296705800444,-0.6334706041611097,-0.993355408143237,Medium
2.34697069674801,-2.34697069674801,0.0,-0.6835407192440307,-2.0684199989197882,0.918973242830355,1.821255887969717,1.4247301515998732,1.0066890377827438,High
-0.8139325985355046,0.8139325985355046,0.0,0.4747411140886015,0.47965600393048125,-0.9208130291022882,-0.026796763445520868,0.28343461973992956,1.0066890377827438,Low
0.9640755050614725,-0.9640755050614725,0.0,-0.2202279859109778,-0.9102036339878475,-0.23089317712754703,1.3592427251159074,0.8714919785287819,1.0066890377827438,Low
0.17384968124059383,-0.17384968124059383,0.0,1.1697102140881808,-1.3734901799606238,1.1489465268219354,-0.9508230891531397,-0.3587859168321063,1.0066890377827438,Medium
-0.8139325985355046,0.8139325985355046,0.0,1.86467931408776,-0.9102036339878475,-0.6908397451107079,-0.25780334487242557,0.349204192762367,1.0066890377827438,High
1.161631961016692,-1.161631961016692,0.0,-0.2202279859109778,-1.1418469069742356,0.918973242830355,0.43521639940828855,0.1983210546520693,-0.993355408143237,High
-0.22126323066984552,0.22126323066984552,0.0,-0.45188435257750426,0.7112992769168694,0.6889999588387746,-0.9508230891531397,-1.1364143978621017,1.0066890377827438,High
-2.1968277902220423,2.1968277902220423,0.0,2.791304780753866,-0.21527381502868312,-1.8407061650686098,-0.719816507726235,-0.9932688565779733,1.0066890377827438,Low
0.3714061371958135,-0.3714061371958135,0.0,-1.1468534525770835,0.7112992769168694,-0.46086646111912744,0.8972295622620979,-0.80369773433683,-0.993355408143237,Low
-0.22126323066984552,0.22126323066984552,0.0,-0.2202279859109778,0.47965600393048125,1.1489465268219354,-1.412836252006949,1.5910884833625087,1.0066890377827438,High
-0.8139325985355046,0.8139325985355046,0.0,0.7063974807551279,0.24801273094409315,-0.23089317712754703,-0.719816507726235,-0.07249483426384928,1.0066890377827438,Medium
0.17384968124059383,-0.17384968124059383,0.0,-0.2202279859109778,0.016369457957705016,0.4590266748471942,-0.25780334487242557,1.571744491297086,1.0066890377827438,Medium
-0.023706774714625855,0.023706774714625855,0.0,-0.915197085910557,0.9429425499032575,0.4590266748471942,-0.4888099262993303,-1.1944463740583702,1.0066890377827438,Low
-0.22126323066984552,0.22126323066984552,0.0,-0.2202279859109778,0.47965600393048125,-1.3807595970854492,1.1282361436890027,1.606563677014847,1.0066890377827438,Low
-1.0114890544907242,1.0114890544907242,0.0,1.86467931408776,-0.6785603610014593,-1.3807595970854492,0.20420981798138385,0.9372615515512194,1.0066890377827438,High
-1.9992713342668227,1.9992713342668227,0.0,1.401366580754707,0.9429425499032575,-1.8407061650686098,-0.4888099262993303,-1.4575246661481196,1.0066890377827438,Medium
-1.0114890544907242,1.0114890544907242,0.0,0.7063974807551279,0.47965600393048125,0.2290533908556138,-1.412836252006949,-1.0590384296004105,-0.993355408143237,High
-2.1968277902220423,2.1968277902220423,0.0,0.011428380755548613,2.5644454608079745,-2.0706794490601905,-0.4888099262993303,1.4982373214484797,-0.993355408143237,Low
-0.22126323066984552,0.22126323066984552,0.0,-0.45188435257750426,0.7112992769168694,-0.46086646111912744,0.20420981798138385,0.5503817102427636,-0.993355408143237,High
-0.023706774714625855,0.023706774714625855,0.0,0.011428380755548613,0.016369457957705016,1.6088930948050963,-1.643842833433854,1.250634223011068,1.0066890377827438,Medium
0.17384968124059383,-0.17384968124059383,0.0,0.24308474742207503,-0.44691708801507124,-0.0009198931359666289,0.20420981798138385,-1.558113424888318,-0.993355408143237,Low
0.3714061371958135,-0.3714061371958135,0.0,-1.1468534525770835,0.7112992769168694,-0.6908397451107079,1.1282361436890027,0.6238888800913702,1.0066890377827438,Medium
0.9640755050614725,-0.9640755050614725,0.0,0.011428380755548613,-1.1418469069742356,-0.9208130291022882,2.0522624693966214,-1.5387694328228954,1.0066890377827438,Medium
-1.0114890544907242,1.0114890544907242,0.0,0.9380538474216543,0.24801273094409315,-0.46086646111912744,-0.719816507726235,0.349204192762367,1.0066890377827438,High
1.359188416971912,-1.359188416971912,0.0,-1.1468534525770835,-0.44691708801507124,1.378919810813516,0.20420981798138385,-1.5387694328228954,1.0066890377827438,Medium
-1.2090455104459439,1.2090455104459439,0.0,0.7063974807551279,0.7112992769168694,-0.23089317712754703,-1.1818296705800444,-0.6334706041611097,-0.993355408143237,Medium
-0.023706774714625855,0.023706774714625855,0.0,2.5596484140873392,-2.531706544892564,-0.46086646111912744,0.43521639940828855,-0.23885316602648524,-0.993355408143237,High
-0.22126323066984552,0.22126323066984552,0.0,-0.2202279859109778,0.47965600393048125,-1.1507863130938687,0.8972295622620979,-0.02220045489375003,1.0066890377827438,High
-0.023706774714625855,0.023706774714625855,0.0,-0.2202279859109778,0.24801273094409315,1.378919810813516,-1.412836252006949,0.8057224055063444,1.0066890377827438,High
-0.8139325985355046,0.8139325985355046,0.0,1.1697102140881808,-0.21527381502868312,0.4590266748471942,-1.412836252006949,0.9217863578988811,1.0066890377827438,Medium
-0.22126323066984552,0.22126323066984552,0.0,0.7063974807551279,-0.44691708801507124,-0.23089317712754703,-0.026796763445520868,1.0958822864876858,-0.993355408143237,Medium
0.5689625931510331,-0.5689625931510331,0.0,-0.915197085910557,0.24801273094409315,1.1489465268219354,-0.4888099262993303,-1.5774574169537408,-0.993355408143237,Medium
-0.8139325985355046,0.8139325985355046,0.0,0.24308474742207503,0.7112992769168694,-0.0009198931359666289,-0.9508230891531397,0.5310377181773412,-0.993355408143237,Medium
-0.8139325985355046,0.8139325985355046,0.0,1.86467931408776,-0.9102036339878475,0.918973242830355,-1.8748494148607586,0.6509704689829621,-0.993355408143237,High
