Sample_ID,cluster_id,cluster_assignment_scope,production_join_key_available
SAMPLE_1,3,official genomic sample only,False
SAMPLE_2,0,official genomic sample only,False
SAMPLE_3,1,official genomic sample only,False
SAMPLE_4,3,official genomic sample only,False
SAMPLE_5,0,official genomic sample only,False
SAMPLE_6,4,official genomic sample only,False
SAMPLE_7,2,official genomic sample only,False
SAMPLE_8,0,official genomic sample only,False
SAMPLE_9,4,official genomic sample only,False
SAMPLE_10,2,official genomic sample only,False
SAMPLE_11,3,official genomic sample only,False
SAMPLE_12,4,official genomic sample only,False
SAMPLE_13,3,official genomic sample only,False
SAMPLE_14,1,official genomic sample only,False
SAMPLE_15,3,official genomic sample only,False
SAMPLE_16,3,official genomic sample only,False
SAMPLE_17,2,official genomic sample only,False
SAMPLE_18,0,official genomic sample only,False
SAMPLE_19,1,official genomic sample only,False
SAMPLE_20,3,official genomic sample only,False
SAMPLE_21,4,official genomic sample only,False
SAMPLE_22,0,official genomic sample only,False
SAMPLE_23,2,official genomic sample only,False
SAMPLE_24,0,official genomic sample only,False
SAMPLE_25,1,official genomic sample only,False
SAMPLE_26,3,official genomic sample only,False
SAMPLE_27,1,official genomic sample only,False
SAMPLE_28,0,official genomic sample only,False
SAMPLE_29,4,official genomic sample only,False
SAMPLE_30,1,official genomic sample only,False
SAMPLE_31,3,official genomic sample only,False
SAMPLE_32,1,official genomic sample only,False
SAMPLE_33,0,official genomic sample only,False
SAMPLE_34,0,official genomic sample only,False
SAMPLE_35,4,official genomic sample only,False
SAMPLE_36,1,official genomic sample only,False
SAMPLE_37,3,official genomic sample only,False
SAMPLE_38,4,official genomic sample only,False
SAMPLE_39,2,official genomic sample only,False
SAMPLE_40,3,official genomic sample only,False
SAMPLE_41,2,official genomic sample only,False
SAMPLE_42,4,official genomic sample only,False
SAMPLE_43,0,official genomic sample only,False
SAMPLE_44,3,official genomic sample only,False
SAMPLE_45,1,official genomic sample only,False
SAMPLE_46,2,official genomic sample only,False
SAMPLE_47,4,official genomic sample only,False
SAMPLE_48,4,official genomic sample only,False
SAMPLE_49,3,official genomic sample only,False
SAMPLE_50,0,official genomic sample only,False
SAMPLE_51,4,official genomic sample only,False
SAMPLE_52,4,official genomic sample only,False
SAMPLE_53,1,official genomic sample only,False
SAMPLE_54,2,official genomic sample only,False
SAMPLE_55,3,official genomic sample only,False
SAMPLE_56,0,official genomic sample only,False
SAMPLE_57,4,official genomic sample only,False
SAMPLE_58,1,official genomic sample only,False
SAMPLE_59,2,official genomic sample only,False
SAMPLE_60,1,official genomic sample only,False
SAMPLE_61,4,official genomic sample only,False
SAMPLE_62,1,official genomic sample only,False
SAMPLE_63,3,official genomic sample only,False
SAMPLE_64,3,official genomic sample only,False
SAMPLE_65,3,official genomic sample only,False
SAMPLE_66,0,official genomic sample only,False
SAMPLE_67,4,official genomic sample only,False
SAMPLE_68,4,official genomic sample only,False
SAMPLE_69,0,official genomic sample only,False
SAMPLE_70,1,official genomic sample only,False
SAMPLE_71,2,official genomic sample only,False
SAMPLE_72,3,official genomic sample only,False
SAMPLE_73,1,official genomic sample only,False
SAMPLE_74,0,official genomic sample only,False
SAMPLE_75,1,official genomic sample only,False
SAMPLE_76,0,official genomic sample only,False
SAMPLE_77,0,official genomic sample only,False
SAMPLE_78,3,official genomic sample only,False
SAMPLE_79,0,official genomic sample only,False
SAMPLE_80,3,official genomic sample only,False
SAMPLE_81,1,official genomic sample only,False
SAMPLE_82,3,official genomic sample only,False
SAMPLE_83,4,official genomic sample only,False
SAMPLE_84,3,official genomic sample only,False
SAMPLE_85,1,official genomic sample only,False
SAMPLE_86,1,official genomic sample only,False
SAMPLE_87,2,official genomic sample only,False
SAMPLE_88,2,official genomic sample only,False
SAMPLE_89,1,official genomic sample only,False
SAMPLE_90,1,official genomic sample only,False
SAMPLE_91,3,official genomic sample only,False
SAMPLE_92,3,official genomic sample only,False
SAMPLE_93,0,official genomic sample only,False
SAMPLE_94,3,official genomic sample only,False
SAMPLE_95,3,official genomic sample only,False
SAMPLE_96,2,official genomic sample only,False
SAMPLE_97,2,official genomic sample only,False
SAMPLE_98,3,official genomic sample only,False
SAMPLE_99,0,official genomic sample only,False
SAMPLE_100,4,official genomic sample only,False
SAMPLE_101,3,official genomic sample only,False
SAMPLE_102,2,official genomic sample only,False
SAMPLE_103,4,official genomic sample only,False
SAMPLE_104,4,official genomic sample only,False
SAMPLE_105,1,official genomic sample only,False
SAMPLE_106,1,official genomic sample only,False
SAMPLE_107,0,official genomic sample only,False
SAMPLE_108,3,official genomic sample only,False
SAMPLE_109,2,official genomic sample only,False
SAMPLE_110,2,official genomic sample only,False
SAMPLE_111,3,official genomic sample only,False
SAMPLE_112,3,official genomic sample only,False
SAMPLE_113,4,official genomic sample only,False
SAMPLE_114,2,official genomic sample only,False
SAMPLE_115,1,official genomic sample only,False
SAMPLE_116,1,official genomic sample only,False
SAMPLE_117,0,official genomic sample only,False
SAMPLE_118,1,official genomic sample only,False
SAMPLE_119,2,official genomic sample only,False
SAMPLE_120,0,official genomic sample only,False
SAMPLE_121,3,official genomic sample only,False
SAMPLE_122,1,official genomic sample only,False
SAMPLE_123,4,official genomic sample only,False
SAMPLE_124,3,official genomic sample only,False
SAMPLE_125,3,official genomic sample only,False
SAMPLE_126,3,official genomic sample only,False
SAMPLE_127,3,official genomic sample only,False
SAMPLE_128,1,official genomic sample only,False
SAMPLE_129,1,official genomic sample only,False
SAMPLE_130,0,official genomic sample only,False
SAMPLE_131,2,official genomic sample only,False
SAMPLE_132,3,official genomic sample only,False
SAMPLE_133,2,official genomic sample only,False
SAMPLE_134,4,official genomic sample only,False
SAMPLE_135,1,official genomic sample only,False
SAMPLE_136,1,official genomic sample only,False
SAMPLE_137,4,official genomic sample only,False
SAMPLE_138,3,official genomic sample only,False
SAMPLE_139,0,official genomic sample only,False
SAMPLE_140,3,official genomic sample only,False
SAMPLE_141,3,official genomic sample only,False
SAMPLE_142,3,official genomic sample only,False
SAMPLE_143,2,official genomic sample only,False
SAMPLE_144,3,official genomic sample only,False
SAMPLE_145,4,official genomic sample only,False
SAMPLE_146,0,official genomic sample only,False
SAMPLE_147,4,official genomic sample only,False
SAMPLE_148,0,official genomic sample only,False
SAMPLE_149,1,official genomic sample only,False
SAMPLE_150,0,official genomic sample only,False
SAMPLE_151,1,official genomic sample only,False
SAMPLE_152,1,official genomic sample only,False
SAMPLE_153,1,official genomic sample only,False
SAMPLE_154,2,official genomic sample only,False
SAMPLE_155,0,official genomic sample only,False
SAMPLE_156,1,official genomic sample only,False
SAMPLE_157,2,official genomic sample only,False
SAMPLE_158,0,official genomic sample only,False
SAMPLE_159,1,official genomic sample only,False
SAMPLE_160,3,official genomic sample only,False
SAMPLE_161,0,official genomic sample only,False
SAMPLE_162,2,official genomic sample only,False
SAMPLE_163,4,official genomic sample only,False
SAMPLE_164,1,official genomic sample only,False
SAMPLE_165,0,official genomic sample only,False
SAMPLE_166,4,official genomic sample only,False
SAMPLE_167,0,official genomic sample only,False
SAMPLE_168,2,official genomic sample only,False
SAMPLE_169,1,official genomic sample only,False
SAMPLE_170,0,official genomic sample only,False
SAMPLE_171,1,official genomic sample only,False
SAMPLE_172,1,official genomic sample only,False
SAMPLE_173,1,official genomic sample only,False
SAMPLE_174,0,official genomic sample only,False
SAMPLE_175,1,official genomic sample only,False
SAMPLE_176,3,official genomic sample only,False
SAMPLE_177,3,official genomic sample only,False
SAMPLE_178,2,official genomic sample only,False
SAMPLE_179,1,official genomic sample only,False
SAMPLE_180,4,official genomic sample only,False
SAMPLE_181,2,official genomic sample only,False
SAMPLE_182,1,official genomic sample only,False
SAMPLE_183,1,official genomic sample only,False
SAMPLE_184,2,official genomic sample only,False
SAMPLE_185,0,official genomic sample only,False
SAMPLE_186,0,official genomic sample only,False
SAMPLE_187,3,official genomic sample only,False
SAMPLE_188,1,official genomic sample only,False
SAMPLE_189,0,official genomic sample only,False
SAMPLE_190,3,official genomic sample only,False
SAMPLE_191,2,official genomic sample only,False
SAMPLE_192,1,official genomic sample only,False
SAMPLE_193,4,official genomic sample only,False
SAMPLE_194,2,official genomic sample only,False
SAMPLE_195,1,official genomic sample only,False
SAMPLE_196,3,official genomic sample only,False
SAMPLE_197,3,official genomic sample only,False
SAMPLE_198,0,official genomic sample only,False
SAMPLE_199,0,official genomic sample only,False
SAMPLE_200,1,official genomic sample only,False
SAMPLE_201,1,official genomic sample only,False
SAMPLE_202,4,official genomic sample only,False
SAMPLE_203,1,official genomic sample only,False
SAMPLE_204,2,official genomic sample only,False
SAMPLE_205,3,official genomic sample only,False
SAMPLE_206,3,official genomic sample only,False
SAMPLE_207,2,official genomic sample only,False
SAMPLE_208,4,official genomic sample only,False
SAMPLE_209,3,official genomic sample only,False
SAMPLE_210,1,official genomic sample only,False
SAMPLE_211,0,official genomic sample only,False
SAMPLE_212,0,official genomic sample only,False
SAMPLE_213,2,official genomic sample only,False
SAMPLE_214,0,official genomic sample only,False
SAMPLE_215,2,official genomic sample only,False
SAMPLE_216,3,official genomic sample only,False
SAMPLE_217,4,official genomic sample only,False
SAMPLE_218,4,official genomic sample only,False
SAMPLE_219,4,official genomic sample only,False
SAMPLE_220,0,official genomic sample only,False
SAMPLE_221,1,official genomic sample only,False
SAMPLE_222,3,official genomic sample only,False
SAMPLE_223,2,official genomic sample only,False
SAMPLE_224,3,official genomic sample only,False
SAMPLE_225,3,official genomic sample only,False
SAMPLE_226,3,official genomic sample only,False
SAMPLE_227,3,official genomic sample only,False
SAMPLE_228,0,official genomic sample only,False
SAMPLE_229,3,official genomic sample only,False
SAMPLE_230,3,official genomic sample only,False
SAMPLE_231,3,official genomic sample only,False
SAMPLE_232,3,official genomic sample only,False
SAMPLE_233,4,official genomic sample only,False
SAMPLE_234,0,official genomic sample only,False
SAMPLE_235,4,official genomic sample only,False
SAMPLE_236,1,official genomic sample only,False
SAMPLE_237,3,official genomic sample only,False
SAMPLE_238,0,official genomic sample only,False
SAMPLE_239,3,official genomic sample only,False
SAMPLE_240,2,official genomic sample only,False
SAMPLE_241,2,official genomic sample only,False
SAMPLE_242,1,official genomic sample only,False
SAMPLE_243,2,official genomic sample only,False
SAMPLE_244,1,official genomic sample only,False
SAMPLE_245,3,official genomic sample only,False
SAMPLE_246,3,official genomic sample only,False
SAMPLE_247,1,official genomic sample only,False
SAMPLE_248,3,official genomic sample only,False
SAMPLE_249,4,official genomic sample only,False
SAMPLE_250,0,official genomic sample only,False
SAMPLE_251,1,official genomic sample only,False
SAMPLE_252,0,official genomic sample only,False
SAMPLE_253,2,official genomic sample only,False
SAMPLE_254,3,official genomic sample only,False
SAMPLE_255,1,official genomic sample only,False
SAMPLE_256,3,official genomic sample only,False
SAMPLE_257,0,official genomic sample only,False
SAMPLE_258,1,official genomic sample only,False
SAMPLE_259,3,official genomic sample only,False
SAMPLE_260,3,official genomic sample only,False
SAMPLE_261,3,official genomic sample only,False
SAMPLE_262,2,official genomic sample only,False
SAMPLE_263,1,official genomic sample only,False
SAMPLE_264,4,official genomic sample only,False
SAMPLE_265,2,official genomic sample only,False
SAMPLE_266,3,official genomic sample only,False
SAMPLE_267,2,official genomic sample only,False
SAMPLE_268,1,official genomic sample only,False
SAMPLE_269,1,official genomic sample only,False
SAMPLE_270,0,official genomic sample only,False
SAMPLE_271,0,official genomic sample only,False
SAMPLE_272,2,official genomic sample only,False
SAMPLE_273,4,official genomic sample only,False
SAMPLE_274,0,official genomic sample only,False
SAMPLE_275,1,official genomic sample only,False
SAMPLE_276,3,official genomic sample only,False
SAMPLE_277,3,official genomic sample only,False
SAMPLE_278,2,official genomic sample only,False
SAMPLE_279,1,official genomic sample only,False
SAMPLE_280,1,official genomic sample only,False
SAMPLE_281,0,official genomic sample only,False
SAMPLE_282,3,official genomic sample only,False
SAMPLE_283,1,official genomic sample only,False
SAMPLE_284,0,official genomic sample only,False
SAMPLE_285,0,official genomic sample only,False
SAMPLE_286,4,official genomic sample only,False
SAMPLE_287,1,official genomic sample only,False
SAMPLE_288,3,official genomic sample only,False
SAMPLE_289,1,official genomic sample only,False
SAMPLE_290,0,official genomic sample only,False
SAMPLE_291,0,official genomic sample only,False
SAMPLE_292,1,official genomic sample only,False
SAMPLE_293,0,official genomic sample only,False
SAMPLE_294,3,official genomic sample only,False
SAMPLE_295,4,official genomic sample only,False
SAMPLE_296,4,official genomic sample only,False
SAMPLE_297,2,official genomic sample only,False
SAMPLE_298,3,official genomic sample only,False
SAMPLE_299,0,official genomic sample only,False
SAMPLE_300,0,official genomic sample only,False
SAMPLE_301,0,official genomic sample only,False
SAMPLE_302,0,official genomic sample only,False
SAMPLE_303,0,official genomic sample only,False
SAMPLE_304,0,official genomic sample only,False
SAMPLE_305,2,official genomic sample only,False
SAMPLE_306,0,official genomic sample only,False
SAMPLE_307,3,official genomic sample only,False
SAMPLE_308,0,official genomic sample only,False
SAMPLE_309,1,official genomic sample only,False
SAMPLE_310,1,official genomic sample only,False
SAMPLE_311,3,official genomic sample only,False
SAMPLE_312,3,official genomic sample only,False
SAMPLE_313,1,official genomic sample only,False
SAMPLE_314,4,official genomic sample only,False
SAMPLE_315,2,official genomic sample only,False
SAMPLE_316,3,official genomic sample only,False
SAMPLE_317,2,official genomic sample only,False
SAMPLE_318,1,official genomic sample only,False
SAMPLE_319,0,official genomic sample only,False
SAMPLE_320,0,official genomic sample only,False
SAMPLE_321,1,official genomic sample only,False
SAMPLE_322,1,official genomic sample only,False
SAMPLE_323,2,official genomic sample only,False
SAMPLE_324,2,official genomic sample only,False
SAMPLE_325,3,official genomic sample only,False
SAMPLE_326,0,official genomic sample only,False
SAMPLE_327,3,official genomic sample only,False
SAMPLE_328,0,official genomic sample only,False
SAMPLE_329,2,official genomic sample only,False
SAMPLE_330,2,official genomic sample only,False
SAMPLE_331,0,official genomic sample only,False
SAMPLE_332,1,official genomic sample only,False
SAMPLE_333,3,official genomic sample only,False
SAMPLE_334,3,official genomic sample only,False
SAMPLE_335,1,official genomic sample only,False
SAMPLE_336,2,official genomic sample only,False
SAMPLE_337,3,official genomic sample only,False
SAMPLE_338,3,official genomic sample only,False
SAMPLE_339,2,official genomic sample only,False
SAMPLE_340,4,official genomic sample only,False
SAMPLE_341,1,official genomic sample only,False
SAMPLE_342,1,official genomic sample only,False
SAMPLE_343,0,official genomic sample only,False
SAMPLE_344,2,official genomic sample only,False
SAMPLE_345,1,official genomic sample only,False
SAMPLE_346,0,official genomic sample only,False
SAMPLE_347,3,official genomic sample only,False
SAMPLE_348,4,official genomic sample only,False
SAMPLE_349,1,official genomic sample only,False
SAMPLE_350,2,official genomic sample only,False
SAMPLE_351,4,official genomic sample only,False
SAMPLE_352,1,official genomic sample only,False
SAMPLE_353,0,official genomic sample only,False
SAMPLE_354,0,official genomic sample only,False
SAMPLE_355,0,official genomic sample only,False
SAMPLE_356,1,official genomic sample only,False
SAMPLE_357,2,official genomic sample only,False
SAMPLE_358,1,official genomic sample only,False
SAMPLE_359,3,official genomic sample only,False
SAMPLE_360,0,official genomic sample only,False
SAMPLE_361,4,official genomic sample only,False
SAMPLE_362,1,official genomic sample only,False
SAMPLE_363,1,official genomic sample only,False
SAMPLE_364,4,official genomic sample only,False
SAMPLE_365,3,official genomic sample only,False
SAMPLE_366,0,official genomic sample only,False
SAMPLE_367,0,official genomic sample only,False
SAMPLE_368,3,official genomic sample only,False
SAMPLE_369,1,official genomic sample only,False
SAMPLE_370,3,official genomic sample only,False
SAMPLE_371,4,official genomic sample only,False
SAMPLE_372,0,official genomic sample only,False
SAMPLE_373,2,official genomic sample only,False
SAMPLE_374,3,official genomic sample only,False
SAMPLE_375,1,official genomic sample only,False
SAMPLE_376,4,official genomic sample only,False
SAMPLE_377,2,official genomic sample only,False
SAMPLE_378,1,official genomic sample only,False
SAMPLE_379,0,official genomic sample only,False
SAMPLE_380,1,official genomic sample only,False
SAMPLE_381,4,official genomic sample only,False
SAMPLE_382,3,official genomic sample only,False
SAMPLE_383,4,official genomic sample only,False
SAMPLE_384,3,official genomic sample only,False
SAMPLE_385,2,official genomic sample only,False
SAMPLE_386,2,official genomic sample only,False
SAMPLE_387,0,official genomic sample only,False
SAMPLE_388,3,official genomic sample only,False
SAMPLE_389,4,official genomic sample only,False
SAMPLE_390,3,official genomic sample only,False
SAMPLE_391,3,official genomic sample only,False
SAMPLE_392,4,official genomic sample only,False
SAMPLE_393,1,official genomic sample only,False
SAMPLE_394,0,official genomic sample only,False
SAMPLE_395,2,official genomic sample only,False
SAMPLE_396,1,official genomic sample only,False
SAMPLE_397,1,official genomic sample only,False
SAMPLE_398,0,official genomic sample only,False
SAMPLE_399,3,official genomic sample only,False
SAMPLE_400,4,official genomic sample only,False
SAMPLE_401,2,official genomic sample only,False
SAMPLE_402,1,official genomic sample only,False
SAMPLE_403,4,official genomic sample only,False
SAMPLE_404,0,official genomic sample only,False
SAMPLE_405,4,official genomic sample only,False
SAMPLE_406,4,official genomic sample only,False
SAMPLE_407,4,official genomic sample only,False
SAMPLE_408,3,official genomic sample only,False
SAMPLE_409,0,official genomic sample only,False
SAMPLE_410,3,official genomic sample only,False
SAMPLE_411,3,official genomic sample only,False
SAMPLE_412,1,official genomic sample only,False
SAMPLE_413,4,official genomic sample only,False
SAMPLE_414,1,official genomic sample only,False
SAMPLE_415,1,official genomic sample only,False
SAMPLE_416,2,official genomic sample only,False
SAMPLE_417,4,official genomic sample only,False
SAMPLE_418,0,official genomic sample only,False
SAMPLE_419,3,official genomic sample only,False
SAMPLE_420,4,official genomic sample only,False
SAMPLE_421,4,official genomic sample only,False
SAMPLE_422,2,official genomic sample only,False
SAMPLE_423,0,official genomic sample only,False
SAMPLE_424,4,official genomic sample only,False
SAMPLE_425,2,official genomic sample only,False
SAMPLE_426,3,official genomic sample only,False
SAMPLE_427,0,official genomic sample only,False
SAMPLE_428,2,official genomic sample only,False
SAMPLE_429,1,official genomic sample only,False
SAMPLE_430,1,official genomic sample only,False
SAMPLE_431,1,official genomic sample only,False
SAMPLE_432,4,official genomic sample only,False
SAMPLE_433,2,official genomic sample only,False
SAMPLE_434,3,official genomic sample only,False
SAMPLE_435,2,official genomic sample only,False
SAMPLE_436,2,official genomic sample only,False
SAMPLE_437,0,official genomic sample only,False
SAMPLE_438,2,official genomic sample only,False
SAMPLE_439,1,official genomic sample only,False
SAMPLE_440,1,official genomic sample only,False
SAMPLE_441,3,official genomic sample only,False
SAMPLE_442,3,official genomic sample only,False
SAMPLE_443,1,official genomic sample only,False
SAMPLE_444,3,official genomic sample only,False
SAMPLE_445,1,official genomic sample only,False
SAMPLE_446,0,official genomic sample only,False
SAMPLE_447,4,official genomic sample only,False
SAMPLE_448,3,official genomic sample only,False
SAMPLE_449,4,official genomic sample only,False
SAMPLE_450,0,official genomic sample only,False
SAMPLE_451,0,official genomic sample only,False
SAMPLE_452,3,official genomic sample only,False
SAMPLE_453,4,official genomic sample only,False
SAMPLE_454,0,official genomic sample only,False
SAMPLE_455,2,official genomic sample only,False
SAMPLE_456,2,official genomic sample only,False
SAMPLE_457,4,official genomic sample only,False
SAMPLE_458,4,official genomic sample only,False
SAMPLE_459,4,official genomic sample only,False
SAMPLE_460,4,official genomic sample only,False
SAMPLE_461,1,official genomic sample only,False
SAMPLE_462,3,official genomic sample only,False
SAMPLE_463,4,official genomic sample only,False
SAMPLE_464,0,official genomic sample only,False
SAMPLE_465,2,official genomic sample only,False
SAMPLE_466,0,official genomic sample only,False
SAMPLE_467,2,official genomic sample only,False
SAMPLE_468,0,official genomic sample only,False
SAMPLE_469,1,official genomic sample only,False
SAMPLE_470,1,official genomic sample only,False
SAMPLE_471,1,official genomic sample only,False
SAMPLE_472,0,official genomic sample only,False
SAMPLE_473,4,official genomic sample only,False
SAMPLE_474,1,official genomic sample only,False
SAMPLE_475,0,official genomic sample only,False
SAMPLE_476,1,official genomic sample only,False
SAMPLE_477,0,official genomic sample only,False
SAMPLE_478,2,official genomic sample only,False
SAMPLE_479,2,official genomic sample only,False
SAMPLE_480,2,official genomic sample only,False
SAMPLE_481,0,official genomic sample only,False
SAMPLE_482,3,official genomic sample only,False
SAMPLE_483,1,official genomic sample only,False
SAMPLE_484,4,official genomic sample only,False
SAMPLE_485,0,official genomic sample only,False
SAMPLE_486,0,official genomic sample only,False
SAMPLE_487,3,official genomic sample only,False
SAMPLE_488,4,official genomic sample only,False
SAMPLE_489,0,official genomic sample only,False
SAMPLE_490,1,official genomic sample only,False
SAMPLE_491,4,official genomic sample only,False
SAMPLE_492,4,official genomic sample only,False
SAMPLE_493,0,official genomic sample only,False
SAMPLE_494,1,official genomic sample only,False
SAMPLE_495,1,official genomic sample only,False
SAMPLE_496,3,official genomic sample only,False
SAMPLE_497,1,official genomic sample only,False
SAMPLE_498,3,official genomic sample only,False
SAMPLE_499,2,official genomic sample only,False
SAMPLE_500,4,official genomic sample only,False
SAMPLE_501,0,official genomic sample only,False
SAMPLE_502,4,official genomic sample only,False
SAMPLE_503,0,official genomic sample only,False
SAMPLE_504,0,official genomic sample only,False
SAMPLE_505,4,official genomic sample only,False
SAMPLE_506,3,official genomic sample only,False
SAMPLE_507,3,official genomic sample only,False
SAMPLE_508,1,official genomic sample only,False
SAMPLE_509,4,official genomic sample only,False
SAMPLE_510,3,official genomic sample only,False
SAMPLE_511,1,official genomic sample only,False
SAMPLE_512,1,official genomic sample only,False
SAMPLE_513,3,official genomic sample only,False
SAMPLE_514,1,official genomic sample only,False
SAMPLE_515,0,official genomic sample only,False
SAMPLE_516,4,official genomic sample only,False
SAMPLE_517,4,official genomic sample only,False
SAMPLE_518,0,official genomic sample only,False
SAMPLE_519,3,official genomic sample only,False
SAMPLE_520,1,official genomic sample only,False
SAMPLE_521,3,official genomic sample only,False
SAMPLE_522,3,official genomic sample only,False
SAMPLE_523,3,official genomic sample only,False
SAMPLE_524,3,official genomic sample only,False
SAMPLE_525,2,official genomic sample only,False
SAMPLE_526,3,official genomic sample only,False
SAMPLE_527,1,official genomic sample only,False
SAMPLE_528,0,official genomic sample only,False
SAMPLE_529,0,official genomic sample only,False
SAMPLE_530,3,official genomic sample only,False
SAMPLE_531,0,official genomic sample only,False
SAMPLE_532,1,official genomic sample only,False
SAMPLE_533,1,official genomic sample only,False
SAMPLE_534,0,official genomic sample only,False
SAMPLE_535,2,official genomic sample only,False
SAMPLE_536,0,official genomic sample only,False
SAMPLE_537,4,official genomic sample only,False
SAMPLE_538,2,official genomic sample only,False
SAMPLE_539,3,official genomic sample only,False
SAMPLE_540,0,official genomic sample only,False
SAMPLE_541,3,official genomic sample only,False
SAMPLE_542,4,official genomic sample only,False
SAMPLE_543,0,official genomic sample only,False
SAMPLE_544,3,official genomic sample only,False
SAMPLE_545,3,official genomic sample only,False
SAMPLE_546,3,official genomic sample only,False
SAMPLE_547,3,official genomic sample only,False
SAMPLE_548,2,official genomic sample only,False
SAMPLE_549,2,official genomic sample only,False
SAMPLE_550,1,official genomic sample only,False
SAMPLE_551,3,official genomic sample only,False
SAMPLE_552,0,official genomic sample only,False
SAMPLE_553,4,official genomic sample only,False
SAMPLE_554,0,official genomic sample only,False
SAMPLE_555,2,official genomic sample only,False
SAMPLE_556,2,official genomic sample only,False
SAMPLE_557,1,official genomic sample only,False
SAMPLE_558,0,official genomic sample only,False
SAMPLE_559,0,official genomic sample only,False
SAMPLE_560,2,official genomic sample only,False
SAMPLE_561,3,official genomic sample only,False
SAMPLE_562,2,official genomic sample only,False
SAMPLE_563,0,official genomic sample only,False
SAMPLE_564,1,official genomic sample only,False
SAMPLE_565,2,official genomic sample only,False
SAMPLE_566,4,official genomic sample only,False
SAMPLE_567,4,official genomic sample only,False
SAMPLE_568,1,official genomic sample only,False
SAMPLE_569,1,official genomic sample only,False
SAMPLE_570,4,official genomic sample only,False
SAMPLE_571,3,official genomic sample only,False
SAMPLE_572,2,official genomic sample only,False
SAMPLE_573,1,official genomic sample only,False
SAMPLE_574,0,official genomic sample only,False
SAMPLE_575,0,official genomic sample only,False
SAMPLE_576,4,official genomic sample only,False
SAMPLE_577,3,official genomic sample only,False
SAMPLE_578,3,official genomic sample only,False
SAMPLE_579,1,official genomic sample only,False
SAMPLE_580,4,official genomic sample only,False
SAMPLE_581,0,official genomic sample only,False
SAMPLE_582,2,official genomic sample only,False
SAMPLE_583,2,official genomic sample only,False
SAMPLE_584,4,official genomic sample only,False
SAMPLE_585,0,official genomic sample only,False
SAMPLE_586,1,official genomic sample only,False
SAMPLE_587,2,official genomic sample only,False
SAMPLE_588,3,official genomic sample only,False
SAMPLE_589,0,official genomic sample only,False
SAMPLE_590,3,official genomic sample only,False
SAMPLE_591,3,official genomic sample only,False
SAMPLE_592,2,official genomic sample only,False
SAMPLE_593,1,official genomic sample only,False
SAMPLE_594,4,official genomic sample only,False
SAMPLE_595,3,official genomic sample only,False
SAMPLE_596,4,official genomic sample only,False
SAMPLE_597,0,official genomic sample only,False
SAMPLE_598,2,official genomic sample only,False
SAMPLE_599,4,official genomic sample only,False
SAMPLE_600,2,official genomic sample only,False
SAMPLE_601,1,official genomic sample only,False
SAMPLE_602,1,official genomic sample only,False
SAMPLE_603,3,official genomic sample only,False
SAMPLE_604,4,official genomic sample only,False
SAMPLE_605,1,official genomic sample only,False
SAMPLE_606,3,official genomic sample only,False
SAMPLE_607,3,official genomic sample only,False
SAMPLE_608,1,official genomic sample only,False
SAMPLE_609,3,official genomic sample only,False
SAMPLE_610,2,official genomic sample only,False
SAMPLE_611,1,official genomic sample only,False
SAMPLE_612,0,official genomic sample only,False
SAMPLE_613,1,official genomic sample only,False
SAMPLE_614,1,official genomic sample only,False
SAMPLE_615,0,official genomic sample only,False
SAMPLE_616,1,official genomic sample only,False
SAMPLE_617,1,official genomic sample only,False
SAMPLE_618,1,official genomic sample only,False
SAMPLE_619,3,official genomic sample only,False
SAMPLE_620,0,official genomic sample only,False
SAMPLE_621,2,official genomic sample only,False
SAMPLE_622,0,official genomic sample only,False
SAMPLE_623,1,official genomic sample only,False
SAMPLE_624,3,official genomic sample only,False
SAMPLE_625,1,official genomic sample only,False
SAMPLE_626,1,official genomic sample only,False
SAMPLE_627,1,official genomic sample only,False
SAMPLE_628,1,official genomic sample only,False
SAMPLE_629,3,official genomic sample only,False
SAMPLE_630,2,official genomic sample only,False
SAMPLE_631,3,official genomic sample only,False
SAMPLE_632,0,official genomic sample only,False
SAMPLE_633,0,official genomic sample only,False
SAMPLE_634,2,official genomic sample only,False
SAMPLE_635,1,official genomic sample only,False
SAMPLE_636,0,official genomic sample only,False
SAMPLE_637,4,official genomic sample only,False
SAMPLE_638,0,official genomic sample only,False
SAMPLE_639,3,official genomic sample only,False
SAMPLE_640,3,official genomic sample only,False
SAMPLE_641,1,official genomic sample only,False
SAMPLE_642,0,official genomic sample only,False
SAMPLE_643,3,official genomic sample only,False
SAMPLE_644,0,official genomic sample only,False
SAMPLE_645,1,official genomic sample only,False
SAMPLE_646,1,official genomic sample only,False
SAMPLE_647,4,official genomic sample only,False
SAMPLE_648,1,official genomic sample only,False
SAMPLE_649,1,official genomic sample only,False
SAMPLE_650,4,official genomic sample only,False
SAMPLE_651,0,official genomic sample only,False
SAMPLE_652,1,official genomic sample only,False
SAMPLE_653,2,official genomic sample only,False
SAMPLE_654,1,official genomic sample only,False
SAMPLE_655,2,official genomic sample only,False
SAMPLE_656,4,official genomic sample only,False
SAMPLE_657,3,official genomic sample only,False
SAMPLE_658,3,official genomic sample only,False
SAMPLE_659,2,official genomic sample only,False
SAMPLE_660,2,official genomic sample only,False
SAMPLE_661,3,official genomic sample only,False
SAMPLE_662,3,official genomic sample only,False
SAMPLE_663,3,official genomic sample only,False
SAMPLE_664,1,official genomic sample only,False
SAMPLE_665,1,official genomic sample only,False
SAMPLE_666,3,official genomic sample only,False
SAMPLE_667,3,official genomic sample only,False
SAMPLE_668,1,official genomic sample only,False
SAMPLE_669,4,official genomic sample only,False
SAMPLE_670,3,official genomic sample only,False
SAMPLE_671,4,official genomic sample only,False
SAMPLE_672,3,official genomic sample only,False
SAMPLE_673,3,official genomic sample only,False
SAMPLE_674,2,official genomic sample only,False
SAMPLE_675,3,official genomic sample only,False
SAMPLE_676,3,official genomic sample only,False
SAMPLE_677,4,official genomic sample only,False
SAMPLE_678,3,official genomic sample only,False
SAMPLE_679,2,official genomic sample only,False
SAMPLE_680,1,official genomic sample only,False
SAMPLE_681,3,official genomic sample only,False
SAMPLE_682,1,official genomic sample only,False
SAMPLE_683,3,official genomic sample only,False
SAMPLE_684,1,official genomic sample only,False
SAMPLE_685,4,official genomic sample only,False
SAMPLE_686,0,official genomic sample only,False
SAMPLE_687,0,official genomic sample only,False
SAMPLE_688,2,official genomic sample only,False
SAMPLE_689,3,official genomic sample only,False
SAMPLE_690,4,official genomic sample only,False
SAMPLE_691,1,official genomic sample only,False
SAMPLE_692,0,official genomic sample only,False
SAMPLE_693,3,official genomic sample only,False
SAMPLE_694,0,official genomic sample only,False
SAMPLE_695,1,official genomic sample only,False
SAMPLE_696,1,official genomic sample only,False
SAMPLE_697,1,official genomic sample only,False
SAMPLE_698,0,official genomic sample only,False
SAMPLE_699,2,official genomic sample only,False
SAMPLE_700,4,official genomic sample only,False
SAMPLE_701,1,official genomic sample only,False
SAMPLE_702,1,official genomic sample only,False
SAMPLE_703,3,official genomic sample only,False
SAMPLE_704,1,official genomic sample only,False
SAMPLE_705,4,official genomic sample only,False
SAMPLE_706,1,official genomic sample only,False
SAMPLE_707,0,official genomic sample only,False
SAMPLE_708,3,official genomic sample only,False
SAMPLE_709,0,official genomic sample only,False
SAMPLE_710,3,official genomic sample only,False
SAMPLE_711,0,official genomic sample only,False
SAMPLE_712,3,official genomic sample only,False
SAMPLE_713,3,official genomic sample only,False
SAMPLE_714,1,official genomic sample only,False
SAMPLE_715,1,official genomic sample only,False
SAMPLE_716,1,official genomic sample only,False
SAMPLE_717,0,official genomic sample only,False
SAMPLE_718,3,official genomic sample only,False
SAMPLE_719,3,official genomic sample only,False
SAMPLE_720,3,official genomic sample only,False
SAMPLE_721,2,official genomic sample only,False
SAMPLE_722,2,official genomic sample only,False
SAMPLE_723,1,official genomic sample only,False
SAMPLE_724,3,official genomic sample only,False
SAMPLE_725,3,official genomic sample only,False
SAMPLE_726,4,official genomic sample only,False
SAMPLE_727,0,official genomic sample only,False
SAMPLE_728,4,official genomic sample only,False
SAMPLE_729,3,official genomic sample only,False
SAMPLE_730,0,official genomic sample only,False
SAMPLE_731,3,official genomic sample only,False
SAMPLE_732,4,official genomic sample only,False
SAMPLE_733,1,official genomic sample only,False
SAMPLE_734,1,official genomic sample only,False
SAMPLE_735,3,official genomic sample only,False
SAMPLE_736,3,official genomic sample only,False
SAMPLE_737,3,official genomic sample only,False
SAMPLE_738,2,official genomic sample only,False
SAMPLE_739,1,official genomic sample only,False
SAMPLE_740,3,official genomic sample only,False
SAMPLE_741,4,official genomic sample only,False
SAMPLE_742,3,official genomic sample only,False
SAMPLE_743,3,official genomic sample only,False
SAMPLE_744,3,official genomic sample only,False
SAMPLE_745,4,official genomic sample only,False
SAMPLE_746,0,official genomic sample only,False
SAMPLE_747,1,official genomic sample only,False
SAMPLE_748,2,official genomic sample only,False
SAMPLE_749,3,official genomic sample only,False
SAMPLE_750,0,official genomic sample only,False
SAMPLE_751,3,official genomic sample only,False
SAMPLE_752,0,official genomic sample only,False
SAMPLE_753,4,official genomic sample only,False
SAMPLE_754,3,official genomic sample only,False
SAMPLE_755,2,official genomic sample only,False
SAMPLE_756,4,official genomic sample only,False
SAMPLE_757,0,official genomic sample only,False
SAMPLE_758,0,official genomic sample only,False
SAMPLE_759,2,official genomic sample only,False
SAMPLE_760,1,official genomic sample only,False
SAMPLE_761,4,official genomic sample only,False
SAMPLE_762,4,official genomic sample only,False
SAMPLE_763,2,official genomic sample only,False
SAMPLE_764,1,official genomic sample only,False
SAMPLE_765,0,official genomic sample only,False
SAMPLE_766,1,official genomic sample only,False
SAMPLE_767,3,official genomic sample only,False
SAMPLE_768,2,official genomic sample only,False
SAMPLE_769,1,official genomic sample only,False
SAMPLE_770,3,official genomic sample only,False
SAMPLE_771,1,official genomic sample only,False
SAMPLE_772,0,official genomic sample only,False
SAMPLE_773,4,official genomic sample only,False
SAMPLE_774,4,official genomic sample only,False
SAMPLE_775,1,official genomic sample only,False
SAMPLE_776,4,official genomic sample only,False
SAMPLE_777,3,official genomic sample only,False
SAMPLE_778,1,official genomic sample only,False
SAMPLE_779,1,official genomic sample only,False
SAMPLE_780,0,official genomic sample only,False
SAMPLE_781,3,official genomic sample only,False
SAMPLE_782,3,official genomic sample only,False
SAMPLE_783,3,official genomic sample only,False
SAMPLE_784,4,official genomic sample only,False
SAMPLE_785,3,official genomic sample only,False
SAMPLE_786,4,official genomic sample only,False
SAMPLE_787,0,official genomic sample only,False
SAMPLE_788,1,official genomic sample only,False
SAMPLE_789,3,official genomic sample only,False
SAMPLE_790,0,official genomic sample only,False
SAMPLE_791,2,official genomic sample only,False
SAMPLE_792,3,official genomic sample only,False
SAMPLE_793,3,official genomic sample only,False
SAMPLE_794,4,official genomic sample only,False
SAMPLE_795,0,official genomic sample only,False
SAMPLE_796,0,official genomic sample only,False
SAMPLE_797,0,official genomic sample only,False
SAMPLE_798,1,official genomic sample only,False
SAMPLE_799,0,official genomic sample only,False
SAMPLE_800,1,official genomic sample only,False
SAMPLE_801,1,official genomic sample only,False
SAMPLE_802,3,official genomic sample only,False
SAMPLE_803,1,official genomic sample only,False
SAMPLE_804,3,official genomic sample only,False
SAMPLE_805,2,official genomic sample only,False
SAMPLE_806,0,official genomic sample only,False
SAMPLE_807,2,official genomic sample only,False
SAMPLE_808,3,official genomic sample only,False
SAMPLE_809,3,official genomic sample only,False
SAMPLE_810,1,official genomic sample only,False
SAMPLE_811,4,official genomic sample only,False
SAMPLE_812,0,official genomic sample only,False
SAMPLE_813,1,official genomic sample only,False
SAMPLE_814,2,official genomic sample only,False
SAMPLE_815,2,official genomic sample only,False
SAMPLE_816,1,official genomic sample only,False
SAMPLE_817,0,official genomic sample only,False
SAMPLE_818,1,official genomic sample only,False
SAMPLE_819,3,official genomic sample only,False
SAMPLE_820,3,official genomic sample only,False
SAMPLE_821,3,official genomic sample only,False
SAMPLE_822,2,official genomic sample only,False
SAMPLE_823,3,official genomic sample only,False
SAMPLE_824,0,official genomic sample only,False
SAMPLE_825,2,official genomic sample only,False
SAMPLE_826,2,official genomic sample only,False
SAMPLE_827,0,official genomic sample only,False
SAMPLE_828,3,official genomic sample only,False
SAMPLE_829,1,official genomic sample only,False
SAMPLE_830,3,official genomic sample only,False
SAMPLE_831,1,official genomic sample only,False
SAMPLE_832,3,official genomic sample only,False
SAMPLE_833,3,official genomic sample only,False
SAMPLE_834,0,official genomic sample only,False
SAMPLE_835,1,official genomic sample only,False
SAMPLE_836,3,official genomic sample only,False
SAMPLE_837,1,official genomic sample only,False
SAMPLE_838,0,official genomic sample only,False
SAMPLE_839,3,official genomic sample only,False
SAMPLE_840,4,official genomic sample only,False
SAMPLE_841,3,official genomic sample only,False
SAMPLE_842,3,official genomic sample only,False
SAMPLE_843,0,official genomic sample only,False
SAMPLE_844,4,official genomic sample only,False
SAMPLE_845,1,official genomic sample only,False
SAMPLE_846,4,official genomic sample only,False
SAMPLE_847,0,official genomic sample only,False
SAMPLE_848,0,official genomic sample only,False
SAMPLE_849,1,official genomic sample only,False
SAMPLE_850,2,official genomic sample only,False
SAMPLE_851,1,official genomic sample only,False
SAMPLE_852,1,official genomic sample only,False
SAMPLE_853,2,official genomic sample only,False
SAMPLE_854,1,official genomic sample only,False
SAMPLE_855,4,official genomic sample only,False
SAMPLE_856,3,official genomic sample only,False
SAMPLE_857,1,official genomic sample only,False
SAMPLE_858,0,official genomic sample only,False
SAMPLE_859,3,official genomic sample only,False
SAMPLE_860,3,official genomic sample only,False
SAMPLE_861,1,official genomic sample only,False
SAMPLE_862,1,official genomic sample only,False
SAMPLE_863,4,official genomic sample only,False
SAMPLE_864,1,official genomic sample only,False
SAMPLE_865,3,official genomic sample only,False
SAMPLE_866,2,official genomic sample only,False
SAMPLE_867,4,official genomic sample only,False
SAMPLE_868,0,official genomic sample only,False
SAMPLE_869,3,official genomic sample only,False
SAMPLE_870,0,official genomic sample only,False
SAMPLE_871,4,official genomic sample only,False
SAMPLE_872,0,official genomic sample only,False
SAMPLE_873,3,official genomic sample only,False
SAMPLE_874,1,official genomic sample only,False
SAMPLE_875,2,official genomic sample only,False
SAMPLE_876,0,official genomic sample only,False
SAMPLE_877,4,official genomic sample only,False
SAMPLE_878,1,official genomic sample only,False
SAMPLE_879,3,official genomic sample only,False
SAMPLE_880,1,official genomic sample only,False
SAMPLE_881,1,official genomic sample only,False
SAMPLE_882,0,official genomic sample only,False
SAMPLE_883,1,official genomic sample only,False
SAMPLE_884,0,official genomic sample only,False
SAMPLE_885,2,official genomic sample only,False
SAMPLE_886,0,official genomic sample only,False
SAMPLE_887,3,official genomic sample only,False
SAMPLE_888,2,official genomic sample only,False
SAMPLE_889,1,official genomic sample only,False
SAMPLE_890,0,official genomic sample only,False
SAMPLE_891,1,official genomic sample only,False
SAMPLE_892,4,official genomic sample only,False
SAMPLE_893,3,official genomic sample only,False
SAMPLE_894,3,official genomic sample only,False
SAMPLE_895,3,official genomic sample only,False
SAMPLE_896,2,official genomic sample only,False
SAMPLE_897,3,official genomic sample only,False
SAMPLE_898,0,official genomic sample only,False
SAMPLE_899,2,official genomic sample only,False
SAMPLE_900,4,official genomic sample only,False
SAMPLE_901,3,official genomic sample only,False
SAMPLE_902,2,official genomic sample only,False
SAMPLE_903,0,official genomic sample only,False
SAMPLE_904,0,official genomic sample only,False
SAMPLE_905,2,official genomic sample only,False
SAMPLE_906,0,official genomic sample only,False
SAMPLE_907,0,official genomic sample only,False
SAMPLE_908,4,official genomic sample only,False
SAMPLE_909,4,official genomic sample only,False
SAMPLE_910,3,official genomic sample only,False
SAMPLE_911,3,official genomic sample only,False
SAMPLE_912,3,official genomic sample only,False
SAMPLE_913,0,official genomic sample only,False
SAMPLE_914,2,official genomic sample only,False
SAMPLE_915,3,official genomic sample only,False
SAMPLE_916,1,official genomic sample only,False
SAMPLE_917,0,official genomic sample only,False
SAMPLE_918,3,official genomic sample only,False
SAMPLE_919,3,official genomic sample only,False
SAMPLE_920,1,official genomic sample only,False
SAMPLE_921,3,official genomic sample only,False
SAMPLE_922,0,official genomic sample only,False
SAMPLE_923,3,official genomic sample only,False
SAMPLE_924,1,official genomic sample only,False
SAMPLE_925,3,official genomic sample only,False
SAMPLE_926,3,official genomic sample only,False
SAMPLE_927,4,official genomic sample only,False
SAMPLE_928,3,official genomic sample only,False
SAMPLE_929,2,official genomic sample only,False
SAMPLE_930,0,official genomic sample only,False
SAMPLE_931,1,official genomic sample only,False
SAMPLE_932,3,official genomic sample only,False
SAMPLE_933,0,official genomic sample only,False
SAMPLE_934,4,official genomic sample only,False
SAMPLE_935,3,official genomic sample only,False
SAMPLE_936,0,official genomic sample only,False
SAMPLE_937,0,official genomic sample only,False
SAMPLE_938,2,official genomic sample only,False
SAMPLE_939,3,official genomic sample only,False
SAMPLE_940,3,official genomic sample only,False
SAMPLE_941,2,official genomic sample only,False
SAMPLE_942,4,official genomic sample only,False
SAMPLE_943,1,official genomic sample only,False
SAMPLE_944,3,official genomic sample only,False
SAMPLE_945,1,official genomic sample only,False
SAMPLE_946,0,official genomic sample only,False
SAMPLE_947,3,official genomic sample only,False
SAMPLE_948,3,official genomic sample only,False
SAMPLE_949,2,official genomic sample only,False
SAMPLE_950,3,official genomic sample only,False
SAMPLE_951,1,official genomic sample only,False
SAMPLE_952,1,official genomic sample only,False
SAMPLE_953,0,official genomic sample only,False
SAMPLE_954,4,official genomic sample only,False
SAMPLE_955,1,official genomic sample only,False
SAMPLE_956,3,official genomic sample only,False
SAMPLE_957,4,official genomic sample only,False
SAMPLE_958,1,official genomic sample only,False
SAMPLE_959,1,official genomic sample only,False
SAMPLE_960,2,official genomic sample only,False
SAMPLE_961,2,official genomic sample only,False
SAMPLE_962,2,official genomic sample only,False
SAMPLE_963,0,official genomic sample only,False
SAMPLE_964,2,official genomic sample only,False
SAMPLE_965,0,official genomic sample only,False
SAMPLE_966,0,official genomic sample only,False
SAMPLE_967,3,official genomic sample only,False
SAMPLE_968,2,official genomic sample only,False
SAMPLE_969,3,official genomic sample only,False
SAMPLE_970,4,official genomic sample only,False
SAMPLE_971,2,official genomic sample only,False
SAMPLE_972,4,official genomic sample only,False
SAMPLE_973,2,official genomic sample only,False
SAMPLE_974,1,official genomic sample only,False
SAMPLE_975,0,official genomic sample only,False
SAMPLE_976,0,official genomic sample only,False
SAMPLE_977,3,official genomic sample only,False
SAMPLE_978,3,official genomic sample only,False
SAMPLE_979,0,official genomic sample only,False
SAMPLE_980,1,official genomic sample only,False
SAMPLE_981,2,official genomic sample only,False
SAMPLE_982,3,official genomic sample only,False
SAMPLE_983,1,official genomic sample only,False
SAMPLE_984,2,official genomic sample only,False
SAMPLE_985,0,official genomic sample only,False
SAMPLE_986,4,official genomic sample only,False
SAMPLE_987,0,official genomic sample only,False
SAMPLE_988,4,official genomic sample only,False
SAMPLE_989,0,official genomic sample only,False
SAMPLE_990,3,official genomic sample only,False
SAMPLE_991,0,official genomic sample only,False
SAMPLE_992,0,official genomic sample only,False
SAMPLE_993,0,official genomic sample only,False
SAMPLE_994,4,official genomic sample only,False
SAMPLE_995,4,official genomic sample only,False
SAMPLE_996,4,official genomic sample only,False
SAMPLE_997,0,official genomic sample only,False
SAMPLE_998,3,official genomic sample only,False
SAMPLE_999,1,official genomic sample only,False
SAMPLE_1000,2,official genomic sample only,False
SAMPLE_1001,1,official genomic sample only,False
SAMPLE_1002,3,official genomic sample only,False
SAMPLE_1003,0,official genomic sample only,False
SAMPLE_1004,4,official genomic sample only,False
SAMPLE_1005,2,official genomic sample only,False
SAMPLE_1006,0,official genomic sample only,False
SAMPLE_1007,4,official genomic sample only,False
SAMPLE_1008,1,official genomic sample only,False
SAMPLE_1009,0,official genomic sample only,False
SAMPLE_1010,0,official genomic sample only,False
SAMPLE_1011,4,official genomic sample only,False
SAMPLE_1012,3,official genomic sample only,False
SAMPLE_1013,3,official genomic sample only,False
SAMPLE_1014,2,official genomic sample only,False
SAMPLE_1015,2,official genomic sample only,False
SAMPLE_1016,4,official genomic sample only,False
SAMPLE_1017,0,official genomic sample only,False
SAMPLE_1018,1,official genomic sample only,False
SAMPLE_1019,1,official genomic sample only,False
SAMPLE_1020,2,official genomic sample only,False
SAMPLE_1021,4,official genomic sample only,False
SAMPLE_1022,3,official genomic sample only,False
SAMPLE_1023,3,official genomic sample only,False
SAMPLE_1024,3,official genomic sample only,False
SAMPLE_1025,0,official genomic sample only,False
SAMPLE_1026,4,official genomic sample only,False
SAMPLE_1027,1,official genomic sample only,False
SAMPLE_1028,3,official genomic sample only,False
SAMPLE_1029,3,official genomic sample only,False
SAMPLE_1030,3,official genomic sample only,False
SAMPLE_1031,4,official genomic sample only,False
SAMPLE_1032,3,official genomic sample only,False
SAMPLE_1033,1,official genomic sample only,False
SAMPLE_1034,1,official genomic sample only,False
SAMPLE_1035,0,official genomic sample only,False
SAMPLE_1036,3,official genomic sample only,False
SAMPLE_1037,0,official genomic sample only,False
SAMPLE_1038,1,official genomic sample only,False
SAMPLE_1039,1,official genomic sample only,False
SAMPLE_1040,1,official genomic sample only,False
SAMPLE_1041,1,official genomic sample only,False
SAMPLE_1042,2,official genomic sample only,False
SAMPLE_1043,3,official genomic sample only,False
SAMPLE_1044,2,official genomic sample only,False
SAMPLE_1045,4,official genomic sample only,False
SAMPLE_1046,1,official genomic sample only,False
SAMPLE_1047,1,official genomic sample only,False
SAMPLE_1048,1,official genomic sample only,False
SAMPLE_1049,4,official genomic sample only,False
SAMPLE_1050,3,official genomic sample only,False
SAMPLE_1051,2,official genomic sample only,False
SAMPLE_1052,1,official genomic sample only,False
SAMPLE_1053,0,official genomic sample only,False
SAMPLE_1054,1,official genomic sample only,False
SAMPLE_1055,1,official genomic sample only,False
SAMPLE_1056,1,official genomic sample only,False
SAMPLE_1057,0,official genomic sample only,False
SAMPLE_1058,1,official genomic sample only,False
SAMPLE_1059,1,official genomic sample only,False
SAMPLE_1060,1,official genomic sample only,False
SAMPLE_1061,0,official genomic sample only,False
SAMPLE_1062,3,official genomic sample only,False
SAMPLE_1063,4,official genomic sample only,False
SAMPLE_1064,4,official genomic sample only,False
SAMPLE_1065,0,official genomic sample only,False
SAMPLE_1066,4,official genomic sample only,False
SAMPLE_1067,1,official genomic sample only,False
SAMPLE_1068,3,official genomic sample only,False
SAMPLE_1069,1,official genomic sample only,False
SAMPLE_1070,0,official genomic sample only,False
SAMPLE_1071,3,official genomic sample only,False
SAMPLE_1072,2,official genomic sample only,False
SAMPLE_1073,3,official genomic sample only,False
SAMPLE_1074,0,official genomic sample only,False
SAMPLE_1075,2,official genomic sample only,False
SAMPLE_1076,0,official genomic sample only,False
SAMPLE_1077,1,official genomic sample only,False
SAMPLE_1078,3,official genomic sample only,False
SAMPLE_1079,2,official genomic sample only,False
SAMPLE_1080,2,official genomic sample only,False
SAMPLE_1081,3,official genomic sample only,False
SAMPLE_1082,2,official genomic sample only,False
SAMPLE_1083,3,official genomic sample only,False
SAMPLE_1084,0,official genomic sample only,False
SAMPLE_1085,2,official genomic sample only,False
SAMPLE_1086,4,official genomic sample only,False
SAMPLE_1087,1,official genomic sample only,False
SAMPLE_1088,0,official genomic sample only,False
SAMPLE_1089,1,official genomic sample only,False
SAMPLE_1090,0,official genomic sample only,False
SAMPLE_1091,3,official genomic sample only,False
SAMPLE_1092,4,official genomic sample only,False
SAMPLE_1093,2,official genomic sample only,False
SAMPLE_1094,3,official genomic sample only,False
SAMPLE_1095,1,official genomic sample only,False
SAMPLE_1096,4,official genomic sample only,False
SAMPLE_1097,4,official genomic sample only,False
SAMPLE_1098,3,official genomic sample only,False
SAMPLE_1099,0,official genomic sample only,False
SAMPLE_1100,3,official genomic sample only,False
SAMPLE_1101,1,official genomic sample only,False
SAMPLE_1102,4,official genomic sample only,False
SAMPLE_1103,3,official genomic sample only,False
SAMPLE_1104,1,official genomic sample only,False
SAMPLE_1105,2,official genomic sample only,False
SAMPLE_1106,1,official genomic sample only,False
SAMPLE_1107,1,official genomic sample only,False
SAMPLE_1108,1,official genomic sample only,False
SAMPLE_1109,1,official genomic sample only,False
SAMPLE_1110,1,official genomic sample only,False
SAMPLE_1111,1,official genomic sample only,False
SAMPLE_1112,3,official genomic sample only,False
SAMPLE_1113,3,official genomic sample only,False
SAMPLE_1114,3,official genomic sample only,False
SAMPLE_1115,0,official genomic sample only,False
SAMPLE_1116,4,official genomic sample only,False
SAMPLE_1117,3,official genomic sample only,False
SAMPLE_1118,4,official genomic sample only,False
SAMPLE_1119,1,official genomic sample only,False
SAMPLE_1120,3,official genomic sample only,False
SAMPLE_1121,3,official genomic sample only,False
SAMPLE_1122,1,official genomic sample only,False
SAMPLE_1123,4,official genomic sample only,False
SAMPLE_1124,0,official genomic sample only,False
SAMPLE_1125,3,official genomic sample only,False
SAMPLE_1126,0,official genomic sample only,False
SAMPLE_1127,1,official genomic sample only,False
SAMPLE_1128,1,official genomic sample only,False
SAMPLE_1129,3,official genomic sample only,False
SAMPLE_1130,1,official genomic sample only,False
SAMPLE_1131,4,official genomic sample only,False
SAMPLE_1132,0,official genomic sample only,False
SAMPLE_1133,2,official genomic sample only,False
SAMPLE_1134,3,official genomic sample only,False
SAMPLE_1135,3,official genomic sample only,False
SAMPLE_1136,1,official genomic sample only,False
SAMPLE_1137,4,official genomic sample only,False
SAMPLE_1138,0,official genomic sample only,False
SAMPLE_1139,4,official genomic sample only,False
SAMPLE_1140,1,official genomic sample only,False
SAMPLE_1141,3,official genomic sample only,False
SAMPLE_1142,1,official genomic sample only,False
SAMPLE_1143,4,official genomic sample only,False
SAMPLE_1144,2,official genomic sample only,False
SAMPLE_1145,1,official genomic sample only,False
SAMPLE_1146,1,official genomic sample only,False
SAMPLE_1147,4,official genomic sample only,False
SAMPLE_1148,1,official genomic sample only,False
SAMPLE_1149,3,official genomic sample only,False
SAMPLE_1150,1,official genomic sample only,False
SAMPLE_1151,3,official genomic sample only,False
SAMPLE_1152,0,official genomic sample only,False
SAMPLE_1153,2,official genomic sample only,False
SAMPLE_1154,4,official genomic sample only,False
SAMPLE_1155,4,official genomic sample only,False
SAMPLE_1156,4,official genomic sample only,False
SAMPLE_1157,4,official genomic sample only,False
SAMPLE_1158,2,official genomic sample only,False
SAMPLE_1159,1,official genomic sample only,False
SAMPLE_1160,4,official genomic sample only,False
SAMPLE_1161,3,official genomic sample only,False
SAMPLE_1162,4,official genomic sample only,False
SAMPLE_1163,4,official genomic sample only,False
SAMPLE_1164,1,official genomic sample only,False
SAMPLE_1165,1,official genomic sample only,False
SAMPLE_1166,1,official genomic sample only,False
SAMPLE_1167,2,official genomic sample only,False
SAMPLE_1168,2,official genomic sample only,False
SAMPLE_1169,4,official genomic sample only,False
SAMPLE_1170,1,official genomic sample only,False
SAMPLE_1171,1,official genomic sample only,False
SAMPLE_1172,4,official genomic sample only,False
SAMPLE_1173,2,official genomic sample only,False
SAMPLE_1174,1,official genomic sample only,False
SAMPLE_1175,1,official genomic sample only,False
SAMPLE_1176,1,official genomic sample only,False
SAMPLE_1177,2,official genomic sample only,False
SAMPLE_1178,3,official genomic sample only,False
SAMPLE_1179,1,official genomic sample only,False
SAMPLE_1180,0,official genomic sample only,False
SAMPLE_1181,4,official genomic sample only,False
SAMPLE_1182,4,official genomic sample only,False
SAMPLE_1183,3,official genomic sample only,False
SAMPLE_1184,1,official genomic sample only,False
SAMPLE_1185,0,official genomic sample only,False
SAMPLE_1186,3,official genomic sample only,False
SAMPLE_1187,3,official genomic sample only,False
SAMPLE_1188,2,official genomic sample only,False
SAMPLE_1189,3,official genomic sample only,False
SAMPLE_1190,4,official genomic sample only,False
SAMPLE_1191,2,official genomic sample only,False
SAMPLE_1192,3,official genomic sample only,False
SAMPLE_1193,3,official genomic sample only,False
SAMPLE_1194,0,official genomic sample only,False
SAMPLE_1195,0,official genomic sample only,False
SAMPLE_1196,3,official genomic sample only,False
SAMPLE_1197,2,official genomic sample only,False
SAMPLE_1198,2,official genomic sample only,False
SAMPLE_1199,4,official genomic sample only,False
SAMPLE_1200,4,official genomic sample only,False
SAMPLE_1201,3,official genomic sample only,False
SAMPLE_1202,3,official genomic sample only,False
SAMPLE_1203,3,official genomic sample only,False
SAMPLE_1204,1,official genomic sample only,False
SAMPLE_1205,4,official genomic sample only,False
SAMPLE_1206,3,official genomic sample only,False
SAMPLE_1207,1,official genomic sample only,False
SAMPLE_1208,1,official genomic sample only,False
SAMPLE_1209,0,official genomic sample only,False
SAMPLE_1210,3,official genomic sample only,False
SAMPLE_1211,3,official genomic sample only,False
SAMPLE_1212,0,official genomic sample only,False
SAMPLE_1213,1,official genomic sample only,False
SAMPLE_1214,1,official genomic sample only,False
SAMPLE_1215,1,official genomic sample only,False
SAMPLE_1216,3,official genomic sample only,False
SAMPLE_1217,1,official genomic sample only,False
SAMPLE_1218,2,official genomic sample only,False
SAMPLE_1219,1,official genomic sample only,False
SAMPLE_1220,1,official genomic sample only,False
SAMPLE_1221,3,official genomic sample only,False
SAMPLE_1222,4,official genomic sample only,False
SAMPLE_1223,1,official genomic sample only,False
SAMPLE_1224,1,official genomic sample only,False
SAMPLE_1225,1,official genomic sample only,False
SAMPLE_1226,1,official genomic sample only,False
SAMPLE_1227,0,official genomic sample only,False
SAMPLE_1228,1,official genomic sample only,False
SAMPLE_1229,3,official genomic sample only,False
SAMPLE_1230,4,official genomic sample only,False
SAMPLE_1231,0,official genomic sample only,False
SAMPLE_1232,0,official genomic sample only,False
SAMPLE_1233,2,official genomic sample only,False
SAMPLE_1234,2,official genomic sample only,False
SAMPLE_1235,3,official genomic sample only,False
SAMPLE_1236,4,official genomic sample only,False
SAMPLE_1237,4,official genomic sample only,False
SAMPLE_1238,1,official genomic sample only,False
SAMPLE_1239,1,official genomic sample only,False
SAMPLE_1240,1,official genomic sample only,False
SAMPLE_1241,2,official genomic sample only,False
SAMPLE_1242,2,official genomic sample only,False
SAMPLE_1243,4,official genomic sample only,False
SAMPLE_1244,2,official genomic sample only,False
SAMPLE_1245,0,official genomic sample only,False
SAMPLE_1246,3,official genomic sample only,False
SAMPLE_1247,3,official genomic sample only,False
SAMPLE_1248,3,official genomic sample only,False
SAMPLE_1249,3,official genomic sample only,False
SAMPLE_1250,2,official genomic sample only,False
SAMPLE_1251,4,official genomic sample only,False
SAMPLE_1252,3,official genomic sample only,False
SAMPLE_1253,1,official genomic sample only,False
SAMPLE_1254,0,official genomic sample only,False
SAMPLE_1255,3,official genomic sample only,False
SAMPLE_1256,2,official genomic sample only,False
SAMPLE_1257,2,official genomic sample only,False
SAMPLE_1258,1,official genomic sample only,False
SAMPLE_1259,0,official genomic sample only,False
SAMPLE_1260,1,official genomic sample only,False
SAMPLE_1261,3,official genomic sample only,False
SAMPLE_1262,4,official genomic sample only,False
SAMPLE_1263,2,official genomic sample only,False
SAMPLE_1264,3,official genomic sample only,False
SAMPLE_1265,4,official genomic sample only,False
SAMPLE_1266,0,official genomic sample only,False
SAMPLE_1267,3,official genomic sample only,False
SAMPLE_1268,0,official genomic sample only,False
SAMPLE_1269,3,official genomic sample only,False
SAMPLE_1270,2,official genomic sample only,False
SAMPLE_1271,4,official genomic sample only,False
SAMPLE_1272,2,official genomic sample only,False
SAMPLE_1273,1,official genomic sample only,False
SAMPLE_1274,1,official genomic sample only,False
SAMPLE_1275,3,official genomic sample only,False
SAMPLE_1276,4,official genomic sample only,False
SAMPLE_1277,4,official genomic sample only,False
SAMPLE_1278,1,official genomic sample only,False
SAMPLE_1279,2,official genomic sample only,False
SAMPLE_1280,3,official genomic sample only,False
SAMPLE_1281,0,official genomic sample only,False
SAMPLE_1282,2,official genomic sample only,False
SAMPLE_1283,1,official genomic sample only,False
SAMPLE_1284,0,official genomic sample only,False
SAMPLE_1285,3,official genomic sample only,False
SAMPLE_1286,3,official genomic sample only,False
SAMPLE_1287,3,official genomic sample only,False
SAMPLE_1288,1,official genomic sample only,False
SAMPLE_1289,3,official genomic sample only,False
SAMPLE_1290,1,official genomic sample only,False
SAMPLE_1291,4,official genomic sample only,False
SAMPLE_1292,0,official genomic sample only,False
SAMPLE_1293,3,official genomic sample only,False
SAMPLE_1294,2,official genomic sample only,False
SAMPLE_1295,4,official genomic sample only,False
SAMPLE_1296,1,official genomic sample only,False
SAMPLE_1297,0,official genomic sample only,False
SAMPLE_1298,3,official genomic sample only,False
SAMPLE_1299,2,official genomic sample only,False
SAMPLE_1300,1,official genomic sample only,False
SAMPLE_1301,0,official genomic sample only,False
SAMPLE_1302,0,official genomic sample only,False
SAMPLE_1303,1,official genomic sample only,False
SAMPLE_1304,3,official genomic sample only,False
SAMPLE_1305,1,official genomic sample only,False
SAMPLE_1306,3,official genomic sample only,False
SAMPLE_1307,3,official genomic sample only,False
SAMPLE_1308,1,official genomic sample only,False
SAMPLE_1309,1,official genomic sample only,False
SAMPLE_1310,3,official genomic sample only,False
SAMPLE_1311,2,official genomic sample only,False
SAMPLE_1312,3,official genomic sample only,False
SAMPLE_1313,3,official genomic sample only,False
SAMPLE_1314,1,official genomic sample only,False
SAMPLE_1315,4,official genomic sample only,False
SAMPLE_1316,2,official genomic sample only,False
SAMPLE_1317,3,official genomic sample only,False
SAMPLE_1318,3,official genomic sample only,False
SAMPLE_1319,0,official genomic sample only,False
SAMPLE_1320,3,official genomic sample only,False
SAMPLE_1321,3,official genomic sample only,False
SAMPLE_1322,1,official genomic sample only,False
SAMPLE_1323,2,official genomic sample only,False
SAMPLE_1324,1,official genomic sample only,False
SAMPLE_1325,3,official genomic sample only,False
SAMPLE_1326,3,official genomic sample only,False
SAMPLE_1327,4,official genomic sample only,False
SAMPLE_1328,0,official genomic sample only,False
SAMPLE_1329,1,official genomic sample only,False
SAMPLE_1330,4,official genomic sample only,False
SAMPLE_1331,4,official genomic sample only,False
SAMPLE_1332,2,official genomic sample only,False
SAMPLE_1333,0,official genomic sample only,False
SAMPLE_1334,1,official genomic sample only,False
SAMPLE_1335,0,official genomic sample only,False
SAMPLE_1336,4,official genomic sample only,False
SAMPLE_1337,3,official genomic sample only,False
SAMPLE_1338,1,official genomic sample only,False
SAMPLE_1339,1,official genomic sample only,False
SAMPLE_1340,2,official genomic sample only,False
SAMPLE_1341,3,official genomic sample only,False
SAMPLE_1342,1,official genomic sample only,False
SAMPLE_1343,0,official genomic sample only,False
SAMPLE_1344,2,official genomic sample only,False
SAMPLE_1345,0,official genomic sample only,False
SAMPLE_1346,1,official genomic sample only,False
SAMPLE_1347,1,official genomic sample only,False
SAMPLE_1348,3,official genomic sample only,False
SAMPLE_1349,0,official genomic sample only,False
SAMPLE_1350,1,official genomic sample only,False
SAMPLE_1351,1,official genomic sample only,False
SAMPLE_1352,3,official genomic sample only,False
SAMPLE_1353,3,official genomic sample only,False
SAMPLE_1354,1,official genomic sample only,False
SAMPLE_1355,3,official genomic sample only,False
SAMPLE_1356,0,official genomic sample only,False
SAMPLE_1357,2,official genomic sample only,False
SAMPLE_1358,2,official genomic sample only,False
SAMPLE_1359,3,official genomic sample only,False
SAMPLE_1360,3,official genomic sample only,False
SAMPLE_1361,3,official genomic sample only,False
SAMPLE_1362,3,official genomic sample only,False
SAMPLE_1363,2,official genomic sample only,False
SAMPLE_1364,1,official genomic sample only,False
SAMPLE_1365,0,official genomic sample only,False
SAMPLE_1366,4,official genomic sample only,False
SAMPLE_1367,3,official genomic sample only,False
SAMPLE_1368,2,official genomic sample only,False
SAMPLE_1369,2,official genomic sample only,False
SAMPLE_1370,3,official genomic sample only,False
SAMPLE_1371,3,official genomic sample only,False
SAMPLE_1372,2,official genomic sample only,False
SAMPLE_1373,1,official genomic sample only,False
SAMPLE_1374,4,official genomic sample only,False
SAMPLE_1375,2,official genomic sample only,False
SAMPLE_1376,1,official genomic sample only,False
SAMPLE_1377,1,official genomic sample only,False
SAMPLE_1378,1,official genomic sample only,False
SAMPLE_1379,4,official genomic sample only,False
SAMPLE_1380,1,official genomic sample only,False
SAMPLE_1381,4,official genomic sample only,False
SAMPLE_1382,2,official genomic sample only,False
SAMPLE_1383,3,official genomic sample only,False
SAMPLE_1384,1,official genomic sample only,False
SAMPLE_1385,2,official genomic sample only,False
SAMPLE_1386,0,official genomic sample only,False
SAMPLE_1387,3,official genomic sample only,False
SAMPLE_1388,2,official genomic sample only,False
SAMPLE_1389,1,official genomic sample only,False
SAMPLE_1390,3,official genomic sample only,False
SAMPLE_1391,0,official genomic sample only,False
SAMPLE_1392,3,official genomic sample only,False
SAMPLE_1393,3,official genomic sample only,False
SAMPLE_1394,3,official genomic sample only,False
SAMPLE_1395,2,official genomic sample only,False
SAMPLE_1396,1,official genomic sample only,False
SAMPLE_1397,4,official genomic sample only,False
SAMPLE_1398,0,official genomic sample only,False
SAMPLE_1399,2,official genomic sample only,False
SAMPLE_1400,2,official genomic sample only,False
SAMPLE_1401,1,official genomic sample only,False
SAMPLE_1402,4,official genomic sample only,False
SAMPLE_1403,0,official genomic sample only,False
SAMPLE_1404,3,official genomic sample only,False
SAMPLE_1405,0,official genomic sample only,False
SAMPLE_1406,3,official genomic sample only,False
SAMPLE_1407,2,official genomic sample only,False
SAMPLE_1408,0,official genomic sample only,False
SAMPLE_1409,4,official genomic sample only,False
SAMPLE_1410,3,official genomic sample only,False
SAMPLE_1411,3,official genomic sample only,False
SAMPLE_1412,4,official genomic sample only,False
SAMPLE_1413,4,official genomic sample only,False
SAMPLE_1414,2,official genomic sample only,False
SAMPLE_1415,0,official genomic sample only,False
SAMPLE_1416,1,official genomic sample only,False
SAMPLE_1417,3,official genomic sample only,False
SAMPLE_1418,1,official genomic sample only,False
SAMPLE_1419,2,official genomic sample only,False
SAMPLE_1420,1,official genomic sample only,False
SAMPLE_1421,0,official genomic sample only,False
SAMPLE_1422,1,official genomic sample only,False
SAMPLE_1423,2,official genomic sample only,False
SAMPLE_1424,1,official genomic sample only,False
SAMPLE_1425,0,official genomic sample only,False
SAMPLE_1426,1,official genomic sample only,False
SAMPLE_1427,1,official genomic sample only,False
SAMPLE_1428,4,official genomic sample only,False
SAMPLE_1429,3,official genomic sample only,False
SAMPLE_1430,3,official genomic sample only,False
SAMPLE_1431,1,official genomic sample only,False
SAMPLE_1432,2,official genomic sample only,False
SAMPLE_1433,3,official genomic sample only,False
SAMPLE_1434,4,official genomic sample only,False
SAMPLE_1435,3,official genomic sample only,False
SAMPLE_1436,2,official genomic sample only,False
SAMPLE_1437,2,official genomic sample only,False
SAMPLE_1438,1,official genomic sample only,False
SAMPLE_1439,1,official genomic sample only,False
SAMPLE_1440,4,official genomic sample only,False
SAMPLE_1441,4,official genomic sample only,False
SAMPLE_1442,1,official genomic sample only,False
SAMPLE_1443,2,official genomic sample only,False
SAMPLE_1444,1,official genomic sample only,False
SAMPLE_1445,1,official genomic sample only,False
SAMPLE_1446,4,official genomic sample only,False
SAMPLE_1447,3,official genomic sample only,False
SAMPLE_1448,4,official genomic sample only,False
SAMPLE_1449,0,official genomic sample only,False
SAMPLE_1450,1,official genomic sample only,False
SAMPLE_1451,1,official genomic sample only,False
SAMPLE_1452,3,official genomic sample only,False
SAMPLE_1453,1,official genomic sample only,False
SAMPLE_1454,0,official genomic sample only,False
SAMPLE_1455,1,official genomic sample only,False
SAMPLE_1456,2,official genomic sample only,False
SAMPLE_1457,4,official genomic sample only,False
SAMPLE_1458,4,official genomic sample only,False
SAMPLE_1459,3,official genomic sample only,False
SAMPLE_1460,1,official genomic sample only,False
SAMPLE_1461,2,official genomic sample only,False
SAMPLE_1462,4,official genomic sample only,False
SAMPLE_1463,3,official genomic sample only,False
SAMPLE_1464,2,official genomic sample only,False
SAMPLE_1465,0,official genomic sample only,False
SAMPLE_1466,1,official genomic sample only,False
SAMPLE_1467,2,official genomic sample only,False
SAMPLE_1468,0,official genomic sample only,False
SAMPLE_1469,4,official genomic sample only,False
SAMPLE_1470,2,official genomic sample only,False
SAMPLE_1471,4,official genomic sample only,False
SAMPLE_1472,1,official genomic sample only,False
SAMPLE_1473,3,official genomic sample only,False
SAMPLE_1474,3,official genomic sample only,False
SAMPLE_1475,0,official genomic sample only,False
SAMPLE_1476,1,official genomic sample only,False
SAMPLE_1477,4,official genomic sample only,False
SAMPLE_1478,1,official genomic sample only,False
SAMPLE_1479,0,official genomic sample only,False
SAMPLE_1480,3,official genomic sample only,False
SAMPLE_1481,2,official genomic sample only,False
SAMPLE_1482,4,official genomic sample only,False
SAMPLE_1483,1,official genomic sample only,False
SAMPLE_1484,3,official genomic sample only,False
SAMPLE_1485,1,official genomic sample only,False
SAMPLE_1486,1,official genomic sample only,False
SAMPLE_1487,0,official genomic sample only,False
SAMPLE_1488,2,official genomic sample only,False
SAMPLE_1489,3,official genomic sample only,False
SAMPLE_1490,2,official genomic sample only,False
SAMPLE_1491,2,official genomic sample only,False
SAMPLE_1492,4,official genomic sample only,False
SAMPLE_1493,3,official genomic sample only,False
SAMPLE_1494,3,official genomic sample only,False
SAMPLE_1495,0,official genomic sample only,False
SAMPLE_1496,3,official genomic sample only,False
SAMPLE_1497,3,official genomic sample only,False
SAMPLE_1498,1,official genomic sample only,False
SAMPLE_1499,3,official genomic sample only,False
SAMPLE_1500,2,official genomic sample only,False
SAMPLE_1501,1,official genomic sample only,False
SAMPLE_1502,1,official genomic sample only,False
SAMPLE_1503,0,official genomic sample only,False
SAMPLE_1504,3,official genomic sample only,False
SAMPLE_1505,4,official genomic sample only,False
SAMPLE_1506,2,official genomic sample only,False
SAMPLE_1507,0,official genomic sample only,False
SAMPLE_1508,4,official genomic sample only,False
SAMPLE_1509,0,official genomic sample only,False
SAMPLE_1510,4,official genomic sample only,False
SAMPLE_1511,1,official genomic sample only,False
SAMPLE_1512,3,official genomic sample only,False
SAMPLE_1513,1,official genomic sample only,False
SAMPLE_1514,1,official genomic sample only,False
SAMPLE_1515,3,official genomic sample only,False
SAMPLE_1516,0,official genomic sample only,False
SAMPLE_1517,2,official genomic sample only,False
SAMPLE_1518,4,official genomic sample only,False
SAMPLE_1519,1,official genomic sample only,False
SAMPLE_1520,4,official genomic sample only,False
SAMPLE_1521,2,official genomic sample only,False
SAMPLE_1522,1,official genomic sample only,False
SAMPLE_1523,1,official genomic sample only,False
SAMPLE_1524,3,official genomic sample only,False
SAMPLE_1525,0,official genomic sample only,False
SAMPLE_1526,1,official genomic sample only,False
SAMPLE_1527,2,official genomic sample only,False
SAMPLE_1528,0,official genomic sample only,False
SAMPLE_1529,0,official genomic sample only,False
SAMPLE_1530,2,official genomic sample only,False
SAMPLE_1531,1,official genomic sample only,False
SAMPLE_1532,2,official genomic sample only,False
SAMPLE_1533,1,official genomic sample only,False
SAMPLE_1534,2,official genomic sample only,False
SAMPLE_1535,3,official genomic sample only,False
SAMPLE_1536,3,official genomic sample only,False
SAMPLE_1537,3,official genomic sample only,False
SAMPLE_1538,3,official genomic sample only,False
SAMPLE_1539,4,official genomic sample only,False
SAMPLE_1540,0,official genomic sample only,False
SAMPLE_1541,1,official genomic sample only,False
SAMPLE_1542,0,official genomic sample only,False
SAMPLE_1543,4,official genomic sample only,False
SAMPLE_1544,0,official genomic sample only,False
SAMPLE_1545,3,official genomic sample only,False
SAMPLE_1546,4,official genomic sample only,False
SAMPLE_1547,1,official genomic sample only,False
SAMPLE_1548,1,official genomic sample only,False
SAMPLE_1549,3,official genomic sample only,False
SAMPLE_1550,3,official genomic sample only,False
SAMPLE_1551,3,official genomic sample only,False
SAMPLE_1552,1,official genomic sample only,False
SAMPLE_1553,2,official genomic sample only,False
SAMPLE_1554,2,official genomic sample only,False
SAMPLE_1555,2,official genomic sample only,False
SAMPLE_1556,1,official genomic sample only,False
SAMPLE_1557,0,official genomic sample only,False
SAMPLE_1558,3,official genomic sample only,False
SAMPLE_1559,2,official genomic sample only,False
SAMPLE_1560,4,official genomic sample only,False
SAMPLE_1561,4,official genomic sample only,False
SAMPLE_1562,2,official genomic sample only,False
SAMPLE_1563,1,official genomic sample only,False
SAMPLE_1564,2,official genomic sample only,False
SAMPLE_1565,1,official genomic sample only,False
SAMPLE_1566,1,official genomic sample only,False
SAMPLE_1567,4,official genomic sample only,False
SAMPLE_1568,1,official genomic sample only,False
SAMPLE_1569,2,official genomic sample only,False
SAMPLE_1570,4,official genomic sample only,False
SAMPLE_1571,2,official genomic sample only,False
SAMPLE_1572,3,official genomic sample only,False
SAMPLE_1573,2,official genomic sample only,False
SAMPLE_1574,1,official genomic sample only,False
SAMPLE_1575,4,official genomic sample only,False
SAMPLE_1576,3,official genomic sample only,False
SAMPLE_1577,1,official genomic sample only,False
SAMPLE_1578,3,official genomic sample only,False
SAMPLE_1579,2,official genomic sample only,False
SAMPLE_1580,3,official genomic sample only,False
SAMPLE_1581,3,official genomic sample only,False
SAMPLE_1582,4,official genomic sample only,False
SAMPLE_1583,0,official genomic sample only,False
SAMPLE_1584,3,official genomic sample only,False
SAMPLE_1585,4,official genomic sample only,False
SAMPLE_1586,3,official genomic sample only,False
SAMPLE_1587,3,official genomic sample only,False
SAMPLE_1588,3,official genomic sample only,False
SAMPLE_1589,4,official genomic sample only,False
SAMPLE_1590,1,official genomic sample only,False
SAMPLE_1591,3,official genomic sample only,False
SAMPLE_1592,2,official genomic sample only,False
SAMPLE_1593,0,official genomic sample only,False
SAMPLE_1594,1,official genomic sample only,False
SAMPLE_1595,2,official genomic sample only,False
SAMPLE_1596,0,official genomic sample only,False
SAMPLE_1597,1,official genomic sample only,False
SAMPLE_1598,2,official genomic sample only,False
SAMPLE_1599,1,official genomic sample only,False
SAMPLE_1600,4,official genomic sample only,False
SAMPLE_1601,0,official genomic sample only,False
SAMPLE_1602,4,official genomic sample only,False
SAMPLE_1603,0,official genomic sample only,False
SAMPLE_1604,4,official genomic sample only,False
SAMPLE_1605,1,official genomic sample only,False
SAMPLE_1606,3,official genomic sample only,False
SAMPLE_1607,1,official genomic sample only,False
SAMPLE_1608,2,official genomic sample only,False
SAMPLE_1609,4,official genomic sample only,False
SAMPLE_1610,2,official genomic sample only,False
SAMPLE_1611,0,official genomic sample only,False
SAMPLE_1612,0,official genomic sample only,False
SAMPLE_1613,0,official genomic sample only,False
SAMPLE_1614,1,official genomic sample only,False
SAMPLE_1615,0,official genomic sample only,False
SAMPLE_1616,3,official genomic sample only,False
SAMPLE_1617,1,official genomic sample only,False
SAMPLE_1618,4,official genomic sample only,False
SAMPLE_1619,4,official genomic sample only,False
SAMPLE_1620,1,official genomic sample only,False
SAMPLE_1621,1,official genomic sample only,False
SAMPLE_1622,2,official genomic sample only,False
SAMPLE_1623,2,official genomic sample only,False
SAMPLE_1624,4,official genomic sample only,False
SAMPLE_1625,0,official genomic sample only,False
SAMPLE_1626,0,official genomic sample only,False
SAMPLE_1627,2,official genomic sample only,False
SAMPLE_1628,1,official genomic sample only,False
SAMPLE_1629,0,official genomic sample only,False
SAMPLE_1630,3,official genomic sample only,False
SAMPLE_1631,0,official genomic sample only,False
SAMPLE_1632,0,official genomic sample only,False
SAMPLE_1633,0,official genomic sample only,False
SAMPLE_1634,0,official genomic sample only,False
SAMPLE_1635,0,official genomic sample only,False
SAMPLE_1636,1,official genomic sample only,False
SAMPLE_1637,2,official genomic sample only,False
SAMPLE_1638,2,official genomic sample only,False
SAMPLE_1639,1,official genomic sample only,False
SAMPLE_1640,3,official genomic sample only,False
SAMPLE_1641,1,official genomic sample only,False
SAMPLE_1642,0,official genomic sample only,False
SAMPLE_1643,3,official genomic sample only,False
SAMPLE_1644,0,official genomic sample only,False
SAMPLE_1645,3,official genomic sample only,False
SAMPLE_1646,0,official genomic sample only,False
SAMPLE_1647,4,official genomic sample only,False
SAMPLE_1648,2,official genomic sample only,False
SAMPLE_1649,3,official genomic sample only,False
SAMPLE_1650,2,official genomic sample only,False
SAMPLE_1651,3,official genomic sample only,False
SAMPLE_1652,4,official genomic sample only,False
SAMPLE_1653,1,official genomic sample only,False
SAMPLE_1654,3,official genomic sample only,False
SAMPLE_1655,1,official genomic sample only,False
SAMPLE_1656,0,official genomic sample only,False
SAMPLE_1657,3,official genomic sample only,False
SAMPLE_1658,1,official genomic sample only,False
SAMPLE_1659,2,official genomic sample only,False
SAMPLE_1660,3,official genomic sample only,False
SAMPLE_1661,1,official genomic sample only,False
SAMPLE_1662,2,official genomic sample only,False
SAMPLE_1663,4,official genomic sample only,False
SAMPLE_1664,4,official genomic sample only,False
SAMPLE_1665,0,official genomic sample only,False
SAMPLE_1666,3,official genomic sample only,False
SAMPLE_1667,3,official genomic sample only,False
SAMPLE_1668,4,official genomic sample only,False
SAMPLE_1669,1,official genomic sample only,False
SAMPLE_1670,3,official genomic sample only,False
SAMPLE_1671,1,official genomic sample only,False
SAMPLE_1672,0,official genomic sample only,False
SAMPLE_1673,3,official genomic sample only,False
SAMPLE_1674,1,official genomic sample only,False
SAMPLE_1675,2,official genomic sample only,False
SAMPLE_1676,3,official genomic sample only,False
SAMPLE_1677,3,official genomic sample only,False
SAMPLE_1678,2,official genomic sample only,False
SAMPLE_1679,4,official genomic sample only,False
SAMPLE_1680,3,official genomic sample only,False
SAMPLE_1681,1,official genomic sample only,False
SAMPLE_1682,1,official genomic sample only,False
SAMPLE_1683,2,official genomic sample only,False
SAMPLE_1684,0,official genomic sample only,False
SAMPLE_1685,4,official genomic sample only,False
SAMPLE_1686,1,official genomic sample only,False
SAMPLE_1687,3,official genomic sample only,False
SAMPLE_1688,3,official genomic sample only,False
SAMPLE_1689,1,official genomic sample only,False
SAMPLE_1690,0,official genomic sample only,False
SAMPLE_1691,2,official genomic sample only,False
SAMPLE_1692,3,official genomic sample only,False
SAMPLE_1693,1,official genomic sample only,False
SAMPLE_1694,4,official genomic sample only,False
SAMPLE_1695,4,official genomic sample only,False
SAMPLE_1696,0,official genomic sample only,False
SAMPLE_1697,3,official genomic sample only,False
SAMPLE_1698,4,official genomic sample only,False
SAMPLE_1699,0,official genomic sample only,False
SAMPLE_1700,2,official genomic sample only,False
SAMPLE_1701,0,official genomic sample only,False
SAMPLE_1702,3,official genomic sample only,False
SAMPLE_1703,0,official genomic sample only,False
SAMPLE_1704,3,official genomic sample only,False
SAMPLE_1705,3,official genomic sample only,False
SAMPLE_1706,1,official genomic sample only,False
SAMPLE_1707,2,official genomic sample only,False
SAMPLE_1708,3,official genomic sample only,False
SAMPLE_1709,1,official genomic sample only,False
SAMPLE_1710,4,official genomic sample only,False
SAMPLE_1711,2,official genomic sample only,False
SAMPLE_1712,3,official genomic sample only,False
SAMPLE_1713,1,official genomic sample only,False
SAMPLE_1714,0,official genomic sample only,False
SAMPLE_1715,1,official genomic sample only,False
SAMPLE_1716,2,official genomic sample only,False
SAMPLE_1717,4,official genomic sample only,False
SAMPLE_1718,3,official genomic sample only,False
SAMPLE_1719,0,official genomic sample only,False
SAMPLE_1720,2,official genomic sample only,False
SAMPLE_1721,1,official genomic sample only,False
SAMPLE_1722,1,official genomic sample only,False
SAMPLE_1723,1,official genomic sample only,False
SAMPLE_1724,0,official genomic sample only,False
SAMPLE_1725,3,official genomic sample only,False
SAMPLE_1726,2,official genomic sample only,False
SAMPLE_1727,3,official genomic sample only,False
SAMPLE_1728,0,official genomic sample only,False
SAMPLE_1729,3,official genomic sample only,False
SAMPLE_1730,4,official genomic sample only,False
SAMPLE_1731,2,official genomic sample only,False
SAMPLE_1732,4,official genomic sample only,False
SAMPLE_1733,1,official genomic sample only,False
SAMPLE_1734,1,official genomic sample only,False
SAMPLE_1735,0,official genomic sample only,False
SAMPLE_1736,1,official genomic sample only,False
SAMPLE_1737,3,official genomic sample only,False
SAMPLE_1738,2,official genomic sample only,False
SAMPLE_1739,4,official genomic sample only,False
SAMPLE_1740,0,official genomic sample only,False
SAMPLE_1741,0,official genomic sample only,False
SAMPLE_1742,3,official genomic sample only,False
SAMPLE_1743,1,official genomic sample only,False
SAMPLE_1744,1,official genomic sample only,False
SAMPLE_1745,2,official genomic sample only,False
SAMPLE_1746,0,official genomic sample only,False
SAMPLE_1747,1,official genomic sample only,False
SAMPLE_1748,3,official genomic sample only,False
SAMPLE_1749,4,official genomic sample only,False
SAMPLE_1750,4,official genomic sample only,False
SAMPLE_1751,1,official genomic sample only,False
SAMPLE_1752,2,official genomic sample only,False
SAMPLE_1753,4,official genomic sample only,False
SAMPLE_1754,2,official genomic sample only,False
SAMPLE_1755,3,official genomic sample only,False
SAMPLE_1756,4,official genomic sample only,False
SAMPLE_1757,0,official genomic sample only,False
SAMPLE_1758,1,official genomic sample only,False
SAMPLE_1759,0,official genomic sample only,False
SAMPLE_1760,1,official genomic sample only,False
SAMPLE_1761,1,official genomic sample only,False
SAMPLE_1762,2,official genomic sample only,False
SAMPLE_1763,4,official genomic sample only,False
SAMPLE_1764,3,official genomic sample only,False
SAMPLE_1765,1,official genomic sample only,False
SAMPLE_1766,4,official genomic sample only,False
SAMPLE_1767,0,official genomic sample only,False
SAMPLE_1768,3,official genomic sample only,False
SAMPLE_1769,1,official genomic sample only,False
SAMPLE_1770,1,official genomic sample only,False
SAMPLE_1771,2,official genomic sample only,False
SAMPLE_1772,0,official genomic sample only,False
SAMPLE_1773,3,official genomic sample only,False
SAMPLE_1774,2,official genomic sample only,False
SAMPLE_1775,1,official genomic sample only,False
SAMPLE_1776,3,official genomic sample only,False
SAMPLE_1777,3,official genomic sample only,False
SAMPLE_1778,3,official genomic sample only,False
SAMPLE_1779,4,official genomic sample only,False
SAMPLE_1780,3,official genomic sample only,False
SAMPLE_1781,1,official genomic sample only,False
SAMPLE_1782,0,official genomic sample only,False
SAMPLE_1783,3,official genomic sample only,False
SAMPLE_1784,4,official genomic sample only,False
SAMPLE_1785,1,official genomic sample only,False
SAMPLE_1786,0,official genomic sample only,False
SAMPLE_1787,3,official genomic sample only,False
SAMPLE_1788,3,official genomic sample only,False
SAMPLE_1789,1,official genomic sample only,False
SAMPLE_1790,4,official genomic sample only,False
SAMPLE_1791,1,official genomic sample only,False
SAMPLE_1792,1,official genomic sample only,False
SAMPLE_1793,3,official genomic sample only,False
SAMPLE_1794,0,official genomic sample only,False
SAMPLE_1795,0,official genomic sample only,False
SAMPLE_1796,3,official genomic sample only,False
SAMPLE_1797,0,official genomic sample only,False
SAMPLE_1798,4,official genomic sample only,False
SAMPLE_1799,3,official genomic sample only,False
SAMPLE_1800,4,official genomic sample only,False
SAMPLE_1801,1,official genomic sample only,False
SAMPLE_1802,0,official genomic sample only,False
SAMPLE_1803,4,official genomic sample only,False
SAMPLE_1804,0,official genomic sample only,False
SAMPLE_1805,1,official genomic sample only,False
SAMPLE_1806,4,official genomic sample only,False
SAMPLE_1807,3,official genomic sample only,False
SAMPLE_1808,1,official genomic sample only,False
SAMPLE_1809,3,official genomic sample only,False
SAMPLE_1810,3,official genomic sample only,False
SAMPLE_1811,1,official genomic sample only,False
SAMPLE_1812,4,official genomic sample only,False
SAMPLE_1813,1,official genomic sample only,False
SAMPLE_1814,0,official genomic sample only,False
SAMPLE_1815,1,official genomic sample only,False
SAMPLE_1816,3,official genomic sample only,False
SAMPLE_1817,3,official genomic sample only,False
SAMPLE_1818,1,official genomic sample only,False
SAMPLE_1819,0,official genomic sample only,False
SAMPLE_1820,4,official genomic sample only,False
SAMPLE_1821,0,official genomic sample only,False
SAMPLE_1822,3,official genomic sample only,False
SAMPLE_1823,3,official genomic sample only,False
SAMPLE_1824,1,official genomic sample only,False
SAMPLE_1825,1,official genomic sample only,False
SAMPLE_1826,2,official genomic sample only,False
SAMPLE_1827,2,official genomic sample only,False
SAMPLE_1828,0,official genomic sample only,False
SAMPLE_1829,3,official genomic sample only,False
SAMPLE_1830,0,official genomic sample only,False
SAMPLE_1831,2,official genomic sample only,False
SAMPLE_1832,3,official genomic sample only,False
SAMPLE_1833,1,official genomic sample only,False
SAMPLE_1834,0,official genomic sample only,False
SAMPLE_1835,0,official genomic sample only,False
SAMPLE_1836,2,official genomic sample only,False
SAMPLE_1837,3,official genomic sample only,False
SAMPLE_1838,3,official genomic sample only,False
SAMPLE_1839,4,official genomic sample only,False
SAMPLE_1840,2,official genomic sample only,False
SAMPLE_1841,3,official genomic sample only,False
SAMPLE_1842,1,official genomic sample only,False
SAMPLE_1843,0,official genomic sample only,False
SAMPLE_1844,1,official genomic sample only,False
SAMPLE_1845,3,official genomic sample only,False
SAMPLE_1846,3,official genomic sample only,False
SAMPLE_1847,4,official genomic sample only,False
SAMPLE_1848,4,official genomic sample only,False
SAMPLE_1849,1,official genomic sample only,False
SAMPLE_1850,0,official genomic sample only,False
SAMPLE_1851,4,official genomic sample only,False
SAMPLE_1852,3,official genomic sample only,False
SAMPLE_1853,4,official genomic sample only,False
SAMPLE_1854,1,official genomic sample only,False
SAMPLE_1855,2,official genomic sample only,False
SAMPLE_1856,0,official genomic sample only,False
SAMPLE_1857,1,official genomic sample only,False
SAMPLE_1858,0,official genomic sample only,False
SAMPLE_1859,4,official genomic sample only,False
SAMPLE_1860,1,official genomic sample only,False
SAMPLE_1861,1,official genomic sample only,False
SAMPLE_1862,2,official genomic sample only,False
SAMPLE_1863,3,official genomic sample only,False
SAMPLE_1864,3,official genomic sample only,False
SAMPLE_1865,1,official genomic sample only,False
SAMPLE_1866,3,official genomic sample only,False
SAMPLE_1867,0,official genomic sample only,False
SAMPLE_1868,4,official genomic sample only,False
SAMPLE_1869,0,official genomic sample only,False
SAMPLE_1870,1,official genomic sample only,False
SAMPLE_1871,4,official genomic sample only,False
SAMPLE_1872,0,official genomic sample only,False
SAMPLE_1873,2,official genomic sample only,False
SAMPLE_1874,1,official genomic sample only,False
SAMPLE_1875,3,official genomic sample only,False
SAMPLE_1876,0,official genomic sample only,False
SAMPLE_1877,4,official genomic sample only,False
SAMPLE_1878,0,official genomic sample only,False
SAMPLE_1879,3,official genomic sample only,False
SAMPLE_1880,2,official genomic sample only,False
SAMPLE_1881,3,official genomic sample only,False
SAMPLE_1882,0,official genomic sample only,False
SAMPLE_1883,2,official genomic sample only,False
SAMPLE_1884,1,official genomic sample only,False
SAMPLE_1885,3,official genomic sample only,False
SAMPLE_1886,4,official genomic sample only,False
SAMPLE_1887,2,official genomic sample only,False
SAMPLE_1888,1,official genomic sample only,False
SAMPLE_1889,1,official genomic sample only,False
SAMPLE_1890,2,official genomic sample only,False
SAMPLE_1891,2,official genomic sample only,False
SAMPLE_1892,2,official genomic sample only,False
SAMPLE_1893,0,official genomic sample only,False
SAMPLE_1894,2,official genomic sample only,False
SAMPLE_1895,2,official genomic sample only,False
SAMPLE_1896,1,official genomic sample only,False
SAMPLE_1897,0,official genomic sample only,False
SAMPLE_1898,0,official genomic sample only,False
SAMPLE_1899,4,official genomic sample only,False
SAMPLE_1900,4,official genomic sample only,False
SAMPLE_1901,1,official genomic sample only,False
SAMPLE_1902,1,official genomic sample only,False
SAMPLE_1903,3,official genomic sample only,False
SAMPLE_1904,3,official genomic sample only,False
SAMPLE_1905,0,official genomic sample only,False
SAMPLE_1906,4,official genomic sample only,False
SAMPLE_1907,1,official genomic sample only,False
SAMPLE_1908,4,official genomic sample only,False
SAMPLE_1909,1,official genomic sample only,False
SAMPLE_1910,3,official genomic sample only,False
SAMPLE_1911,1,official genomic sample only,False
SAMPLE_1912,1,official genomic sample only,False
SAMPLE_1913,4,official genomic sample only,False
SAMPLE_1914,0,official genomic sample only,False
SAMPLE_1915,1,official genomic sample only,False
SAMPLE_1916,0,official genomic sample only,False
SAMPLE_1917,1,official genomic sample only,False
SAMPLE_1918,3,official genomic sample only,False
SAMPLE_1919,1,official genomic sample only,False
SAMPLE_1920,0,official genomic sample only,False
SAMPLE_1921,1,official genomic sample only,False
SAMPLE_1922,2,official genomic sample only,False
SAMPLE_1923,0,official genomic sample only,False
SAMPLE_1924,2,official genomic sample only,False
SAMPLE_1925,1,official genomic sample only,False
SAMPLE_1926,1,official genomic sample only,False
SAMPLE_1927,3,official genomic sample only,False
SAMPLE_1928,2,official genomic sample only,False
SAMPLE_1929,3,official genomic sample only,False
SAMPLE_1930,1,official genomic sample only,False
SAMPLE_1931,1,official genomic sample only,False
SAMPLE_1932,4,official genomic sample only,False
SAMPLE_1933,3,official genomic sample only,False
SAMPLE_1934,0,official genomic sample only,False
SAMPLE_1935,3,official genomic sample only,False
SAMPLE_1936,1,official genomic sample only,False
SAMPLE_1937,3,official genomic sample only,False
SAMPLE_1938,3,official genomic sample only,False
SAMPLE_1939,3,official genomic sample only,False
SAMPLE_1940,1,official genomic sample only,False
SAMPLE_1941,0,official genomic sample only,False
SAMPLE_1942,2,official genomic sample only,False
SAMPLE_1943,3,official genomic sample only,False
SAMPLE_1944,4,official genomic sample only,False
SAMPLE_1945,0,official genomic sample only,False
SAMPLE_1946,4,official genomic sample only,False
SAMPLE_1947,1,official genomic sample only,False
SAMPLE_1948,1,official genomic sample only,False
SAMPLE_1949,3,official genomic sample only,False
SAMPLE_1950,1,official genomic sample only,False
SAMPLE_1951,4,official genomic sample only,False
SAMPLE_1952,3,official genomic sample only,False
SAMPLE_1953,0,official genomic sample only,False
SAMPLE_1954,1,official genomic sample only,False
SAMPLE_1955,3,official genomic sample only,False
SAMPLE_1956,3,official genomic sample only,False
SAMPLE_1957,1,official genomic sample only,False
SAMPLE_1958,3,official genomic sample only,False
SAMPLE_1959,2,official genomic sample only,False
SAMPLE_1960,0,official genomic sample only,False
SAMPLE_1961,4,official genomic sample only,False
SAMPLE_1962,1,official genomic sample only,False
SAMPLE_1963,3,official genomic sample only,False
SAMPLE_1964,3,official genomic sample only,False
SAMPLE_1965,1,official genomic sample only,False
SAMPLE_1966,2,official genomic sample only,False
SAMPLE_1967,3,official genomic sample only,False
SAMPLE_1968,3,official genomic sample only,False
SAMPLE_1969,3,official genomic sample only,False
SAMPLE_1970,1,official genomic sample only,False
SAMPLE_1971,0,official genomic sample only,False
SAMPLE_1972,3,official genomic sample only,False
SAMPLE_1973,4,official genomic sample only,False
SAMPLE_1974,3,official genomic sample only,False
SAMPLE_1975,4,official genomic sample only,False
SAMPLE_1976,1,official genomic sample only,False
SAMPLE_1977,2,official genomic sample only,False
SAMPLE_1978,1,official genomic sample only,False
SAMPLE_1979,0,official genomic sample only,False
SAMPLE_1980,3,official genomic sample only,False
SAMPLE_1981,4,official genomic sample only,False
SAMPLE_1982,0,official genomic sample only,False
SAMPLE_1983,3,official genomic sample only,False
SAMPLE_1984,3,official genomic sample only,False
SAMPLE_1985,1,official genomic sample only,False
SAMPLE_1986,0,official genomic sample only,False
SAMPLE_1987,3,official genomic sample only,False
SAMPLE_1988,2,official genomic sample only,False
SAMPLE_1989,3,official genomic sample only,False
SAMPLE_1990,1,official genomic sample only,False
SAMPLE_1991,3,official genomic sample only,False
SAMPLE_1992,3,official genomic sample only,False
SAMPLE_1993,1,official genomic sample only,False
SAMPLE_1994,3,official genomic sample only,False
SAMPLE_1995,3,official genomic sample only,False
SAMPLE_1996,1,official genomic sample only,False
SAMPLE_1997,1,official genomic sample only,False
SAMPLE_1998,4,official genomic sample only,False
SAMPLE_1999,1,official genomic sample only,False
SAMPLE_2000,3,official genomic sample only,False
SAMPLE_2001,4,official genomic sample only,False
SAMPLE_2002,4,official genomic sample only,False
SAMPLE_2003,1,official genomic sample only,False
SAMPLE_2004,0,official genomic sample only,False
SAMPLE_2005,1,official genomic sample only,False
SAMPLE_2006,3,official genomic sample only,False
SAMPLE_2007,2,official genomic sample only,False
SAMPLE_2008,1,official genomic sample only,False
SAMPLE_2009,2,official genomic sample only,False
SAMPLE_2010,4,official genomic sample only,False
SAMPLE_2011,0,official genomic sample only,False
SAMPLE_2012,0,official genomic sample only,False
SAMPLE_2013,2,official genomic sample only,False
SAMPLE_2014,3,official genomic sample only,False
SAMPLE_2015,0,official genomic sample only,False
SAMPLE_2016,0,official genomic sample only,False
SAMPLE_2017,3,official genomic sample only,False
SAMPLE_2018,3,official genomic sample only,False
SAMPLE_2019,3,official genomic sample only,False
SAMPLE_2020,3,official genomic sample only,False
SAMPLE_2021,2,official genomic sample only,False
SAMPLE_2022,1,official genomic sample only,False
SAMPLE_2023,4,official genomic sample only,False
SAMPLE_2024,4,official genomic sample only,False
SAMPLE_2025,4,official genomic sample only,False
SAMPLE_2026,1,official genomic sample only,False
SAMPLE_2027,0,official genomic sample only,False
SAMPLE_2028,4,official genomic sample only,False
SAMPLE_2029,3,official genomic sample only,False
SAMPLE_2030,1,official genomic sample only,False
SAMPLE_2031,3,official genomic sample only,False
SAMPLE_2032,4,official genomic sample only,False
SAMPLE_2033,0,official genomic sample only,False
SAMPLE_2034,3,official genomic sample only,False
SAMPLE_2035,1,official genomic sample only,False
SAMPLE_2036,1,official genomic sample only,False
SAMPLE_2037,1,official genomic sample only,False
SAMPLE_2038,3,official genomic sample only,False
SAMPLE_2039,2,official genomic sample only,False
SAMPLE_2040,1,official genomic sample only,False
SAMPLE_2041,0,official genomic sample only,False
SAMPLE_2042,3,official genomic sample only,False
SAMPLE_2043,1,official genomic sample only,False
SAMPLE_2044,4,official genomic sample only,False
SAMPLE_2045,4,official genomic sample only,False
SAMPLE_2046,3,official genomic sample only,False
SAMPLE_2047,1,official genomic sample only,False
SAMPLE_2048,1,official genomic sample only,False
SAMPLE_2049,3,official genomic sample only,False
SAMPLE_2050,4,official genomic sample only,False
SAMPLE_2051,2,official genomic sample only,False
SAMPLE_2052,1,official genomic sample only,False
SAMPLE_2053,1,official genomic sample only,False
SAMPLE_2054,0,official genomic sample only,False
SAMPLE_2055,3,official genomic sample only,False
SAMPLE_2056,3,official genomic sample only,False
SAMPLE_2057,3,official genomic sample only,False
SAMPLE_2058,0,official genomic sample only,False
SAMPLE_2059,0,official genomic sample only,False
SAMPLE_2060,1,official genomic sample only,False
SAMPLE_2061,3,official genomic sample only,False
SAMPLE_2062,0,official genomic sample only,False
SAMPLE_2063,1,official genomic sample only,False
SAMPLE_2064,3,official genomic sample only,False
SAMPLE_2065,3,official genomic sample only,False
SAMPLE_2066,4,official genomic sample only,False
SAMPLE_2067,3,official genomic sample only,False
SAMPLE_2068,1,official genomic sample only,False
SAMPLE_2069,0,official genomic sample only,False
SAMPLE_2070,3,official genomic sample only,False
SAMPLE_2071,0,official genomic sample only,False
SAMPLE_2072,1,official genomic sample only,False
SAMPLE_2073,1,official genomic sample only,False
SAMPLE_2074,2,official genomic sample only,False
SAMPLE_2075,4,official genomic sample only,False
SAMPLE_2076,1,official genomic sample only,False
SAMPLE_2077,0,official genomic sample only,False
SAMPLE_2078,0,official genomic sample only,False
SAMPLE_2079,3,official genomic sample only,False
SAMPLE_2080,0,official genomic sample only,False
SAMPLE_2081,2,official genomic sample only,False
SAMPLE_2082,1,official genomic sample only,False
SAMPLE_2083,3,official genomic sample only,False
SAMPLE_2084,3,official genomic sample only,False
SAMPLE_2085,1,official genomic sample only,False
SAMPLE_2086,4,official genomic sample only,False
SAMPLE_2087,2,official genomic sample only,False
SAMPLE_2088,2,official genomic sample only,False
SAMPLE_2089,3,official genomic sample only,False
SAMPLE_2090,3,official genomic sample only,False
SAMPLE_2091,3,official genomic sample only,False
SAMPLE_2092,2,official genomic sample only,False
SAMPLE_2093,1,official genomic sample only,False
SAMPLE_2094,4,official genomic sample only,False
SAMPLE_2095,1,official genomic sample only,False
SAMPLE_2096,3,official genomic sample only,False
SAMPLE_2097,4,official genomic sample only,False
SAMPLE_2098,2,official genomic sample only,False
SAMPLE_2099,2,official genomic sample only,False
SAMPLE_2100,3,official genomic sample only,False
SAMPLE_2101,3,official genomic sample only,False
SAMPLE_2102,0,official genomic sample only,False
SAMPLE_2103,1,official genomic sample only,False
SAMPLE_2104,4,official genomic sample only,False
SAMPLE_2105,3,official genomic sample only,False
SAMPLE_2106,1,official genomic sample only,False
SAMPLE_2107,1,official genomic sample only,False
SAMPLE_2108,0,official genomic sample only,False
SAMPLE_2109,4,official genomic sample only,False
SAMPLE_2110,3,official genomic sample only,False
SAMPLE_2111,1,official genomic sample only,False
SAMPLE_2112,3,official genomic sample only,False
SAMPLE_2113,3,official genomic sample only,False
SAMPLE_2114,3,official genomic sample only,False
SAMPLE_2115,4,official genomic sample only,False
SAMPLE_2116,3,official genomic sample only,False
SAMPLE_2117,4,official genomic sample only,False
SAMPLE_2118,2,official genomic sample only,False
SAMPLE_2119,1,official genomic sample only,False
SAMPLE_2120,0,official genomic sample only,False
SAMPLE_2121,1,official genomic sample only,False
SAMPLE_2122,1,official genomic sample only,False
SAMPLE_2123,2,official genomic sample only,False
SAMPLE_2124,3,official genomic sample only,False
SAMPLE_2125,3,official genomic sample only,False
SAMPLE_2126,0,official genomic sample only,False
SAMPLE_2127,1,official genomic sample only,False
SAMPLE_2128,4,official genomic sample only,False
SAMPLE_2129,0,official genomic sample only,False
SAMPLE_2130,0,official genomic sample only,False
SAMPLE_2131,1,official genomic sample only,False
SAMPLE_2132,0,official genomic sample only,False
SAMPLE_2133,1,official genomic sample only,False
SAMPLE_2134,1,official genomic sample only,False
SAMPLE_2135,1,official genomic sample only,False
SAMPLE_2136,2,official genomic sample only,False
SAMPLE_2137,4,official genomic sample only,False
SAMPLE_2138,3,official genomic sample only,False
SAMPLE_2139,0,official genomic sample only,False
SAMPLE_2140,1,official genomic sample only,False
SAMPLE_2141,0,official genomic sample only,False
SAMPLE_2142,2,official genomic sample only,False
SAMPLE_2143,3,official genomic sample only,False
SAMPLE_2144,3,official genomic sample only,False
SAMPLE_2145,2,official genomic sample only,False
SAMPLE_2146,1,official genomic sample only,False
SAMPLE_2147,1,official genomic sample only,False
SAMPLE_2148,4,official genomic sample only,False
SAMPLE_2149,2,official genomic sample only,False
SAMPLE_2150,1,official genomic sample only,False
SAMPLE_2151,2,official genomic sample only,False
SAMPLE_2152,3,official genomic sample only,False
SAMPLE_2153,0,official genomic sample only,False
SAMPLE_2154,0,official genomic sample only,False
SAMPLE_2155,0,official genomic sample only,False
SAMPLE_2156,1,official genomic sample only,False
SAMPLE_2157,2,official genomic sample only,False
SAMPLE_2158,1,official genomic sample only,False
SAMPLE_2159,3,official genomic sample only,False
SAMPLE_2160,4,official genomic sample only,False
SAMPLE_2161,1,official genomic sample only,False
SAMPLE_2162,3,official genomic sample only,False
SAMPLE_2163,1,official genomic sample only,False
SAMPLE_2164,0,official genomic sample only,False
SAMPLE_2165,3,official genomic sample only,False
SAMPLE_2166,4,official genomic sample only,False
SAMPLE_2167,0,official genomic sample only,False
SAMPLE_2168,3,official genomic sample only,False
SAMPLE_2169,3,official genomic sample only,False
SAMPLE_2170,3,official genomic sample only,False
SAMPLE_2171,2,official genomic sample only,False
SAMPLE_2172,0,official genomic sample only,False
SAMPLE_2173,2,official genomic sample only,False
SAMPLE_2174,3,official genomic sample only,False
SAMPLE_2175,3,official genomic sample only,False
SAMPLE_2176,2,official genomic sample only,False
SAMPLE_2177,3,official genomic sample only,False
SAMPLE_2178,4,official genomic sample only,False
SAMPLE_2179,1,official genomic sample only,False
SAMPLE_2180,4,official genomic sample only,False
SAMPLE_2181,0,official genomic sample only,False
SAMPLE_2182,1,official genomic sample only,False
SAMPLE_2183,2,official genomic sample only,False
SAMPLE_2184,2,official genomic sample only,False
SAMPLE_2185,1,official genomic sample only,False
SAMPLE_2186,2,official genomic sample only,False
SAMPLE_2187,3,official genomic sample only,False
SAMPLE_2188,1,official genomic sample only,False
SAMPLE_2189,2,official genomic sample only,False
SAMPLE_2190,0,official genomic sample only,False
SAMPLE_2191,4,official genomic sample only,False
SAMPLE_2192,3,official genomic sample only,False
SAMPLE_2193,1,official genomic sample only,False
SAMPLE_2194,4,official genomic sample only,False
SAMPLE_2195,2,official genomic sample only,False
SAMPLE_2196,3,official genomic sample only,False
SAMPLE_2197,3,official genomic sample only,False
SAMPLE_2198,2,official genomic sample only,False
SAMPLE_2199,0,official genomic sample only,False
SAMPLE_2200,1,official genomic sample only,False
SAMPLE_2201,2,official genomic sample only,False
SAMPLE_2202,3,official genomic sample only,False
SAMPLE_2203,0,official genomic sample only,False
SAMPLE_2204,2,official genomic sample only,False
SAMPLE_2205,1,official genomic sample only,False
SAMPLE_2206,3,official genomic sample only,False
SAMPLE_2207,1,official genomic sample only,False
SAMPLE_2208,0,official genomic sample only,False
SAMPLE_2209,0,official genomic sample only,False
SAMPLE_2210,4,official genomic sample only,False
SAMPLE_2211,0,official genomic sample only,False
SAMPLE_2212,1,official genomic sample only,False
SAMPLE_2213,1,official genomic sample only,False
SAMPLE_2214,0,official genomic sample only,False
SAMPLE_2215,1,official genomic sample only,False
SAMPLE_2216,2,official genomic sample only,False
SAMPLE_2217,0,official genomic sample only,False
SAMPLE_2218,3,official genomic sample only,False
SAMPLE_2219,4,official genomic sample only,False
SAMPLE_2220,1,official genomic sample only,False
SAMPLE_2221,2,official genomic sample only,False
SAMPLE_2222,0,official genomic sample only,False
SAMPLE_2223,4,official genomic sample only,False
SAMPLE_2224,2,official genomic sample only,False
SAMPLE_2225,0,official genomic sample only,False
SAMPLE_2226,3,official genomic sample only,False
SAMPLE_2227,3,official genomic sample only,False
SAMPLE_2228,3,official genomic sample only,False
SAMPLE_2229,3,official genomic sample only,False
SAMPLE_2230,2,official genomic sample only,False
SAMPLE_2231,3,official genomic sample only,False
SAMPLE_2232,2,official genomic sample only,False
SAMPLE_2233,1,official genomic sample only,False
SAMPLE_2234,3,official genomic sample only,False
SAMPLE_2235,3,official genomic sample only,False
SAMPLE_2236,0,official genomic sample only,False
SAMPLE_2237,4,official genomic sample only,False
SAMPLE_2238,3,official genomic sample only,False
SAMPLE_2239,1,official genomic sample only,False
SAMPLE_2240,1,official genomic sample only,False
SAMPLE_2241,4,official genomic sample only,False
SAMPLE_2242,0,official genomic sample only,False
SAMPLE_2243,0,official genomic sample only,False
SAMPLE_2244,4,official genomic sample only,False
SAMPLE_2245,2,official genomic sample only,False
SAMPLE_2246,3,official genomic sample only,False
SAMPLE_2247,1,official genomic sample only,False
SAMPLE_2248,0,official genomic sample only,False
SAMPLE_2249,4,official genomic sample only,False
SAMPLE_2250,3,official genomic sample only,False
SAMPLE_2251,0,official genomic sample only,False
SAMPLE_2252,0,official genomic sample only,False
SAMPLE_2253,3,official genomic sample only,False
SAMPLE_2254,1,official genomic sample only,False
SAMPLE_2255,0,official genomic sample only,False
SAMPLE_2256,1,official genomic sample only,False
SAMPLE_2257,0,official genomic sample only,False
SAMPLE_2258,0,official genomic sample only,False
SAMPLE_2259,2,official genomic sample only,False
SAMPLE_2260,3,official genomic sample only,False
SAMPLE_2261,1,official genomic sample only,False
SAMPLE_2262,2,official genomic sample only,False
SAMPLE_2263,4,official genomic sample only,False
SAMPLE_2264,0,official genomic sample only,False
SAMPLE_2265,3,official genomic sample only,False
SAMPLE_2266,4,official genomic sample only,False
SAMPLE_2267,1,official genomic sample only,False
SAMPLE_2268,3,official genomic sample only,False
SAMPLE_2269,2,official genomic sample only,False
SAMPLE_2270,4,official genomic sample only,False
SAMPLE_2271,2,official genomic sample only,False
SAMPLE_2272,2,official genomic sample only,False
SAMPLE_2273,1,official genomic sample only,False
SAMPLE_2274,4,official genomic sample only,False
SAMPLE_2275,3,official genomic sample only,False
SAMPLE_2276,0,official genomic sample only,False
SAMPLE_2277,1,official genomic sample only,False
SAMPLE_2278,3,official genomic sample only,False
SAMPLE_2279,2,official genomic sample only,False
SAMPLE_2280,2,official genomic sample only,False
SAMPLE_2281,3,official genomic sample only,False
SAMPLE_2282,2,official genomic sample only,False
SAMPLE_2283,0,official genomic sample only,False
SAMPLE_2284,1,official genomic sample only,False
SAMPLE_2285,3,official genomic sample only,False
SAMPLE_2286,1,official genomic sample only,False
SAMPLE_2287,3,official genomic sample only,False
SAMPLE_2288,1,official genomic sample only,False
SAMPLE_2289,0,official genomic sample only,False
SAMPLE_2290,4,official genomic sample only,False
SAMPLE_2291,1,official genomic sample only,False
SAMPLE_2292,1,official genomic sample only,False
SAMPLE_2293,4,official genomic sample only,False
SAMPLE_2294,3,official genomic sample only,False
SAMPLE_2295,1,official genomic sample only,False
SAMPLE_2296,0,official genomic sample only,False
SAMPLE_2297,1,official genomic sample only,False
SAMPLE_2298,1,official genomic sample only,False
SAMPLE_2299,1,official genomic sample only,False
SAMPLE_2300,0,official genomic sample only,False
SAMPLE_2301,1,official genomic sample only,False
SAMPLE_2302,1,official genomic sample only,False
SAMPLE_2303,3,official genomic sample only,False
SAMPLE_2304,1,official genomic sample only,False
SAMPLE_2305,1,official genomic sample only,False
SAMPLE_2306,3,official genomic sample only,False
SAMPLE_2307,3,official genomic sample only,False
SAMPLE_2308,0,official genomic sample only,False
SAMPLE_2309,3,official genomic sample only,False
SAMPLE_2310,0,official genomic sample only,False
SAMPLE_2311,3,official genomic sample only,False
SAMPLE_2312,2,official genomic sample only,False
SAMPLE_2313,1,official genomic sample only,False
SAMPLE_2314,1,official genomic sample only,False
SAMPLE_2315,3,official genomic sample only,False
SAMPLE_2316,3,official genomic sample only,False
SAMPLE_2317,3,official genomic sample only,False
SAMPLE_2318,4,official genomic sample only,False
SAMPLE_2319,0,official genomic sample only,False
SAMPLE_2320,1,official genomic sample only,False
SAMPLE_2321,0,official genomic sample only,False
SAMPLE_2322,3,official genomic sample only,False
SAMPLE_2323,3,official genomic sample only,False
SAMPLE_2324,3,official genomic sample only,False
SAMPLE_2325,2,official genomic sample only,False
SAMPLE_2326,4,official genomic sample only,False
SAMPLE_2327,1,official genomic sample only,False
SAMPLE_2328,4,official genomic sample only,False
SAMPLE_2329,0,official genomic sample only,False
SAMPLE_2330,3,official genomic sample only,False
SAMPLE_2331,4,official genomic sample only,False
SAMPLE_2332,3,official genomic sample only,False
SAMPLE_2333,0,official genomic sample only,False
SAMPLE_2334,1,official genomic sample only,False
SAMPLE_2335,1,official genomic sample only,False
SAMPLE_2336,2,official genomic sample only,False
SAMPLE_2337,2,official genomic sample only,False
SAMPLE_2338,4,official genomic sample only,False
SAMPLE_2339,1,official genomic sample only,False
SAMPLE_2340,1,official genomic sample only,False
SAMPLE_2341,4,official genomic sample only,False
SAMPLE_2342,4,official genomic sample only,False
SAMPLE_2343,1,official genomic sample only,False
SAMPLE_2344,0,official genomic sample only,False
SAMPLE_2345,3,official genomic sample only,False
SAMPLE_2346,0,official genomic sample only,False
SAMPLE_2347,1,official genomic sample only,False
SAMPLE_2348,3,official genomic sample only,False
SAMPLE_2349,0,official genomic sample only,False
SAMPLE_2350,1,official genomic sample only,False
SAMPLE_2351,2,official genomic sample only,False
SAMPLE_2352,1,official genomic sample only,False
SAMPLE_2353,3,official genomic sample only,False
SAMPLE_2354,3,official genomic sample only,False
SAMPLE_2355,3,official genomic sample only,False
SAMPLE_2356,3,official genomic sample only,False
SAMPLE_2357,3,official genomic sample only,False
SAMPLE_2358,3,official genomic sample only,False
SAMPLE_2359,0,official genomic sample only,False
SAMPLE_2360,4,official genomic sample only,False
SAMPLE_2361,2,official genomic sample only,False
SAMPLE_2362,1,official genomic sample only,False
SAMPLE_2363,1,official genomic sample only,False
SAMPLE_2364,1,official genomic sample only,False
SAMPLE_2365,4,official genomic sample only,False
SAMPLE_2366,2,official genomic sample only,False
SAMPLE_2367,3,official genomic sample only,False
SAMPLE_2368,1,official genomic sample only,False
SAMPLE_2369,3,official genomic sample only,False
SAMPLE_2370,1,official genomic sample only,False
SAMPLE_2371,1,official genomic sample only,False
SAMPLE_2372,1,official genomic sample only,False
SAMPLE_2373,1,official genomic sample only,False
SAMPLE_2374,1,official genomic sample only,False
SAMPLE_2375,2,official genomic sample only,False
SAMPLE_2376,1,official genomic sample only,False
SAMPLE_2377,1,official genomic sample only,False
SAMPLE_2378,3,official genomic sample only,False
SAMPLE_2379,1,official genomic sample only,False
SAMPLE_2380,3,official genomic sample only,False
SAMPLE_2381,1,official genomic sample only,False
SAMPLE_2382,2,official genomic sample only,False
SAMPLE_2383,3,official genomic sample only,False
SAMPLE_2384,4,official genomic sample only,False
SAMPLE_2385,3,official genomic sample only,False
SAMPLE_2386,2,official genomic sample only,False
SAMPLE_2387,0,official genomic sample only,False
SAMPLE_2388,1,official genomic sample only,False
SAMPLE_2389,2,official genomic sample only,False
SAMPLE_2390,3,official genomic sample only,False
SAMPLE_2391,4,official genomic sample only,False
SAMPLE_2392,0,official genomic sample only,False
SAMPLE_2393,0,official genomic sample only,False
SAMPLE_2394,3,official genomic sample only,False
SAMPLE_2395,0,official genomic sample only,False
SAMPLE_2396,4,official genomic sample only,False
SAMPLE_2397,1,official genomic sample only,False
SAMPLE_2398,0,official genomic sample only,False
SAMPLE_2399,3,official genomic sample only,False
SAMPLE_2400,2,official genomic sample only,False
SAMPLE_2401,3,official genomic sample only,False
SAMPLE_2402,4,official genomic sample only,False
SAMPLE_2403,0,official genomic sample only,False
SAMPLE_2404,0,official genomic sample only,False
SAMPLE_2405,3,official genomic sample only,False
SAMPLE_2406,2,official genomic sample only,False
SAMPLE_2407,3,official genomic sample only,False
SAMPLE_2408,4,official genomic sample only,False
SAMPLE_2409,0,official genomic sample only,False
SAMPLE_2410,3,official genomic sample only,False
SAMPLE_2411,0,official genomic sample only,False
SAMPLE_2412,0,official genomic sample only,False
SAMPLE_2413,4,official genomic sample only,False
SAMPLE_2414,2,official genomic sample only,False
SAMPLE_2415,4,official genomic sample only,False
SAMPLE_2416,2,official genomic sample only,False
SAMPLE_2417,2,official genomic sample only,False
SAMPLE_2418,3,official genomic sample only,False
SAMPLE_2419,3,official genomic sample only,False
SAMPLE_2420,2,official genomic sample only,False
SAMPLE_2421,4,official genomic sample only,False
SAMPLE_2422,0,official genomic sample only,False
SAMPLE_2423,4,official genomic sample only,False
SAMPLE_2424,2,official genomic sample only,False
SAMPLE_2425,3,official genomic sample only,False
SAMPLE_2426,0,official genomic sample only,False
SAMPLE_2427,4,official genomic sample only,False
SAMPLE_2428,2,official genomic sample only,False
SAMPLE_2429,4,official genomic sample only,False
SAMPLE_2430,3,official genomic sample only,False
SAMPLE_2431,3,official genomic sample only,False
SAMPLE_2432,0,official genomic sample only,False
SAMPLE_2433,2,official genomic sample only,False
SAMPLE_2434,2,official genomic sample only,False
SAMPLE_2435,2,official genomic sample only,False
SAMPLE_2436,1,official genomic sample only,False
SAMPLE_2437,3,official genomic sample only,False
SAMPLE_2438,2,official genomic sample only,False
SAMPLE_2439,0,official genomic sample only,False
SAMPLE_2440,0,official genomic sample only,False
SAMPLE_2441,0,official genomic sample only,False
SAMPLE_2442,1,official genomic sample only,False
SAMPLE_2443,1,official genomic sample only,False
SAMPLE_2444,3,official genomic sample only,False
SAMPLE_2445,3,official genomic sample only,False
SAMPLE_2446,1,official genomic sample only,False
SAMPLE_2447,3,official genomic sample only,False
SAMPLE_2448,3,official genomic sample only,False
SAMPLE_2449,0,official genomic sample only,False
SAMPLE_2450,1,official genomic sample only,False
SAMPLE_2451,3,official genomic sample only,False
SAMPLE_2452,3,official genomic sample only,False
SAMPLE_2453,2,official genomic sample only,False
SAMPLE_2454,0,official genomic sample only,False
SAMPLE_2455,1,official genomic sample only,False
SAMPLE_2456,3,official genomic sample only,False
SAMPLE_2457,0,official genomic sample only,False
SAMPLE_2458,0,official genomic sample only,False
SAMPLE_2459,2,official genomic sample only,False
SAMPLE_2460,0,official genomic sample only,False
SAMPLE_2461,3,official genomic sample only,False
SAMPLE_2462,3,official genomic sample only,False
SAMPLE_2463,3,official genomic sample only,False
SAMPLE_2464,1,official genomic sample only,False
SAMPLE_2465,0,official genomic sample only,False
SAMPLE_2466,1,official genomic sample only,False
SAMPLE_2467,0,official genomic sample only,False
SAMPLE_2468,3,official genomic sample only,False
SAMPLE_2469,3,official genomic sample only,False
SAMPLE_2470,0,official genomic sample only,False
SAMPLE_2471,0,official genomic sample only,False
SAMPLE_2472,1,official genomic sample only,False
SAMPLE_2473,0,official genomic sample only,False
SAMPLE_2474,3,official genomic sample only,False
SAMPLE_2475,0,official genomic sample only,False
SAMPLE_2476,0,official genomic sample only,False
SAMPLE_2477,4,official genomic sample only,False
SAMPLE_2478,2,official genomic sample only,False
SAMPLE_2479,3,official genomic sample only,False
SAMPLE_2480,3,official genomic sample only,False
SAMPLE_2481,3,official genomic sample only,False
SAMPLE_2482,1,official genomic sample only,False
SAMPLE_2483,3,official genomic sample only,False
SAMPLE_2484,1,official genomic sample only,False
SAMPLE_2485,1,official genomic sample only,False
SAMPLE_2486,0,official genomic sample only,False
SAMPLE_2487,2,official genomic sample only,False
SAMPLE_2488,1,official genomic sample only,False
SAMPLE_2489,1,official genomic sample only,False
SAMPLE_2490,1,official genomic sample only,False
SAMPLE_2491,0,official genomic sample only,False
SAMPLE_2492,2,official genomic sample only,False
SAMPLE_2493,1,official genomic sample only,False
SAMPLE_2494,1,official genomic sample only,False
SAMPLE_2495,1,official genomic sample only,False
SAMPLE_2496,3,official genomic sample only,False
SAMPLE_2497,2,official genomic sample only,False
SAMPLE_2498,2,official genomic sample only,False
SAMPLE_2499,3,official genomic sample only,False
SAMPLE_2500,1,official genomic sample only,False
SAMPLE_2501,1,official genomic sample only,False
SAMPLE_2502,1,official genomic sample only,False
SAMPLE_2503,3,official genomic sample only,False
SAMPLE_2504,3,official genomic sample only,False
SAMPLE_2505,4,official genomic sample only,False
SAMPLE_2506,4,official genomic sample only,False
SAMPLE_2507,3,official genomic sample only,False
SAMPLE_2508,1,official genomic sample only,False
SAMPLE_2509,2,official genomic sample only,False
SAMPLE_2510,1,official genomic sample only,False
SAMPLE_2511,4,official genomic sample only,False
SAMPLE_2512,4,official genomic sample only,False
SAMPLE_2513,3,official genomic sample only,False
SAMPLE_2514,2,official genomic sample only,False
SAMPLE_2515,4,official genomic sample only,False
SAMPLE_2516,3,official genomic sample only,False
SAMPLE_2517,4,official genomic sample only,False
SAMPLE_2518,3,official genomic sample only,False
SAMPLE_2519,4,official genomic sample only,False
SAMPLE_2520,2,official genomic sample only,False
SAMPLE_2521,2,official genomic sample only,False
SAMPLE_2522,3,official genomic sample only,False
SAMPLE_2523,0,official genomic sample only,False
SAMPLE_2524,3,official genomic sample only,False
SAMPLE_2525,3,official genomic sample only,False
SAMPLE_2526,2,official genomic sample only,False
SAMPLE_2527,1,official genomic sample only,False
SAMPLE_2528,4,official genomic sample only,False
SAMPLE_2529,0,official genomic sample only,False
SAMPLE_2530,1,official genomic sample only,False
SAMPLE_2531,0,official genomic sample only,False
SAMPLE_2532,3,official genomic sample only,False
SAMPLE_2533,1,official genomic sample only,False
SAMPLE_2534,3,official genomic sample only,False
SAMPLE_2535,1,official genomic sample only,False
SAMPLE_2536,2,official genomic sample only,False
SAMPLE_2537,2,official genomic sample only,False
SAMPLE_2538,1,official genomic sample only,False
SAMPLE_2539,1,official genomic sample only,False
SAMPLE_2540,0,official genomic sample only,False
SAMPLE_2541,2,official genomic sample only,False
SAMPLE_2542,3,official genomic sample only,False
SAMPLE_2543,1,official genomic sample only,False
SAMPLE_2544,2,official genomic sample only,False
SAMPLE_2545,1,official genomic sample only,False
SAMPLE_2546,4,official genomic sample only,False
SAMPLE_2547,3,official genomic sample only,False
SAMPLE_2548,1,official genomic sample only,False
SAMPLE_2549,2,official genomic sample only,False
SAMPLE_2550,1,official genomic sample only,False
SAMPLE_2551,3,official genomic sample only,False
SAMPLE_2552,1,official genomic sample only,False
SAMPLE_2553,4,official genomic sample only,False
SAMPLE_2554,3,official genomic sample only,False
SAMPLE_2555,0,official genomic sample only,False
SAMPLE_2556,2,official genomic sample only,False
SAMPLE_2557,1,official genomic sample only,False
SAMPLE_2558,0,official genomic sample only,False
SAMPLE_2559,3,official genomic sample only,False
SAMPLE_2560,3,official genomic sample only,False
SAMPLE_2561,3,official genomic sample only,False
SAMPLE_2562,4,official genomic sample only,False
SAMPLE_2563,1,official genomic sample only,False
SAMPLE_2564,3,official genomic sample only,False
SAMPLE_2565,3,official genomic sample only,False
SAMPLE_2566,4,official genomic sample only,False
SAMPLE_2567,1,official genomic sample only,False
SAMPLE_2568,1,official genomic sample only,False
SAMPLE_2569,2,official genomic sample only,False
SAMPLE_2570,3,official genomic sample only,False
SAMPLE_2571,3,official genomic sample only,False
SAMPLE_2572,1,official genomic sample only,False
SAMPLE_2573,4,official genomic sample only,False
SAMPLE_2574,1,official genomic sample only,False
SAMPLE_2575,4,official genomic sample only,False
SAMPLE_2576,3,official genomic sample only,False
SAMPLE_2577,2,official genomic sample only,False
SAMPLE_2578,2,official genomic sample only,False
SAMPLE_2579,4,official genomic sample only,False
SAMPLE_2580,4,official genomic sample only,False
SAMPLE_2581,1,official genomic sample only,False
SAMPLE_2582,1,official genomic sample only,False
SAMPLE_2583,1,official genomic sample only,False
SAMPLE_2584,3,official genomic sample only,False
SAMPLE_2585,0,official genomic sample only,False
SAMPLE_2586,0,official genomic sample only,False
SAMPLE_2587,3,official genomic sample only,False
SAMPLE_2588,2,official genomic sample only,False
SAMPLE_2589,1,official genomic sample only,False
SAMPLE_2590,4,official genomic sample only,False
SAMPLE_2591,4,official genomic sample only,False
SAMPLE_2592,0,official genomic sample only,False
SAMPLE_2593,3,official genomic sample only,False
SAMPLE_2594,3,official genomic sample only,False
SAMPLE_2595,2,official genomic sample only,False
SAMPLE_2596,3,official genomic sample only,False
SAMPLE_2597,3,official genomic sample only,False
SAMPLE_2598,1,official genomic sample only,False
SAMPLE_2599,1,official genomic sample only,False
SAMPLE_2600,1,official genomic sample only,False
SAMPLE_2601,0,official genomic sample only,False
SAMPLE_2602,3,official genomic sample only,False
SAMPLE_2603,1,official genomic sample only,False
SAMPLE_2604,2,official genomic sample only,False
SAMPLE_2605,1,official genomic sample only,False
SAMPLE_2606,1,official genomic sample only,False
SAMPLE_2607,0,official genomic sample only,False
SAMPLE_2608,3,official genomic sample only,False
SAMPLE_2609,0,official genomic sample only,False
SAMPLE_2610,3,official genomic sample only,False
SAMPLE_2611,3,official genomic sample only,False
SAMPLE_2612,3,official genomic sample only,False
SAMPLE_2613,3,official genomic sample only,False
SAMPLE_2614,0,official genomic sample only,False
SAMPLE_2615,2,official genomic sample only,False
SAMPLE_2616,2,official genomic sample only,False
SAMPLE_2617,2,official genomic sample only,False
SAMPLE_2618,1,official genomic sample only,False
SAMPLE_2619,1,official genomic sample only,False
SAMPLE_2620,0,official genomic sample only,False
SAMPLE_2621,2,official genomic sample only,False
SAMPLE_2622,3,official genomic sample only,False
SAMPLE_2623,4,official genomic sample only,False
SAMPLE_2624,4,official genomic sample only,False
SAMPLE_2625,4,official genomic sample only,False
SAMPLE_2626,3,official genomic sample only,False
SAMPLE_2627,0,official genomic sample only,False
SAMPLE_2628,0,official genomic sample only,False
SAMPLE_2629,1,official genomic sample only,False
SAMPLE_2630,3,official genomic sample only,False
SAMPLE_2631,2,official genomic sample only,False
SAMPLE_2632,0,official genomic sample only,False
SAMPLE_2633,3,official genomic sample only,False
SAMPLE_2634,3,official genomic sample only,False
SAMPLE_2635,0,official genomic sample only,False
SAMPLE_2636,1,official genomic sample only,False
SAMPLE_2637,1,official genomic sample only,False
SAMPLE_2638,0,official genomic sample only,False
SAMPLE_2639,1,official genomic sample only,False
SAMPLE_2640,3,official genomic sample only,False
SAMPLE_2641,2,official genomic sample only,False
SAMPLE_2642,0,official genomic sample only,False
SAMPLE_2643,1,official genomic sample only,False
SAMPLE_2644,2,official genomic sample only,False
SAMPLE_2645,3,official genomic sample only,False
SAMPLE_2646,3,official genomic sample only,False
SAMPLE_2647,3,official genomic sample only,False
SAMPLE_2648,4,official genomic sample only,False
SAMPLE_2649,3,official genomic sample only,False
SAMPLE_2650,1,official genomic sample only,False
SAMPLE_2651,3,official genomic sample only,False
SAMPLE_2652,3,official genomic sample only,False
SAMPLE_2653,2,official genomic sample only,False
SAMPLE_2654,3,official genomic sample only,False
SAMPLE_2655,2,official genomic sample only,False
SAMPLE_2656,1,official genomic sample only,False
SAMPLE_2657,0,official genomic sample only,False
SAMPLE_2658,0,official genomic sample only,False
SAMPLE_2659,2,official genomic sample only,False
SAMPLE_2660,3,official genomic sample only,False
SAMPLE_2661,1,official genomic sample only,False
SAMPLE_2662,3,official genomic sample only,False
SAMPLE_2663,0,official genomic sample only,False
SAMPLE_2664,4,official genomic sample only,False
SAMPLE_2665,1,official genomic sample only,False
SAMPLE_2666,1,official genomic sample only,False
SAMPLE_2667,2,official genomic sample only,False
SAMPLE_2668,0,official genomic sample only,False
SAMPLE_2669,1,official genomic sample only,False
SAMPLE_2670,2,official genomic sample only,False
SAMPLE_2671,1,official genomic sample only,False
SAMPLE_2672,0,official genomic sample only,False
SAMPLE_2673,3,official genomic sample only,False
SAMPLE_2674,2,official genomic sample only,False
SAMPLE_2675,1,official genomic sample only,False
SAMPLE_2676,1,official genomic sample only,False
SAMPLE_2677,1,official genomic sample only,False
SAMPLE_2678,0,official genomic sample only,False
SAMPLE_2679,1,official genomic sample only,False
SAMPLE_2680,3,official genomic sample only,False
SAMPLE_2681,2,official genomic sample only,False
SAMPLE_2682,3,official genomic sample only,False
SAMPLE_2683,4,official genomic sample only,False
SAMPLE_2684,3,official genomic sample only,False
SAMPLE_2685,3,official genomic sample only,False
SAMPLE_2686,3,official genomic sample only,False
SAMPLE_2687,4,official genomic sample only,False
SAMPLE_2688,4,official genomic sample only,False
SAMPLE_2689,4,official genomic sample only,False
SAMPLE_2690,1,official genomic sample only,False
SAMPLE_2691,2,official genomic sample only,False
SAMPLE_2692,4,official genomic sample only,False
SAMPLE_2693,3,official genomic sample only,False
SAMPLE_2694,1,official genomic sample only,False
SAMPLE_2695,3,official genomic sample only,False
SAMPLE_2696,4,official genomic sample only,False
SAMPLE_2697,3,official genomic sample only,False
SAMPLE_2698,1,official genomic sample only,False
SAMPLE_2699,3,official genomic sample only,False
SAMPLE_2700,1,official genomic sample only,False
SAMPLE_2701,0,official genomic sample only,False
SAMPLE_2702,1,official genomic sample only,False
SAMPLE_2703,3,official genomic sample only,False
SAMPLE_2704,1,official genomic sample only,False
SAMPLE_2705,1,official genomic sample only,False
SAMPLE_2706,1,official genomic sample only,False
SAMPLE_2707,0,official genomic sample only,False
SAMPLE_2708,3,official genomic sample only,False
SAMPLE_2709,4,official genomic sample only,False
SAMPLE_2710,4,official genomic sample only,False
SAMPLE_2711,1,official genomic sample only,False
SAMPLE_2712,0,official genomic sample only,False
SAMPLE_2713,2,official genomic sample only,False
SAMPLE_2714,2,official genomic sample only,False
SAMPLE_2715,2,official genomic sample only,False
SAMPLE_2716,1,official genomic sample only,False
SAMPLE_2717,1,official genomic sample only,False
SAMPLE_2718,3,official genomic sample only,False
SAMPLE_2719,3,official genomic sample only,False
SAMPLE_2720,3,official genomic sample only,False
SAMPLE_2721,0,official genomic sample only,False
SAMPLE_2722,0,official genomic sample only,False
SAMPLE_2723,3,official genomic sample only,False
SAMPLE_2724,0,official genomic sample only,False
SAMPLE_2725,0,official genomic sample only,False
SAMPLE_2726,4,official genomic sample only,False
SAMPLE_2727,3,official genomic sample only,False
SAMPLE_2728,0,official genomic sample only,False
SAMPLE_2729,3,official genomic sample only,False
SAMPLE_2730,1,official genomic sample only,False
SAMPLE_2731,1,official genomic sample only,False
SAMPLE_2732,2,official genomic sample only,False
SAMPLE_2733,1,official genomic sample only,False
SAMPLE_2734,3,official genomic sample only,False
SAMPLE_2735,0,official genomic sample only,False
SAMPLE_2736,2,official genomic sample only,False
SAMPLE_2737,3,official genomic sample only,False
SAMPLE_2738,3,official genomic sample only,False
SAMPLE_2739,1,official genomic sample only,False
SAMPLE_2740,2,official genomic sample only,False
SAMPLE_2741,4,official genomic sample only,False
SAMPLE_2742,3,official genomic sample only,False
SAMPLE_2743,3,official genomic sample only,False
SAMPLE_2744,3,official genomic sample only,False
SAMPLE_2745,0,official genomic sample only,False
SAMPLE_2746,3,official genomic sample only,False
SAMPLE_2747,0,official genomic sample only,False
SAMPLE_2748,2,official genomic sample only,False
SAMPLE_2749,0,official genomic sample only,False
SAMPLE_2750,4,official genomic sample only,False
SAMPLE_2751,1,official genomic sample only,False
SAMPLE_2752,2,official genomic sample only,False
SAMPLE_2753,1,official genomic sample only,False
SAMPLE_2754,0,official genomic sample only,False
SAMPLE_2755,3,official genomic sample only,False
SAMPLE_2756,0,official genomic sample only,False
SAMPLE_2757,4,official genomic sample only,False
SAMPLE_2758,3,official genomic sample only,False
SAMPLE_2759,4,official genomic sample only,False
SAMPLE_2760,1,official genomic sample only,False
SAMPLE_2761,0,official genomic sample only,False
SAMPLE_2762,2,official genomic sample only,False
SAMPLE_2763,2,official genomic sample only,False
SAMPLE_2764,4,official genomic sample only,False
SAMPLE_2765,3,official genomic sample only,False
SAMPLE_2766,2,official genomic sample only,False
SAMPLE_2767,2,official genomic sample only,False
SAMPLE_2768,3,official genomic sample only,False
SAMPLE_2769,1,official genomic sample only,False
SAMPLE_2770,0,official genomic sample only,False
SAMPLE_2771,0,official genomic sample only,False
SAMPLE_2772,4,official genomic sample only,False
SAMPLE_2773,3,official genomic sample only,False
SAMPLE_2774,3,official genomic sample only,False
SAMPLE_2775,1,official genomic sample only,False
SAMPLE_2776,4,official genomic sample only,False
SAMPLE_2777,1,official genomic sample only,False
SAMPLE_2778,3,official genomic sample only,False
SAMPLE_2779,1,official genomic sample only,False
SAMPLE_2780,1,official genomic sample only,False
SAMPLE_2781,0,official genomic sample only,False
SAMPLE_2782,4,official genomic sample only,False
SAMPLE_2783,0,official genomic sample only,False
SAMPLE_2784,0,official genomic sample only,False
SAMPLE_2785,1,official genomic sample only,False
SAMPLE_2786,2,official genomic sample only,False
SAMPLE_2787,2,official genomic sample only,False
SAMPLE_2788,1,official genomic sample only,False
SAMPLE_2789,2,official genomic sample only,False
SAMPLE_2790,4,official genomic sample only,False
SAMPLE_2791,0,official genomic sample only,False
SAMPLE_2792,0,official genomic sample only,False
SAMPLE_2793,4,official genomic sample only,False
SAMPLE_2794,3,official genomic sample only,False
SAMPLE_2795,0,official genomic sample only,False
SAMPLE_2796,2,official genomic sample only,False
SAMPLE_2797,1,official genomic sample only,False
SAMPLE_2798,1,official genomic sample only,False
SAMPLE_2799,3,official genomic sample only,False
SAMPLE_2800,4,official genomic sample only,False
SAMPLE_2801,1,official genomic sample only,False
SAMPLE_2802,1,official genomic sample only,False
SAMPLE_2803,3,official genomic sample only,False
SAMPLE_2804,4,official genomic sample only,False
SAMPLE_2805,1,official genomic sample only,False
SAMPLE_2806,1,official genomic sample only,False
SAMPLE_2807,1,official genomic sample only,False
SAMPLE_2808,1,official genomic sample only,False
SAMPLE_2809,1,official genomic sample only,False
SAMPLE_2810,4,official genomic sample only,False
SAMPLE_2811,2,official genomic sample only,False
SAMPLE_2812,0,official genomic sample only,False
SAMPLE_2813,4,official genomic sample only,False
SAMPLE_2814,1,official genomic sample only,False
SAMPLE_2815,0,official genomic sample only,False
SAMPLE_2816,0,official genomic sample only,False
SAMPLE_2817,3,official genomic sample only,False
SAMPLE_2818,0,official genomic sample only,False
SAMPLE_2819,3,official genomic sample only,False
SAMPLE_2820,4,official genomic sample only,False
SAMPLE_2821,3,official genomic sample only,False
SAMPLE_2822,3,official genomic sample only,False
SAMPLE_2823,4,official genomic sample only,False
SAMPLE_2824,4,official genomic sample only,False
SAMPLE_2825,2,official genomic sample only,False
SAMPLE_2826,3,official genomic sample only,False
SAMPLE_2827,1,official genomic sample only,False
SAMPLE_2828,3,official genomic sample only,False
SAMPLE_2829,2,official genomic sample only,False
SAMPLE_2830,0,official genomic sample only,False
SAMPLE_2831,3,official genomic sample only,False
SAMPLE_2832,3,official genomic sample only,False
SAMPLE_2833,1,official genomic sample only,False
SAMPLE_2834,3,official genomic sample only,False
SAMPLE_2835,4,official genomic sample only,False
SAMPLE_2836,4,official genomic sample only,False
SAMPLE_2837,4,official genomic sample only,False
SAMPLE_2838,2,official genomic sample only,False
SAMPLE_2839,4,official genomic sample only,False
SAMPLE_2840,3,official genomic sample only,False
SAMPLE_2841,2,official genomic sample only,False
SAMPLE_2842,4,official genomic sample only,False
SAMPLE_2843,1,official genomic sample only,False
SAMPLE_2844,1,official genomic sample only,False
SAMPLE_2845,2,official genomic sample only,False
SAMPLE_2846,0,official genomic sample only,False
SAMPLE_2847,1,official genomic sample only,False
SAMPLE_2848,0,official genomic sample only,False
SAMPLE_2849,0,official genomic sample only,False
SAMPLE_2850,1,official genomic sample only,False
SAMPLE_2851,3,official genomic sample only,False
SAMPLE_2852,3,official genomic sample only,False
SAMPLE_2853,3,official genomic sample only,False
SAMPLE_2854,2,official genomic sample only,False
SAMPLE_2855,3,official genomic sample only,False
SAMPLE_2856,3,official genomic sample only,False
SAMPLE_2857,0,official genomic sample only,False
SAMPLE_2858,4,official genomic sample only,False
SAMPLE_2859,1,official genomic sample only,False
SAMPLE_2860,0,official genomic sample only,False
SAMPLE_2861,4,official genomic sample only,False
SAMPLE_2862,1,official genomic sample only,False
SAMPLE_2863,2,official genomic sample only,False
SAMPLE_2864,4,official genomic sample only,False
SAMPLE_2865,0,official genomic sample only,False
SAMPLE_2866,3,official genomic sample only,False
SAMPLE_2867,1,official genomic sample only,False
SAMPLE_2868,4,official genomic sample only,False
SAMPLE_2869,1,official genomic sample only,False
SAMPLE_2870,1,official genomic sample only,False
SAMPLE_2871,0,official genomic sample only,False
SAMPLE_2872,3,official genomic sample only,False
SAMPLE_2873,0,official genomic sample only,False
SAMPLE_2874,4,official genomic sample only,False
SAMPLE_2875,0,official genomic sample only,False
SAMPLE_2876,2,official genomic sample only,False
SAMPLE_2877,4,official genomic sample only,False
SAMPLE_2878,1,official genomic sample only,False
SAMPLE_2879,2,official genomic sample only,False
SAMPLE_2880,4,official genomic sample only,False
SAMPLE_2881,2,official genomic sample only,False
SAMPLE_2882,4,official genomic sample only,False
SAMPLE_2883,4,official genomic sample only,False
SAMPLE_2884,4,official genomic sample only,False
SAMPLE_2885,3,official genomic sample only,False
SAMPLE_2886,3,official genomic sample only,False
SAMPLE_2887,3,official genomic sample only,False
SAMPLE_2888,3,official genomic sample only,False
SAMPLE_2889,2,official genomic sample only,False
SAMPLE_2890,1,official genomic sample only,False
SAMPLE_2891,1,official genomic sample only,False
SAMPLE_2892,1,official genomic sample only,False
SAMPLE_2893,1,official genomic sample only,False
SAMPLE_2894,4,official genomic sample only,False
SAMPLE_2895,3,official genomic sample only,False
SAMPLE_2896,0,official genomic sample only,False
SAMPLE_2897,2,official genomic sample only,False
SAMPLE_2898,2,official genomic sample only,False
SAMPLE_2899,1,official genomic sample only,False
SAMPLE_2900,1,official genomic sample only,False
SAMPLE_2901,1,official genomic sample only,False
SAMPLE_2902,1,official genomic sample only,False
SAMPLE_2903,4,official genomic sample only,False
SAMPLE_2904,3,official genomic sample only,False
SAMPLE_2905,1,official genomic sample only,False
SAMPLE_2906,1,official genomic sample only,False
SAMPLE_2907,1,official genomic sample only,False
SAMPLE_2908,2,official genomic sample only,False
SAMPLE_2909,1,official genomic sample only,False
SAMPLE_2910,1,official genomic sample only,False
SAMPLE_2911,1,official genomic sample only,False
SAMPLE_2912,4,official genomic sample only,False
SAMPLE_2913,3,official genomic sample only,False
SAMPLE_2914,2,official genomic sample only,False
SAMPLE_2915,3,official genomic sample only,False
SAMPLE_2916,3,official genomic sample only,False
SAMPLE_2917,3,official genomic sample only,False
SAMPLE_2918,2,official genomic sample only,False
SAMPLE_2919,0,official genomic sample only,False
SAMPLE_2920,4,official genomic sample only,False
SAMPLE_2921,4,official genomic sample only,False
SAMPLE_2922,3,official genomic sample only,False
SAMPLE_2923,2,official genomic sample only,False
SAMPLE_2924,2,official genomic sample only,False
SAMPLE_2925,0,official genomic sample only,False
SAMPLE_2926,2,official genomic sample only,False
SAMPLE_2927,0,official genomic sample only,False
SAMPLE_2928,4,official genomic sample only,False
SAMPLE_2929,0,official genomic sample only,False
SAMPLE_2930,2,official genomic sample only,False
SAMPLE_2931,4,official genomic sample only,False
SAMPLE_2932,4,official genomic sample only,False
SAMPLE_2933,3,official genomic sample only,False
SAMPLE_2934,3,official genomic sample only,False
SAMPLE_2935,3,official genomic sample only,False
SAMPLE_2936,4,official genomic sample only,False
SAMPLE_2937,4,official genomic sample only,False
SAMPLE_2938,0,official genomic sample only,False
SAMPLE_2939,3,official genomic sample only,False
SAMPLE_2940,1,official genomic sample only,False
SAMPLE_2941,1,official genomic sample only,False
SAMPLE_2942,1,official genomic sample only,False
SAMPLE_2943,1,official genomic sample only,False
SAMPLE_2944,0,official genomic sample only,False
SAMPLE_2945,3,official genomic sample only,False
SAMPLE_2946,4,official genomic sample only,False
SAMPLE_2947,4,official genomic sample only,False
SAMPLE_2948,3,official genomic sample only,False
SAMPLE_2949,3,official genomic sample only,False
SAMPLE_2950,3,official genomic sample only,False
SAMPLE_2951,2,official genomic sample only,False
SAMPLE_2952,4,official genomic sample only,False
SAMPLE_2953,1,official genomic sample only,False
SAMPLE_2954,4,official genomic sample only,False
SAMPLE_2955,3,official genomic sample only,False
SAMPLE_2956,4,official genomic sample only,False
SAMPLE_2957,2,official genomic sample only,False
SAMPLE_2958,0,official genomic sample only,False
SAMPLE_2959,1,official genomic sample only,False
SAMPLE_2960,2,official genomic sample only,False
SAMPLE_2961,0,official genomic sample only,False
SAMPLE_2962,1,official genomic sample only,False
SAMPLE_2963,2,official genomic sample only,False
SAMPLE_2964,0,official genomic sample only,False
SAMPLE_2965,4,official genomic sample only,False
SAMPLE_2966,3,official genomic sample only,False
SAMPLE_2967,2,official genomic sample only,False
SAMPLE_2968,0,official genomic sample only,False
SAMPLE_2969,2,official genomic sample only,False
SAMPLE_2970,1,official genomic sample only,False
SAMPLE_2971,4,official genomic sample only,False
SAMPLE_2972,2,official genomic sample only,False
SAMPLE_2973,1,official genomic sample only,False
SAMPLE_2974,4,official genomic sample only,False
SAMPLE_2975,3,official genomic sample only,False
SAMPLE_2976,1,official genomic sample only,False
SAMPLE_2977,4,official genomic sample only,False
SAMPLE_2978,1,official genomic sample only,False
SAMPLE_2979,1,official genomic sample only,False
SAMPLE_2980,1,official genomic sample only,False
SAMPLE_2981,4,official genomic sample only,False
SAMPLE_2982,0,official genomic sample only,False
SAMPLE_2983,0,official genomic sample only,False
SAMPLE_2984,0,official genomic sample only,False
SAMPLE_2985,3,official genomic sample only,False
SAMPLE_2986,1,official genomic sample only,False
SAMPLE_2987,3,official genomic sample only,False
SAMPLE_2988,1,official genomic sample only,False
SAMPLE_2989,1,official genomic sample only,False
SAMPLE_2990,4,official genomic sample only,False
SAMPLE_2991,2,official genomic sample only,False
SAMPLE_2992,0,official genomic sample only,False
SAMPLE_2993,4,official genomic sample only,False
SAMPLE_2994,1,official genomic sample only,False
SAMPLE_2995,1,official genomic sample only,False
SAMPLE_2996,4,official genomic sample only,False
SAMPLE_2997,3,official genomic sample only,False
SAMPLE_2998,3,official genomic sample only,False
SAMPLE_2999,0,official genomic sample only,False
SAMPLE_3000,4,official genomic sample only,False
