country,year,production
Afghanistan,2000,300.0
Afghanistan,2001,450.0
Afghanistan,2002,450.0
Afghanistan,2003,450.0
Afghanistan,2004,450.0
Afghanistan,2005,450.0
Afghanistan,2006,450.0
Afghanistan,2007,1050.0
Afghanistan,2008,1050.0
Afghanistan,2009,1650.0
Afghanistan,2010,2250.0
Afghanistan,2011,2850.0
Afghanistan,2012,3480.0
Afghanistan,2013,4110.0
Afghanistan,2014,4760.0
Afghanistan,2015,5450.0
Afghanistan,2016,6150.0
Afghanistan,2017,7000.0
Afghanistan,2018,7950.0
Africa Eastern and Southern,2000,24349.0
Africa Eastern and Southern,2001,28099.0
Africa Eastern and Southern,2002,38364.0
Africa Eastern and Southern,2003,45873.0
Africa Eastern and Southern,2004,42220.0
Africa Eastern and Southern,2005,47453.1500015259
Africa Eastern and Southern,2006,75908.7000007629
Africa Eastern and Southern,2007,97740.7000007629
Africa Eastern and Southern,2008,99535.8499755859
Africa Eastern and Southern,2009,122165.001529694
Africa Eastern and Southern,2010,154328.24010849
Africa Eastern and Southern,2011,160086.562915802
Africa Eastern and Southern,2012,181634.530700684
Africa Eastern and Southern,2013,198789.889537811
Africa Eastern and Southern,2014,218317.730249025
Africa Eastern and Southern,2015,232683.830957033
Africa Eastern and Southern,2016,236261.783691406
Africa Eastern and Southern,2017,247566.37081299
Africa Eastern and Southern,2018,227738.267120361
Africa Western and Central,2000,32940.0
Africa Western and Central,2001,32564.0
Africa Western and Central,2002,39341.0
Africa Western and Central,2003,34395.0
Africa Western and Central,2004,47659.0
Africa Western and Central,2005,60807.0
Africa Western and Central,2006,90503.0
Africa Western and Central,2007,92580.0
Africa Western and Central,2008,153013.0
Africa Western and Central,2009,164724.0
Africa Western and Central,2010,216749.599998474
Africa Western and Central,2011,248207.865005493
Africa Western and Central,2012,289089.799987793
Africa Western and Central,2013,321236.849975586
Africa Western and Central,2014,363206.0
Africa Western and Central,2015,377258.16015625
Africa Western and Central,2016,378600.630065918
Africa Western and Central,2017,372724.260192871
Africa Western and Central,2018,388010.736694336
Albania,2000,307.0
Albania,2001,286.0
Albania,2002,860.0
Albania,2003,1473.0
Albania,2004,1569.0
Albania,2005,1473.0
Albania,2006,2057.0
Albania,2007,2092.0
Albania,2008,2000.0
Albania,2009,2317.0
Albania,2010,2520.0
Albania,2011,2345.0
Albania,2012,3450.0
Albania,2013,3700.0
Albania,2014,4000.0
Albania,2015,3495.0
Albania,2016,4750.0
Albania,2017,4430.0
Albania,2018,6258.0
Algeria,2000,351.0
Algeria,2001,454.0
Algeria,2002,476.0
Algeria,2003,417.0
Algeria,2004,586.0
Algeria,2005,368.0
Algeria,2006,288.0
Algeria,2007,405.0
Algeria,2008,2779.916015625
Algeria,2009,2163.23193359375
Algeria,2010,1758.74194335938
Algeria,2011,2245.77001953125
Algeria,2012,2644.001953125
Algeria,2013,2192.88110351563
Algeria,2014,2410.97290039063
Algeria,2015,1332.98999023438
Algeria,2016,1376.0
Algeria,2017,1416.0
Algeria,2018,5100.1201171875
American Samoa,2000,5.0
American Samoa,2001,10.0
American Samoa,2002,10.0
American Samoa,2003,10.0
American Samoa,2004,10.0
American Samoa,2005,10.0
American Samoa,2006,18.0
American Samoa,2007,18.0
American Samoa,2008,18.0
American Samoa,2009,18.0
American Samoa,2010,18.0
American Samoa,2011,20.0
American Samoa,2012,20.0
American Samoa,2013,20.0
American Samoa,2014,20.0
American Samoa,2015,20.0
American Samoa,2016,20.0
American Samoa,2017,20.0
American Samoa,2018,20.0
Angola,2000,5.0
Angola,2001,11.0
Angola,2002,51.0
Angola,2003,72.0
Angola,2004,92.0
Angola,2005,126.0
Angola,2006,156.0
Angola,2007,190.0
Angola,2008,190.0
Angola,2009,260.0
Angola,2010,310.0
Angola,2011,310.0
Angola,2012,310.0
Angola,2013,57.0
Angola,2014,305.0
Angola,2015,872.0
Angola,2016,655.0
Angola,2017,1339.0
Angola,2018,1752.0
Antigua and Barbuda,2011,4.0
Antigua and Barbuda,2012,10.0
Antigua and Barbuda,2013,11.0
Antigua and Barbuda,2014,13.0
Antigua and Barbuda,2015,10.0
Antigua and Barbuda,2016,10.0
Antigua and Barbuda,2017,10.0
Antigua and Barbuda,2018,10.0
Arab World,2000,360829.0
Arab World,2001,364763.0
Arab World,2002,398297.0
Arab World,2003,476490.0
Arab World,2004,514596.400024414
Arab World,2005,590726.0
Arab World,2006,643697.0
Arab World,2007,688762.400390625
Arab World,2008,756349.131011963
Arab World,2009,771541.481544495
Arab World,2010,987749.048938513
Arab World,2011,1042809.19401956
Arab World,2012,1084322.22695303
Arab World,2013,1150420.88110352
Arab World,2014,1215108.08289433
Arab World,2015,1259349.98999023
Arab World,2016,1471832.37186623
Arab World,2017,1580578.25801086
Arab World,2018,1706436.3253479
Argentina,2000,1784.0
Argentina,2001,1340.0
Argentina,2002,1457.0
Argentina,2003,1647.0
Argentina,2004,1848.0
Argentina,2005,2057.0
Argentina,2006,2528.0
Argentina,2007,2957.0
Argentina,2008,2700.0
Argentina,2009,2582.94995117188
Argentina,2010,2654.34985351563
Argentina,2011,3193.25
Argentina,2012,2958.42016601563
Argentina,2013,3825.11987304688
Argentina,2014,4002.7099609375
Argentina,2015,3662.65014648438
Argentina,2016,3673.48486328125
Argentina,2017,3567.76000976563
Argentina,2018,3205.31005859375
Armenia,2000,893.0
Armenia,2001,1331.0
Armenia,2002,1020.0
Armenia,2003,1064.0
Armenia,2004,813.0
Armenia,2005,739.0
Armenia,2006,1056.0
Armenia,2007,3650.0
Armenia,2008,5100.0
Armenia,2009,5240.0
Armenia,2010,5000.0
Armenia,2011,6300.0
Armenia,2012,8850.0
Armenia,2013,11700.0
Armenia,2014,13925.0
Armenia,2015,15130.0
Armenia,2016,16381.0
Armenia,2017,16690.0
Armenia,2018,17000.0
Aruba,2011,2.0
Aruba,2013,0.0
Aruba,2014,0.0
Aruba,2015,0.0
Aruba,2016,0.0
Aruba,2017,0.0
Aruba,2018,0.0
Australia,2000,31746.0
Australia,2001,35403.0
Australia,2002,38566.0
Australia,2003,38793.0
Australia,2004,44142.0
Australia,2005,42787.0
Australia,2006,49376.0
Australia,2007,55799.0
Australia,2008,58911.69921875
Australia,2009,70121.8515625
Australia,2010,73827.2265625
Australia,2011,73126.5390625
Australia,2012,78992.1015625
Australia,2013,76416.890625
Australia,2014,73677.609375
Australia,2015,83725.2109375
Australia,2016,92449.890625
Australia,2017,89824.921875
Australia,2018,96798.5234375
Austria,2000,2847.0
Austria,2001,2393.0
Austria,2002,2333.0
Austria,2003,2233.0
Austria,2004,2267.0
Austria,2005,2420.0
Austria,2006,2503.0
Austria,2007,2539.0
Austria,2008,2087.0
Austria,2009,2141.0
Austria,2010,2167.0
Austria,2011,2904.30004882813
Austria,2012,3125.5
Austria,2013,3237.0
Austria,2014,3390.30004882813
Austria,2015,3503.39990234375
Austria,2016,3483.39990234375
Austria,2017,3861.60009765625
Austria,2018,3990.60009765625
Azerbaijan,2000,140.0
Azerbaijan,2001,95.0
Azerbaijan,2002,80.0
Azerbaijan,2003,130.0
Azerbaijan,2004,350.0
Azerbaijan,2005,500.0
Azerbaijan,2006,600.0
Azerbaijan,2007,900.0
Azerbaijan,2008,1000.0
Azerbaijan,2009,1000.0
Azerbaijan,2010,1000.0
Azerbaijan,2011,517.0
Azerbaijan,2012,366.100006103516
Azerbaijan,2013,325.0
Azerbaijan,2014,305.0
Azerbaijan,2015,561.0
Azerbaijan,2016,640.0
Azerbaijan,2017,695.0
Azerbaijan,2018,478.0
Bahamas,2000,2.0
Bahamas,2001,13.0
Bahamas,2002,25.0
Bahamas,2003,52.0
Bahamas,2004,30.0
Bahamas,2005,85.0
Bahamas,2006,52.0
Bahamas,2007,30.0
Bahamas,2008,20.0
Bahamas,2009,17.0
Bahamas,2010,1.0
Bahamas,2011,1.0
Bahamas,2012,1.0
Bahamas,2013,1.0
Bahamas,2014,9.35000038146973
Bahamas,2015,9.32999992370605
Bahamas,2016,9.0
Bahamas,2017,6.0
Bahamas,2018,6.84000015258789
Bahrain,2000,12.0
Bahrain,2001,0.0
Bahrain,2002,3.0
Bahrain,2003,4.0
Bahrain,2004,8.0
Bahrain,2005,3.0
Bahrain,2006,2.0
Bahrain,2007,1.0
Bahrain,2008,2.0
Bahrain,2009,2.0
Bahrain,2010,3.18700003623962
Bahrain,2011,3.42400002479553
Bahrain,2012,1.72499990463257
Bahrain,2013,0.0
Bahrain,2014,5.71000003814697
Bahrain,2015,0.0
Bahrain,2016,14.2119998931885
Bangladesh,2000,657120.0
Bangladesh,2001,712640.0
Bangladesh,2002,786604.0
Bangladesh,2003,856956.0
Bangladesh,2004,914752.0
Bangladesh,2005,882091.0
Bangladesh,2006,892049.0
Bangladesh,2007,945812.0
Bangladesh,2008,1005542.0
Bangladesh,2009,1064285.0
Bangladesh,2010,1308515.0
Bangladesh,2011,1523759.0
Bangladesh,2012,1726066.0
Bangladesh,2013,1859808.0
Bangladesh,2014,1956925.0
Bangladesh,2015,2060408.0
Bangladesh,2016,2203554.0
Bangladesh,2017,2333352.0
Bangladesh,2018,2405416.0
Barbados,2006,2.0
Barbados,2007,2.0
Barbados,2008,2.0
Barbados,2009,2.0
Barbados,2010,2.0
Barbados,2011,10.5
Barbados,2012,10.5
Barbados,2013,14.5
Barbados,2014,20.5
Barbados,2015,20.5
Barbados,2016,25.5
Barbados,2017,25.5
Barbados,2018,25.5
Belarus,2000,6716.0
Belarus,2001,4666.0
Belarus,2002,6523.0
Belarus,2003,5393.0
Belarus,2004,4150.0
Belarus,2005,5648.0
Belarus,2006,8406.0
Belarus,2007,14091.0
Belarus,2008,14636.0
Belarus,2009,15659.0
Belarus,2010,16265.0
Belarus,2011,16293.0
Belarus,2012,15499.0
Belarus,2013,13548.0
Belarus,2014,10658.0
Belarus,2015,9130.900390625
Belarus,2016,11199.0
Belarus,2017,10353.5
Belarus,2018,11580.900390625
Belgium,2000,1871.0
Belgium,2001,1830.0
Belgium,2002,1834.0
Belgium,2003,1261.0
Belgium,2004,739.0
Belgium,2005,414.0
Belgium,2006,128.0
Belgium,2007,128.0
Belgium,2008,126.0
Belgium,2009,576.0
Belgium,2010,539.0
Belgium,2011,101.0
Belgium,2012,277.0
Belgium,2013,212.0
Belgium,2014,214.0
Belgium,2015,82.0
Belgium,2016,44.0
Belgium,2017,75.0
Belgium,2018,111.0
Belize,2000,3630.0
Belize,2001,4460.0
Belize,2002,4400.0
Belize,2003,10160.0
Belize,2004,11426.0
Belize,2005,11078.0
Belize,2006,7624.0
Belize,2007,3172.0
Belize,2008,4528.0
Belize,2009,5725.0
Belize,2010,7410.7001953125
Belize,2011,5102.0
Belize,2012,5879.60009765625
Belize,2013,7150.0
Belize,2014,7212.76025390625
Belize,2015,4203.0
Belize,2016,1148.0
Belize,2017,563.0
Belize,2018,563.0
Benin,2002,7.0
Benin,2003,7.0
Benin,2004,7.0
Benin,2005,350.0
Benin,2006,415.0
Benin,2007,178.0
Benin,2008,213.0
Benin,2009,308.0
Benin,2010,364.0
Benin,2011,400.0
Benin,2012,500.0
Benin,2013,667.0
Benin,2014,1425.0
Benin,2015,4459.66015625
Benin,2016,4207.0
Benin,2017,4529.66015625
Benin,2018,5114.13671875
Bhutan,2000,30.0
Bhutan,2001,30.0
Bhutan,2002,30.0
Bhutan,2003,30.0
Bhutan,2004,40.0
Bhutan,2005,40.0
Bhutan,2006,40.0
Bhutan,2007,40.0
Bhutan,2008,46.0
Bhutan,2009,46.0
Bhutan,2010,46.0
Bhutan,2011,75.0
Bhutan,2012,78.3399963378906
Bhutan,2013,69.8000030517578
Bhutan,2014,139.0
Bhutan,2015,149.0
Bhutan,2016,185.0
Bhutan,2017,222.0
Bhutan,2018,223.619995117188
Bolivia,2000,405.0
Bolivia,2001,320.0
Bolivia,2002,418.0
Bolivia,2003,375.0
Bolivia,2004,450.0
Bolivia,2005,430.0
Bolivia,2006,455.0
Bolivia,2007,585.0
Bolivia,2008,631.0
Bolivia,2009,775.0
Bolivia,2010,856.0
Bolivia,2011,966.0
Bolivia,2012,1060.0
Bolivia,2013,1076.0
Bolivia,2014,1400.0
Bolivia,2015,2987.5
Bolivia,2016,3250.0
Bolivia,2017,3500.0
Bolivia,2018,3500.0
Bosnia and Herzegovina,2002,4685.0
Bosnia and Herzegovina,2003,6635.0
Bosnia and Herzegovina,2004,6394.0
Bosnia and Herzegovina,2005,7070.0
Bosnia and Herzegovina,2006,7621.0
Bosnia and Herzegovina,2007,7442.0
Bosnia and Herzegovina,2008,7589.0
Bosnia and Herzegovina,2009,7620.0
Bosnia and Herzegovina,2010,7620.0
Bosnia and Herzegovina,2011,4970.2001953125
Bosnia and Herzegovina,2012,3638.30004882813
Bosnia and Herzegovina,2013,2923.5
Bosnia and Herzegovina,2014,3397.0
Bosnia and Herzegovina,2015,4450.60009765625
Bosnia and Herzegovina,2016,4563.60009765625
Bosnia and Herzegovina,2017,3760.39990234375
Bosnia and Herzegovina,2018,3638.80004882813
Botswana,2015,20.0
Botswana,2016,15.0
Botswana,2017,15.0
Botswana,2018,15.0
Brazil,2000,172450.0
Brazil,2001,205568.0
Brazil,2002,247678.0
Brazil,2003,273268.0
Brazil,2004,269699.0
Brazil,2005,257784.0
Brazil,2006,271697.0
Brazil,2007,289048.0
Brazil,2008,331553.0
Brazil,2009,365127.0
Brazil,2010,411777.0
Brazil,2011,436084.0
Brazil,2012,480880.0
Brazil,2013,477752.0
Brazil,2014,564230.0
Brazil,2015,575230.0
Brazil,2016,590730.0
Brazil,2017,595730.0
Brazil,2018,605730.0
British Virgin Islands,2015,0.5
British Virgin Islands,2016,0.5
British Virgin Islands,2017,1.0
British Virgin Islands,2018,1.0
Brunei,2000,113.0
Brunei,2001,99.0
Brunei,2002,157.0
Brunei,2003,160.0
Brunei,2004,709.0
Brunei,2005,454.0
Brunei,2006,475.0
Brunei,2007,622.0
Brunei,2008,473.0
Brunei,2009,433.0
Brunei,2010,499.980010986328
Brunei,2011,530.0
Brunei,2012,550.0
Brunei,2013,560.849975585938
Brunei,2014,711.070007324219
Brunei,2015,983.140014648438
Brunei,2016,947.630004882813
Brunei,2017,1632.0
Brunei,2018,1116.48706054688
Bulgaria,2000,3654.0
Bulgaria,2001,2938.0
Bulgaria,2002,2308.0
Bulgaria,2003,4465.0
Bulgaria,2004,2489.0
Bulgaria,2005,3145.0
Bulgaria,2006,3257.0
Bulgaria,2007,4032.0
Bulgaria,2008,5157.0
Bulgaria,2009,6722.5380859375
Bulgaria,2010,7920.6171875
Bulgaria,2011,5527.1748046875
Bulgaria,2012,5975.06005859375
Bulgaria,2013,12151.650390625
Bulgaria,2014,11171.794921875
Bulgaria,2015,13536.548828125
Bulgaria,2016,15762.1591796875
Bulgaria,2017,15752.154296875
Bulgaria,2018,16341.82421875
Burkina Faso,2000,5.0
Burkina Faso,2001,5.0
Burkina Faso,2002,5.0
Burkina Faso,2003,5.0
Burkina Faso,2004,5.0
Burkina Faso,2005,65.0
Burkina Faso,2006,250.0
Burkina Faso,2007,348.0
Burkina Faso,2008,475.0
Burkina Faso,2009,275.0
Burkina Faso,2010,280.0
Burkina Faso,2011,300.0
Burkina Faso,2012,302.0
Burkina Faso,2013,320.0
Burkina Faso,2014,301.0
Burkina Faso,2015,280.0
Burkina Faso,2016,440.0
Burkina Faso,2017,512.0
Burkina Faso,2018,548.0
Burundi,2000,50.0
Burundi,2001,50.0
Burundi,2002,50.0
Burundi,2003,50.0
Burundi,2004,50.0
Burundi,2005,50.0
Burundi,2006,50.0
Burundi,2007,50.0
Burundi,2008,50.0
Burundi,2009,50.0
Burundi,2010,17.2999992370605
Burundi,2011,61.7000007629395
Burundi,2012,160.399993896484
Burundi,2013,385.0
Burundi,2014,805.0
Burundi,2015,1326.0
Burundi,2016,1400.0
Burundi,2017,1470.0
Burundi,2018,1550.0
Cambodia,2000,14430.0
Cambodia,2001,17500.0
Cambodia,2002,18250.0
Cambodia,2003,26300.0
Cambodia,2004,37515.0
Cambodia,2005,44000.0
Cambodia,2006,41010.0
Cambodia,2007,35260.0
Cambodia,2008,40000.0
Cambodia,2009,50000.0
Cambodia,2010,60000.0
Cambodia,2011,72000.0
Cambodia,2012,74000.0
Cambodia,2013,90000.0
Cambodia,2014,120055.0
Cambodia,2015,145000.0
Cambodia,2016,172500.0
Cambodia,2017,207500.0
Cambodia,2018,254050.0
Cameroon,2000,50.0
Cameroon,2001,150.0
Cameroon,2002,330.0
Cameroon,2003,385.0
Cameroon,2004,395.0
Cameroon,2005,402.0
Cameroon,2006,435.0
Cameroon,2007,546.0
Cameroon,2008,546.0
Cameroon,2009,546.0
Cameroon,2010,570.0
Cameroon,2011,571.0
Cameroon,2012,840.0
Cameroon,2013,1195.0
Cameroon,2014,1575.0
Cameroon,2015,1955.0
Cameroon,2016,2315.0
Cameroon,2017,2315.0
Cameroon,2018,2340.0
Canada,2000,127665.0
Canada,2001,153046.0
Canada,2002,172046.0
Canada,2003,167798.0
Canada,2004,145018.0
Canada,2005,154587.0
Canada,2006,171629.0
Canada,2007,152486.0
Canada,2008,155549.0
Canada,2009,155928.0
Canada,2010,162341.0
Canada,2011,169706.0
Canada,2012,184910.0
Canada,2013,168015.0
Canada,2014,139732.0
Canada,2015,187374.0
Canada,2016,200765.0
Canada,2017,191616.0
Canada,2018,191323.0
Caribbean Small States,2000,9129.0
Caribbean Small States,2001,10064.0
Caribbean Small States,2002,11644.0
Caribbean Small States,2003,14092.0
Caribbean Small States,2004,16897.5
Caribbean Small States,2005,17743.5
Caribbean Small States,2006,16597.7430000305
Caribbean Small States,2007,9652.99000263214
Caribbean Small States,2008,10911.1300020218
Caribbean Small States,2009,11544.8399925232
Caribbean Small States,2010,11970.8001995087
Caribbean Small States,2011,6663.15000534058
Caribbean Small States,2012,6928.97815227509
Caribbean Small States,2013,8373.10001468658
Caribbean Small States,2014,8632.17625677586
Caribbean Small States,2015,5444.83998179436
Caribbean Small States,2016,2652.33998334408
Caribbean Small States,2017,2808.26800596714
Caribbean Small States,2018,2697.18001461029
Central African Republic,2000,120.0
Central African Republic,2001,125.0
Central African Republic,2002,125.0
Central African Republic,2003,125.0
Central African Republic,2004,125.0
Central African Republic,2005,125.0
Central African Republic,2006,140.0
Central African Republic,2007,140.0
Central African Republic,2008,140.0
Central African Republic,2009,140.0
Central African Republic,2010,170.0
Central African Republic,2011,170.0
Central African Republic,2012,182.0
Central African Republic,2013,180.0
Central African Republic,2014,180.0
Central African Republic,2015,180.0
Central African Republic,2016,190.0
Central African Republic,2017,190.0
Central African Republic,2018,190.0
Central Europe and the Baltics,2000,93027.0
Central Europe and the Baltics,2001,98030.0
Central Europe and the Baltics,2002,88699.0
Central Europe and the Baltics,2003,95587.0
Central Europe and the Baltics,2004,95047.0
Central Europe and the Baltics,2005,100003.0
Central Europe and the Baltics,2006,103950.0
Central Europe and the Baltics,2007,107757.0
Central Europe and the Baltics,2008,111253.0
Central Europe and the Baltics,2009,112214.987976074
Central Europe and the Baltics,2010,102102.077270508
Central Europe and the Baltics,2011,98801.9953918457
Central Europe and the Baltics,2012,101779.179443359
Central Europe and the Baltics,2013,111719.283874512
Central Europe and the Baltics,2014,118591.216308594
Central Europe and the Baltics,2015,123685.34185791
Central Europe and the Baltics,2016,129701.817504883
Central Europe and the Baltics,2017,133130.25970459
Central Europe and the Baltics,2018,139338.398132324
Chad,2008,30.0
Chad,2009,30.0
Chad,2010,30.0
Chad,2011,30.0
Chad,2012,30.0
Chad,2013,60.0
Chad,2014,60.0
Chad,2015,154.0
Chad,2016,94.0
Chad,2017,450.0
Chad,2018,450.0
Channel Islands,2000,390.0
Channel Islands,2001,487.0
Channel Islands,2002,580.0
Channel Islands,2003,684.0
Channel Islands,2004,775.0
Channel Islands,2005,650.0
Channel Islands,2006,660.0
Channel Islands,2007,791.0
Channel Islands,2008,972.0
Channel Islands,2009,1024.6
Channel Islands,2010,1130.2
Channel Islands,2011,1091.1
Channel Islands,2012,882.243
Channel Islands,2013,972.13
Channel Islands,2014,1316.75
Channel Islands,2015,1768.2
Channel Islands,2016,1498.65
Chile,2000,425058.0
Chile,2001,631634.0
Chile,2002,617303.0
Chile,2003,607338.0
Chile,2004,696157.0
Chile,2005,739368.0
Chile,2006,832329.0
Chile,2007,806166.0
Chile,2008,870845.0
Chile,2009,881084.0
Chile,2010,713241.0
Chile,2011,969539.0
Chile,2012,1075547.0
Chile,2013,1045718.0
Chile,2014,1227359.0
Chile,2015,1057742.0
Chile,2016,1050117.0
Chile,2017,1219747.125
Chile,2018,1287232.5
China,2000,29749708.0
China,2001,31102502.0
China,2002,33160272.0
China,2003,34891716.0
China,2004,37172412.0
China,2005,38943268.0
China,2006,40911092.0
China,2007,42530160.0
China,2008,44072888.0
China,2009,46062876.0
China,2010,47789756.0
China,2011,49147608.0
China,2012,52082584.0
China,2013,55029056.0
China,2014,57320504.0
China,2015,59368940.0
China,2016,62318376.0
China,2017,64358480.0
China,2018,66135060.0
Colombia,2000,61786.0
Colombia,2001,57660.0
Colombia,2002,57160.0
Colombia,2003,60895.0
Colombia,2004,60072.0
Colombia,2005,61000.0
Colombia,2006,70132.0
Colombia,2007,66565.0
Colombia,2008,68200.0
Colombia,2009,80623.0
Colombia,2010,80367.0
Colombia,2011,83681.0
Colombia,2012,89654.0
Colombia,2013,89398.0
Colombia,2014,92002.0
Colombia,2015,95857.0
Colombia,2016,106685.0
Colombia,2017,118485.0
Colombia,2018,132756.21875
Congo,2000,66.0
Congo,2001,64.0
Congo,2002,68.0
Congo,2003,69.0
Congo,2004,72.0
Congo,2005,80.0
Congo,2006,21.0
Congo,2007,25.0
Congo,2008,65.0
Congo,2009,56.0
Congo,2010,58.0
Congo,2011,68.0
Congo,2012,98.0
Congo,2013,119.0
Congo,2014,134.0
Congo,2015,153.0
Congo,2016,177.0
Congo,2017,207.0
Congo,2018,95.0
Costa Rica,2000,9708.0
Costa Rica,2001,10520.0
Costa Rica,2002,17892.0
Costa Rica,2003,20546.0
Costa Rica,2004,24708.0
Costa Rica,2005,24038.0
Costa Rica,2006,19962.0
Costa Rica,2007,25765.0
Costa Rica,2008,27059.0
Costa Rica,2009,24754.30078125
Costa Rica,2010,26839.0
Costa Rica,2011,27713.5
Costa Rica,2012,27287.0
Costa Rica,2013,30352.0
Costa Rica,2014,26765.5
Costa Rica,2015,22502.5
Costa Rica,2016,20820.0
Costa Rica,2017,20820.0
Costa Rica,2018,20820.0
Cote d'Ivoire,2000,1197.0
Cote d'Ivoire,2001,1025.0
Cote d'Ivoire,2002,806.0
Cote d'Ivoire,2003,866.0
Cote d'Ivoire,2004,866.0
Cote d'Ivoire,2005,866.0
Cote d'Ivoire,2006,866.0
Cote d'Ivoire,2007,1290.0
Cote d'Ivoire,2008,1290.0
Cote d'Ivoire,2009,1340.0
Cote d'Ivoire,2010,1700.0
Cote d'Ivoire,2011,3394.0
Cote d'Ivoire,2012,3720.0
Cote d'Ivoire,2013,3720.0
Cote d'Ivoire,2014,3750.0
Cote d'Ivoire,2015,4000.0
Cote d'Ivoire,2016,4392.0
Cote d'Ivoire,2017,4500.0
Cote d'Ivoire,2018,4500.0
Croatia,2000,6876.0
Croatia,2001,10468.0
Croatia,2002,9095.0
Croatia,2003,9505.0
Croatia,2004,10917.0
Croatia,2005,12127.0
Croatia,2006,15497.0
Croatia,2007,14045.0
Croatia,2008,13878.0
Croatia,2009,14228.5498046875
Croatia,2010,13990.509765625
Croatia,2011,12846.0
Croatia,2012,10440.361328125
Croatia,2013,12018.900390625
Croatia,2014,13149.2353515625
Croatia,2015,15571.4951171875
Croatia,2016,15804.7587890625
Croatia,2017,16033.80078125
Croatia,2018,18067.16796875
Cuba,2000,32780.0
Cuba,2001,25569.0
Cuba,2002,27044.0
Cuba,2003,26897.0
Cuba,2004,27562.0
Cuba,2005,22635.0
Cuba,2006,27210.0
Cuba,2007,37526.0
Cuba,2008,36685.0
Cuba,2009,36002.0
Cuba,2010,31422.0
Cuba,2011,24597.80078125
Cuba,2012,26179.19921875
Cuba,2013,29577.69921875
Cuba,2014,31282.599609375
Cuba,2015,32056.0
Cuba,2016,29185.0
Cuba,2017,31210.0
Cuba,2018,28628.0
Cyprus,2000,1878.0
Cyprus,2001,1883.0
Cyprus,2002,1862.0
Cyprus,2003,1821.0
Cyprus,2004,2445.0
Cyprus,2005,2436.0
Cyprus,2006,2787.0
Cyprus,2007,2450.0
Cyprus,2008,2887.0
Cyprus,2009,3415.5
Cyprus,2010,4115.7998046875
Cyprus,2011,4666.97998046875
Cyprus,2012,4333.7099609375
Cyprus,2013,5339.10009765625
Cyprus,2014,4835.10009765625
Cyprus,2015,5458.56005859375
Cyprus,2016,6624.9599609375
Cyprus,2017,7275.10986328125
Cyprus,2018,7347.0400390625
Czechia,2000,19475.0
Czechia,2001,20098.0
Czechia,2002,19210.0
Czechia,2003,19670.0
Czechia,2004,19384.0
Czechia,2005,20455.0
Czechia,2006,20431.0
Czechia,2007,20447.0
Czechia,2008,20395.0
Czechia,2009,20071.0
Czechia,2010,20420.0
Czechia,2011,21010.0
Czechia,2012,20763.0
Czechia,2013,19357.400390625
Czechia,2014,20135.0
Czechia,2015,20200.0
Czechia,2016,20952.0
Czechia,2017,21685.0
Czechia,2018,21751.0
Democratic Republic of Congo,2000,2076.0
Democratic Republic of Congo,2001,2744.0
Democratic Republic of Congo,2002,2965.0
Democratic Republic of Congo,2003,2965.0
Democratic Republic of Congo,2004,2965.0
Democratic Republic of Congo,2005,2965.0
Democratic Republic of Congo,2006,2970.0
Democratic Republic of Congo,2007,2970.0
Democratic Republic of Congo,2008,2970.0
Democratic Republic of Congo,2009,2970.0
Democratic Republic of Congo,2010,2970.0
Democratic Republic of Congo,2011,2970.0
Democratic Republic of Congo,2012,2869.0
Democratic Republic of Congo,2013,2869.0
Democratic Republic of Congo,2014,2871.0
Democratic Republic of Congo,2015,2956.5
Democratic Republic of Congo,2016,3161.0
Democratic Republic of Congo,2017,3200.0
Democratic Republic of Congo,2018,3200.0
Denmark,2000,43609.0
Denmark,2001,41573.0
Denmark,2002,32026.0
Denmark,2003,37772.0
Denmark,2004,42814.0
Denmark,2005,39012.0
Denmark,2006,37188.0
Denmark,2007,31168.0
Denmark,2008,36066.0
Denmark,2009,35130.3984375
Denmark,2010,36175.0
Denmark,2011,35918.0
Denmark,2012,34585.5390625
Denmark,2013,37707.19921875
Denmark,2014,34382.19921875
Denmark,2015,35866.69921875
Denmark,2016,36337.0
Denmark,2017,37498.0
Denmark,2018,36453.0
Dominica,2000,7.0
Dominica,2001,12.0
Dominica,2002,13.0
Dominica,2003,13.0
Dominica,2004,18.0
Dominica,2005,19.0
Dominica,2006,24.0
Dominica,2007,24.0
Dominica,2008,24.0
Dominica,2009,24.0
Dominica,2010,11.0
Dominica,2011,6.0
Dominica,2012,6.0
Dominica,2013,6.0
Dominica,2014,6.0
Dominica,2015,6.0
Dominica,2016,6.0
Dominica,2017,0.0
Dominica,2018,0.0
Dominican Republic,2000,2125.0
Dominican Republic,2001,2647.0
Dominican Republic,2002,3554.0
Dominican Republic,2003,1944.0
Dominican Republic,2004,2000.0
Dominican Republic,2005,980.0
Dominican Republic,2006,980.0
Dominican Republic,2007,1080.0
Dominican Republic,2008,1080.0
Dominican Republic,2009,1230.0
Dominican Republic,2010,1280.0
Dominican Republic,2011,2147.89990234375
Dominican Republic,2012,1031.80004882813
Dominican Republic,2013,1505.0
Dominican Republic,2014,2180.5
Dominican Republic,2015,2235.0
Dominican Republic,2016,1985.0
Dominican Republic,2017,2450.0
Dominican Republic,2018,2500.0
Early-demographic dividend,2000,5564256.0
Early-demographic dividend,2001,6123486.0
Early-demographic dividend,2002,6603444.0
Early-demographic dividend,2003,7231296.0
Early-demographic dividend,2004,8564267.19995117
Early-demographic dividend,2005,9819611.91880035
Early-demographic dividend,2006,10882328.7999763
Early-demographic dividend,2007,11753229.0511513
Early-demographic dividend,2008,13644283.7624283
Early-demographic dividend,2009,14777544.3070374
Early-demographic dividend,2010,17091668.7720296
Early-demographic dividend,2011,19113309.0808604
Early-demographic dividend,2012,21660016.0692434
Early-demographic dividend,2013,25921159.5903168
Early-demographic dividend,2014,27657542.8507047
Early-demographic dividend,2015,29589034.7761625
Early-demographic dividend,2016,30754529.8186321
Early-demographic dividend,2017,31810228.2080774
Early-demographic dividend,2018,31937306.9307833
East Asia & Pacific,2000,36251912.7919922
East Asia & Pacific,2001,38122884.7739624
East Asia & Pacific,2002,40939011.9660645
East Asia & Pacific,2003,43277144.5579834
East Asia & Pacific,2004,46744171.7529297
East Asia & Pacific,2005,49825070.1281738
East Asia & Pacific,2006,52929419.0010498
East Asia & Pacific,2007,56027453.6668701
East Asia & Pacific,2008,58888680.2092285
East Asia & Pacific,2009,62189965.3441734
East Asia & Pacific,2010,65743207.4106731
East Asia & Pacific,2011,68724358.4514923
East Asia & Pacific,2012,73955125.4058928
East Asia & Pacific,2013,80212468.0402313
East Asia & Pacific,2014,83707629.1496312
East Asia & Pacific,2015,87376740.269578
East Asia & Pacific,2016,90804819.4852112
East Asia & Pacific,2017,93732055.0535982
East Asia & Pacific,2018,94599208.2446256
East Asia & Pacific (IDA & IBRD),2000,33437798.0
East Asia & Pacific (IDA & IBRD),2001,35197219.4
East Asia & Pacific (IDA & IBRD),2002,37766373.0
East Asia & Pacific (IDA & IBRD),2003,40126141.0
East Asia & Pacific (IDA & IBRD),2004,43543317.6999512
East Asia & Pacific (IDA & IBRD),2005,46533578.3000488
East Asia & Pacific (IDA & IBRD),2006,49426614.3999756
East Asia & Pacific (IDA & IBRD),2007,52328970.0999756
East Asia & Pacific (IDA & IBRD),2008,55283466.9499512
East Asia & Pacific (IDA & IBRD),2009,58627465.5035973
East Asia & Pacific (IDA & IBRD),2010,62193528.3474884
East Asia & Pacific (IDA & IBRD),2011,65284671.7300854
East Asia & Pacific (IDA & IBRD),2012,70321062.6659026
East Asia & Pacific (IDA & IBRD),2013,76602593.8574921
East Asia & Pacific (IDA & IBRD),2014,80023080.8623387
East Asia & Pacific (IDA & IBRD),2015,83533724.4134989
East Asia & Pacific (IDA & IBRD),2016,86786276.9887512
East Asia & Pacific (IDA & IBRD),2017,89245024.0800875
East Asia & Pacific (IDA & IBRD),2018,90159290.1289029
East Asia & Pacific (excluding high income),2000,33905501.0
East Asia & Pacific (excluding high income),2001,35705322.0
East Asia & Pacific (excluding high income),2002,38274474.0
East Asia & Pacific (excluding high income),2003,40634242.0
East Asia & Pacific (excluding high income),2004,44051427.6999512
East Asia & Pacific (excluding high income),2005,47041758.3000488
East Asia & Pacific (excluding high income),2006,49934806.5999756
East Asia & Pacific (excluding high income),2007,52837220.0999756
East Asia & Pacific (excluding high income),2008,55792014.9499512
East Asia & Pacific (excluding high income),2009,59136101.6235962
East Asia & Pacific (excluding high income),2010,62703306.2374878
East Asia & Pacific (excluding high income),2011,65794468.1500854
East Asia & Pacific (excluding high income),2012,70831655.7549033
East Asia & Pacific (excluding high income),2013,77114268.8624916
East Asia & Pacific (excluding high income),2014,80579616.2363385
East Asia & Pacific (excluding high income),2015,84090467.9234983
East Asia & Pacific (excluding high income),2016,87406022.8887501
East Asia & Pacific (excluding high income),2017,89870083.0800867
East Asia & Pacific (excluding high income),2018,90788346.9289021
Ecuador,2000,61311.0
Ecuador,2001,57587.0
Ecuador,2002,77636.0
Ecuador,2003,95278.0
Ecuador,2004,108673.0
Ecuador,2005,138562.0
Ecuador,2006,169588.0
Ecuador,2007,171020.0
Ecuador,2008,173222.0
Ecuador,2009,219463.0
Ecuador,2010,272720.8125
Ecuador,2011,309702.0
Ecuador,2012,322655.0
Ecuador,2013,332382.0
Ecuador,2014,368457.0
Ecuador,2015,426660.40625
Ecuador,2016,451339.875
Ecuador,2017,469755.0
Ecuador,2018,539755.0
Egypt,2000,340093.0
Egypt,2001,342864.0
Egypt,2002,376296.0
Egypt,2003,445181.0
Egypt,2004,471535.0
Egypt,2005,539748.0
Egypt,2006,595030.0
Egypt,2007,635516.0
Egypt,2008,693815.0
Egypt,2009,705490.0
Egypt,2010,919585.0
Egypt,2011,986820.0
Egypt,2012,1017738.0
Egypt,2013,1097544.0
Egypt,2014,1137091.0
Egypt,2015,1174831.0
Egypt,2016,1370660.0
Egypt,2017,1451841.0
Egypt,2018,1561457.0
El Salvador,2000,261.0
El Salvador,2001,395.0
El Salvador,2002,781.0
El Salvador,2003,1131.0
El Salvador,2004,2219.0
El Salvador,2005,2203.0
El Salvador,2006,3078.0
El Salvador,2007,3734.0
El Salvador,2008,3817.0
El Salvador,2009,4355.7099609375
El Salvador,2010,4499.93017578125
El Salvador,2011,4883.7001953125
El Salvador,2012,5322.0
El Salvador,2013,3278.0
El Salvador,2014,1663.0
El Salvador,2015,6742.7099609375
El Salvador,2016,7955.68017578125
El Salvador,2017,8300.0
El Salvador,2018,8600.0
Equatorial Guinea,2006,2.0
Equatorial Guinea,2007,2.0
Equatorial Guinea,2008,2.0
Equatorial Guinea,2009,3.0
Equatorial Guinea,2010,15.0
Equatorial Guinea,2011,17.0
Equatorial Guinea,2012,15.0
Equatorial Guinea,2013,15.0
Equatorial Guinea,2014,15.0
Equatorial Guinea,2015,15.0
Equatorial Guinea,2016,15.0
Equatorial Guinea,2017,15.0
Equatorial Guinea,2018,15.0
Eritrea,2000,12.0
Eritrea,2001,32.0
Eritrea,2002,42.0
Eritrea,2003,42.0
Eritrea,2004,10.0
Eritrea,2005,0.0
Eritrea,2006,0.0
Eritrea,2007,0.0
Eritrea,2008,0.0
Eritrea,2009,0.0
Eritrea,2010,0.0
Eritrea,2011,0.0
Eritrea,2012,0.0
Eritrea,2013,0.0
Eritrea,2014,0.0
Eritrea,2015,0.0
Eritrea,2016,0.0
Eritrea,2017,0.0
Eritrea,2018,0.0
Estonia,2000,225.0
Estonia,2001,467.0
Estonia,2002,257.0
Estonia,2003,372.0
Estonia,2004,252.0
Estonia,2005,555.0
Estonia,2006,703.0
Estonia,2007,772.0
Estonia,2008,813.0
Estonia,2009,653.599975585938
Estonia,2010,573.039978027344
Estonia,2011,388.339996337891
Estonia,2012,581.398010253906
Estonia,2013,733.213989257813
Estonia,2014,870.474975585938
Estonia,2015,798.700012207031
Estonia,2016,867.733032226563
Estonia,2017,870.460998535156
Estonia,2018,943.661010742188
Eswatini,2000,69.0
Eswatini,2001,72.0
Eswatini,2009,73.0
Eswatini,2010,209.0
Eswatini,2011,100.0
Eswatini,2012,100.0
Eswatini,2013,100.0
Eswatini,2014,100.0
Eswatini,2015,100.0
Eswatini,2016,100.0
Eswatini,2017,100.0
Eswatini,2018,100.0
Ethiopia,2000,15.0
Ethiopia,2001,15.0
Ethiopia,2002,15.0
Ethiopia,2003,15.0
Ethiopia,2004,25.0
Ethiopia,2005,25.0
Ethiopia,2006,25.0
Ethiopia,2007,25.0
Ethiopia,2008,25.0
Ethiopia,2009,25.0
Ethiopia,2010,25.0
Ethiopia,2011,25.0
Ethiopia,2012,38.0
Ethiopia,2013,45.2999992370605
Ethiopia,2014,85.5
Ethiopia,2015,90.5
Ethiopia,2016,95.0
Ethiopia,2017,126.0
Ethiopia,2018,165.0
Euro area,2000,1116236.0
Euro area,2001,1084460.0
Euro area,2002,980889.0
Euro area,2003,1036926.0
Euro area,2004,977641.0
Euro area,2005,960142.0
Euro area,2006,984698.1875
Euro area,2007,1006528.40625
Euro area,2008,923158.05859375
Euro area,2009,963262.086120605
Euro area,2010,920251.360473633
Euro area,2011,905027.545196533
Euro area,2012,868671.615478516
Euro area,2013,830954.68963623
Euro area,2014,882930.724853516
Euro area,2015,890265.620178223
Euro area,2016,925204.025024414
Euro area,2017,961020.249938965
Euro area,2018,989697.340026855
Europe & Central Asia,2000,2139974.0
Europe & Central Asia,2001,2163100.0
Europe & Central Asia,2002,2108011.75976563
Europe & Central Asia,2003,2244610.09960938
Europe & Central Asia,2004,2269426.3992157
Europe & Central Asia,2005,2257248.0
Europe & Central Asia,2006,2329865.23730469
Europe & Central Asia,2007,2516668.20605469
Europe & Central Asia,2008,2491943.77880859
Europe & Central Asia,2009,2691913.83739624
Europe & Central Asia,2010,2708483.21947022
Europe & Central Asia,2011,2858710.98430786
Europe & Central Asia,2012,3071282.13664624
Europe & Central Asia,2013,3005843.57216919
Europe & Central Asia,2014,3187962.91989136
Europe & Central Asia,2015,3241090.38634033
Europe & Central Asia,2016,3261461.75583496
Europe & Central Asia,2017,3364659.68499756
Europe & Central Asia,2018,3470098.24749756
Europe & Central Asia (IDA & IBRD),2000,260930.0
Europe & Central Asia (IDA & IBRD),2001,261951.0
Europe & Central Asia (IDA & IBRD),2002,268072.759765625
Europe & Central Asia (IDA & IBRD),2003,295921.099609375
Europe & Central Asia (IDA & IBRD),2004,310792.399215698
Europe & Central Asia (IDA & IBRD),2005,350569.0
Europe & Central Asia (IDA & IBRD),2006,354339.049804688
Europe & Central Asia (IDA & IBRD),2007,386722.799804688
Europe & Central Asia (IDA & IBRD),2008,413724.720214844
Europe & Central Asia (IDA & IBRD),2009,427782.127838135
Europe & Central Asia (IDA & IBRD),2010,433481.877746582
Europe & Central Asia (IDA & IBRD),2011,458657.594238281
Europe & Central Asia (IDA & IBRD),2012,509645.611175537
Europe & Central Asia (IDA & IBRD),2013,558151.027923584
Europe & Central Asia (IDA & IBRD),2014,582205.402069092
Europe & Central Asia (IDA & IBRD),2015,586330.845458984
Europe & Central Asia (IDA & IBRD),2016,630677.607177734
Europe & Central Asia (IDA & IBRD),2017,677875.073730469
Europe & Central Asia (IDA & IBRD),2018,750132.108642578
Europe & Central Asia (excluding high income),2000,218259.0
Europe & Central Asia (excluding high income),2001,216023.0
Europe & Central Asia (excluding high income),2002,226268.759765625
Europe & Central Asia (excluding high income),2003,250980.099609375
Europe & Central Asia (excluding high income),2004,264744.399215698
Europe & Central Asia (excluding high income),2005,300522.0
Europe & Central Asia (excluding high income),2006,302975.049804688
Europe & Central Asia (excluding high income),2007,337049.799804688
Europe & Central Asia (excluding high income),2008,363033.720214844
Europe & Central Asia (excluding high income),2009,377050.578033447
Europe & Central Asia (excluding high income),2010,388740.367980957
Europe & Central Asia (excluding high income),2011,416774.594238281
Europe & Central Asia (excluding high income),2012,466944.249847412
Europe & Central Asia (excluding high income),2013,510923.998626709
Europe & Central Asia (excluding high income),2014,528946.475311279
Europe & Central Asia (excluding high income),2015,533788.350341797
Europe & Central Asia (excluding high income),2016,576572.848388672
Europe & Central Asia (excluding high income),2017,623041.503417969
Europe & Central Asia (excluding high income),2018,688703.604736328
European Union,2000,1253092.0
European Union,2001,1225644.0
European Union,2002,1102677.0
European Union,2003,1171020.0
European Union,2004,1115246.0
European Union,2005,1099626.0
European Union,2006,1127261.1875
European Union,2007,1143389.40625
European Union,2008,1071281.05859375
European Union,2009,1112413.57244873
European Union,2010,1063378.80773926
European Union,2011,1046743.99050903
European Union,2012,1011590.57592773
European Union,2013,985827.968933105
European Union,2014,1040783.62524414
European Union,2015,1052810.11138916
European Union,2016,1096928.9420166
European Union,2017,1136637.67474365
European Union,2018,1167494.41717529
Faeroe Islands,2000,34823.0
Faeroe Islands,2001,49167.0
Faeroe Islands,2002,56102.0
Faeroe Islands,2003,62746.0
Faeroe Islands,2004,46077.0
Faeroe Islands,2005,23455.0
Faeroe Islands,2006,18574.0
Faeroe Islands,2007,30699.0
Faeroe Islands,2008,46673.0
Faeroe Islands,2009,59295.0
Faeroe Islands,2010,47575.0
Faeroe Islands,2011,60473.0
Faeroe Islands,2012,76564.0
Faeroe Islands,2013,75909.0
Faeroe Islands,2014,86454.0
Faeroe Islands,2015,80600.0
Faeroe Islands,2016,83300.0
Faeroe Islands,2017,86800.0
Faeroe Islands,2018,78900.0
Fiji,2000,6991.0
Fiji,2001,4927.0
Fiji,2002,1206.0
Fiji,2003,394.0
Fiji,2004,561.5
Fiji,2005,561.5
Fiji,2006,1618.0
Fiji,2007,830.0
Fiji,2008,888.0
Fiji,2009,670.026000976563
Fiji,2010,767.5
Fiji,2011,646.0
Fiji,2012,727.0
Fiji,2013,637.0
Fiji,2014,744.0
Fiji,2015,744.0
Fiji,2016,754.0
Fiji,2017,780.0
Fiji,2018,795.0
Finland,2000,15400.0
Finland,2001,15739.0
Finland,2002,15132.0
Finland,2003,12558.0
Finland,2004,12821.0
Finland,2005,14355.0
Finland,2006,12891.0
Finland,2007,13025.0
Finland,2008,13439.0
Finland,2009,13627.0
Finland,2010,11772.0
Finland,2011,11275.0
Finland,2012,12659.0
Finland,2013,13613.0
Finland,2014,13465.0
Finland,2015,14877.0
Finland,2016,14412.169921875
Finland,2017,14586.900390625
Finland,2018,14163.7001953125
Fragile and conflict affected situations,2000,165465.0
Fragile and conflict affected situations,2001,188917.0
Fragile and conflict affected situations,2002,264495.0
Fragile and conflict affected situations,2003,329427.0
Fragile and conflict affected situations,2004,510420.199951172
Fragile and conflict affected situations,2005,609367.800048828
Fragile and conflict affected situations,2006,731495.099975586
Fragile and conflict affected situations,2007,755129.900756836
Fragile and conflict affected situations,2008,888921.939575195
Fragile and conflict affected situations,2009,1003623.83508301
Fragile and conflict affected situations,2010,1137836.13007736
Fragile and conflict affected situations,2011,1131712.41533279
Fragile and conflict affected situations,2012,1256396.57958984
Fragile and conflict affected situations,2013,1317471.04999924
Fragile and conflict affected situations,2014,1407203.48304689
Fragile and conflict affected situations,2015,1437900.11015625
Fragile and conflict affected situations,2016,1458742.8125
Fragile and conflict affected situations,2017,1485503.38183594
Fragile and conflict affected situations,2018,1559108.07615232
France,2000,266802.0
France,2001,251655.0
France,2002,251758.0
France,2003,239601.0
France,2004,242167.0
France,2005,244925.0
France,2006,237375.0
France,2007,237451.0
France,2008,238248.59375
France,2009,234002.0
France,2010,203409.0
France,2011,194118.703125
France,2012,205556.0
France,2013,200605.09375
France,2014,180799.796875
France,2015,163741.59375
France,2016,165950.0
France,2017,178650.0
France,2018,185650.0
French Polynesia,2000,810.6669921875
French Polynesia,2001,932.623962402344
French Polynesia,2002,1343.84106445313
French Polynesia,2003,2013.05798339844
French Polynesia,2004,1900.80297851563
French Polynesia,2005,2961.828125
French Polynesia,2006,2483.10107421875
French Polynesia,2007,2255.19189453125
French Polynesia,2008,1945.68505859375
French Polynesia,2009,1905.36401367188
French Polynesia,2010,2184.43798828125
French Polynesia,2011,2918.9208984375
French Polynesia,2012,2654.55786132813
French Polynesia,2013,2697.67504882813
French Polynesia,2014,2086.55810546875
French Polynesia,2015,1914.69604492188
French Polynesia,2016,1342.98999023438
French Polynesia,2017,1354.59997558594
French Polynesia,2018,1355.0
Gabon,2000,558.0
Gabon,2001,102.0
Gabon,2002,83.0
Gabon,2003,80.0
Gabon,2004,80.0
Gabon,2005,78.0
Gabon,2006,126.0
Gabon,2007,124.0
Gabon,2008,124.0
Gabon,2009,126.0
Gabon,2010,130.0
Gabon,2011,130.0
Gabon,2012,48.0
Gabon,2013,46.0
Gabon,2014,45.0
Gabon,2015,45.0
Gabon,2016,45.0
Gabon,2017,45.0
Gabon,2018,45.0
Gambia,2000,5.0
Gambia,2001,5.0
Gambia,2002,5.0
Gambia,2003,5.0
Gambia,2004,5.0
Gambia,2005,5.0
Gambia,2006,75.0
Gambia,2007,25.0
Gambia,2008,25.0
Gambia,2009,25.0
Gambia,2010,25.0
Gambia,2011,33.0
Gambia,2012,33.0
Gambia,2013,33.0
Gambia,2014,35.0
Gambia,2015,35.0
Gambia,2016,35.0
Gambia,2017,35.0
Gambia,2018,35.0
Georgia,2000,86.0
Georgia,2001,80.0
Georgia,2002,52.0
Georgia,2003,56.0
Georgia,2004,72.0
Georgia,2005,107.0
Georgia,2006,150.0
Georgia,2007,180.0
Georgia,2008,422.0
Georgia,2009,705.0
Georgia,2010,850.0
Georgia,2011,1000.0
Georgia,2012,1155.0
Georgia,2013,1305.0
Georgia,2014,1495.0
Georgia,2015,1655.0
Georgia,2016,1805.0
Georgia,2017,2042.0
Georgia,2018,2381.5
Germany,2000,65891.0
Germany,2001,53409.0
Germany,2002,49852.0
Germany,2003,74280.0
Germany,2004,57233.0
Germany,2005,44685.0
Germany,2006,35379.0
Germany,2007,44994.0
Germany,2008,43977.0
Germany,2009,38907.0
Germany,2010,40694.0
Germany,2011,39141.0
Germany,2012,26360.0
Germany,2013,25289.0
Germany,2014,26032.0
Germany,2015,29909.0
Germany,2016,41801.0
Germany,2017,35979.0
Germany,2018,34196.0
Ghana,2000,5000.0
Ghana,2001,6000.0
Ghana,2002,6000.0
Ghana,2003,938.0
Ghana,2004,950.0
Ghana,2005,1154.0
Ghana,2006,2270.0
Ghana,2007,3820.0
Ghana,2008,5594.0
Ghana,2009,7154.0
Ghana,2010,10200.0
Ghana,2011,19092.0
Ghana,2012,27450.0
Ghana,2013,32513.0
Ghana,2014,38545.0
Ghana,2015,44610.0
Ghana,2016,52480.0
Ghana,2017,57415.0
Ghana,2018,76630.0
Greece,2000,95418.0
Greece,2001,97512.0
Greece,2002,87928.0
Greece,2003,101434.0
Greece,2004,97143.0
Greece,2005,106208.0
Greece,2006,113384.0
Greece,2007,113297.0
Greece,2008,115068.0
Greece,2009,122011.0
Greece,2010,121244.0
Greece,2011,110809.1015625
Greece,2012,110973.46875
Greece,2013,113999.8515625
Greece,2014,104663.0
Greece,2015,107161.796875
Greece,2016,123707.1015625
Greece,2017,125524.703125
Greece,2018,132392.203125
Grenada,2000,4.0
Grenada,2001,0.0
Grenada,2015,1.39999997615814
Grenada,2016,22.1000003814697
Grenada,2017,18.0
Grenada,2018,20.0
Guam,2000,232.0
Guam,2001,232.0
Guam,2002,233.0
Guam,2003,160.0
Guam,2004,160.0
Guam,2005,160.0
Guam,2006,162.0
Guam,2007,162.0
Guam,2008,162.0
Guam,2009,140.5
Guam,2010,129.0
Guam,2011,111.0
Guam,2012,111.0
Guam,2013,110.0
Guam,2014,110.0
Guam,2015,110.0
Guam,2016,110.0
Guam,2017,110.0
Guam,2018,110.0
Guatemala,2000,3963.0
Guatemala,2001,5100.0
Guatemala,2002,7978.0
Guatemala,2003,6346.0
Guatemala,2004,4908.0
Guatemala,2005,9008.0
Guatemala,2006,16293.0
Guatemala,2007,16400.0
Guatemala,2008,18727.0
Guatemala,2009,16623.0
Guatemala,2010,22792.23046875
Guatemala,2011,21468.0
Guatemala,2012,17743.0
Guatemala,2013,19762.0
Guatemala,2014,21395.0
Guatemala,2015,22247.599609375
Guatemala,2016,23448.900390625
Guatemala,2017,26360.0
Guatemala,2018,28317.0
Guinea,2000,0.0
Guinea,2001,0.0
Guinea,2002,2.0
Guinea,2003,2.0
Guinea,2004,2.0
Guinea,2005,100.0
Guinea,2006,110.0
Guinea,2007,110.0
Guinea,2008,170.0
Guinea,2009,177.0
Guinea,2010,185.0
Guinea,2011,187.199996948242
Guinea,2012,292.5
Guinea,2013,322.799987792969
Guinea,2014,351.0
Guinea,2015,409.0
Guinea,2016,477.799987792969
Guinea,2017,572.900024414063
Guinea,2018,686.599975585938
Guinea-Bissau,2000,0.0
Guinea-Bissau,2001,0.0
Guinea-Bissau,2002,0.0
Guinea-Bissau,2003,0.0
Guinea-Bissau,2004,0.0
Guinea-Bissau,2005,0.0
Guinea-Bissau,2006,0.0
Guinea-Bissau,2007,0.0
Guinea-Bissau,2008,0.0
Guinea-Bissau,2009,0.0
Guinea-Bissau,2010,0.0
Guinea-Bissau,2011,0.0
Guinea-Bissau,2012,0.0
Guinea-Bissau,2013,0.0
Guinea-Bissau,2014,0.0
Guinea-Bissau,2015,0.0
Guinea-Bissau,2016,10.0
Guinea-Bissau,2017,35.0
Guinea-Bissau,2018,40.0
Guyana,2000,605.0
Guyana,2001,608.0
Guyana,2002,608.0
Guyana,2003,608.0
Guyana,2004,608.0
Guyana,2005,608.0
Guyana,2006,660.0
Guyana,2007,660.0
Guyana,2008,292.0
Guyana,2009,510.959991455078
Guyana,2010,487.600006103516
Guyana,2011,263.100006103516
Guyana,2012,261.178009033203
Guyana,2013,220.649993896484
Guyana,2014,367.496002197266
Guyana,2015,417.639984130859
Guyana,2016,336.699981689453
Guyana,2017,696.268005371094
Guyana,2018,306.760009765625
Haiti,2000,12.0
Haiti,2001,12.0
Haiti,2002,12.0
Haiti,2003,12.0
Haiti,2004,32.0
Haiti,2005,32.0
Haiti,2006,32.0
Haiti,2007,162.0
Haiti,2008,162.0
Haiti,2009,225.0
Haiti,2010,360.0
Haiti,2011,600.0
Haiti,2012,720.0
Haiti,2013,800.0
Haiti,2014,1010.0
Haiti,2015,1220.0
Haiti,2016,1290.0
Haiti,2017,1400.0
Haiti,2018,1400.0
Heavily indebted poor countries (HIPC),2000,41677.0
Heavily indebted poor countries (HIPC),2001,50063.0
Heavily indebted poor countries (HIPC),2002,63890.0
Heavily indebted poor countries (HIPC),2003,69909.0
Heavily indebted poor countries (HIPC),2004,70500.0
Heavily indebted poor countries (HIPC),2005,101644.150001526
Heavily indebted poor countries (HIPC),2006,138751.200000763
Heavily indebted poor countries (HIPC),2007,160103.200000763
Heavily indebted poor countries (HIPC),2008,160563.25
Heavily indebted poor countries (HIPC),2009,170803.361553192
Heavily indebted poor countries (HIPC),2010,196626.300006866
Heavily indebted poor countries (HIPC),2011,220659.448154449
Heavily indebted poor countries (HIPC),2012,261145.258392334
Heavily indebted poor countries (HIPC),2013,284622.999919891
Heavily indebted poor countries (HIPC),2014,323015.756256104
Heavily indebted poor countries (HIPC),2015,343062.911224365
Heavily indebted poor countries (HIPC),2016,357241.323699951
Heavily indebted poor countries (HIPC),2017,391521.029174805
Heavily indebted poor countries (HIPC),2018,391084.174438477
High income,2000,5306619.79199219
High income,2001,5661402.77396241
High income,2002,5865618.96606445
High income,2003,5995650.5579834
High income,2004,6183696.95300293
High income,2005,6187869.328125
High income,2006,6587538.08857423
High income,2007,6898779.97353745
High income,2008,6800580.22286797
High income,2009,6936171.19955139
High income,2010,6781914.18167586
High income,2011,6948446.40935311
High income,2012,7447151.44518134
High income,2013,7274421.68089245
High income,2014,7625994.20786683
High income,2015,7721775.44008027
High income,2016,7847316.94579049
High income,2017,8537391.25435773
High income,2018,8642209.99748516
Honduras,2000,10053.0
Honduras,2001,13386.0
Honduras,2002,16957.0
Honduras,2003,23547.0
Honduras,2004,27036.0
Honduras,2005,49249.0
Honduras,2006,55356.0
Honduras,2007,54689.0
Honduras,2008,47080.0
Honduras,2009,28858.0
Honduras,2010,27509.0
Honduras,2011,50295.0
Honduras,2012,52436.0
Honduras,2013,53100.0
Honduras,2014,61750.0
Honduras,2015,55100.0
Honduras,2016,54000.0
Honduras,2017,64500.0
Honduras,2018,65000.0
Hong Kong,2000,4988.0
Hong Kong,2001,5627.0
Hong Kong,2002,4302.0
Hong Kong,2003,4857.0
Hong Kong,2004,4615.0
Hong Kong,2005,4130.0
Hong Kong,2006,4125.0
Hong Kong,2007,4514.0
Hong Kong,2008,4754.0
Hong Kong,2009,4819.0
Hong Kong,2010,4338.0
Hong Kong,2011,3438.0
Hong Kong,2012,4093.0
Hong Kong,2013,3764.0
Hong Kong,2014,3897.0
Hong Kong,2015,3894.0
Hong Kong,2016,4258.0
Hong Kong,2017,4172.0
Hong Kong,2018,4133.0
Hungary,2000,12886.0
Hungary,2001,13056.0
Hungary,2002,11574.0
Hungary,2003,11870.0
Hungary,2004,12744.0
Hungary,2005,13661.0
Hungary,2006,14686.0
Hungary,2007,15864.0
Hungary,2008,15687.0
Hungary,2009,14825.0
Hungary,2010,14245.0
Hungary,2011,15584.0
Hungary,2012,15133.0
Hungary,2013,14918.0
Hungary,2014,15326.0
Hungary,2015,17337.0
Hungary,2016,16247.96875
Hungary,2017,18257.5
Hungary,2018,17852.298828125
IBRD only,2000,36680564.0
IBRD only,2001,38877506.4
IBRD only,2002,41564482.7597656
IBRD only,2003,44146951.0996094
IBRD only,2004,48100338.8992157
IBRD only,2005,51384369.5
IBRD only,2006,54650235.3498047
IBRD only,2007,57554355.4505882
IBRD only,2008,61394823.9726925
IBRD only,2009,64694686.0426369
IBRD only,2010,68374761.8404007
IBRD only,2011,71822273.2230587
IBRD only,2012,77599754.9602289
IBRD only,2013,84327449.748797
IBRD only,2014,88472793.0191199
IBRD only,2015,92250368.926453
IBRD only,2016,96252917.5578583
IBRD only,2017,99501294.5068449
IBRD only,2018,101545655.326735
IDA & IBRD total,2000,37621377.0
IDA & IBRD total,2001,39955243.4
IDA & IBRD total,2002,42816383.7597656
IDA & IBRD total,2003,45557380.0996094
IDA & IBRD total,2004,49751122.5991669
IDA & IBRD total,2005,53141512.9188004
IDA & IBRD total,2006,56617684.3927811
IDA & IBRD total,2007,59628664.1405649
IDA & IBRD total,2008,63671115.2126436
IDA & IBRD total,2009,67182866.7752914
IDA & IBRD total,2010,71290724.4404011
IDA & IBRD total,2011,75010133.4160976
IDA & IBRD total,2012,81154586.4079175
IDA & IBRD total,2013,88146231.9279161
IDA & IBRD total,2014,92541386.1287746
IDA & IBRD total,2015,96503081.0260442
IDA & IBRD total,2016,100704892.765731
IDA & IBRD total,2017,104192240.73642
IDA & IBRD total,2018,106451316.491233
IDA blend,2000,53847.0
IDA blend,2001,94704.0
IDA blend,2002,106439.0
IDA blend,2003,111683.0
IDA blend,2004,129234.5
IDA blend,2005,145916.46875
IDA blend,2006,216538.243000031
IDA blend,2007,228647.390000343
IDA blend,2008,293214.039999962
IDA blend,2009,307881.386001587
IDA blend,2010,366935.399999619
IDA blend,2011,406507.099803925
IDA blend,2012,447832.799413681
IDA blend,2013,492352.999217987
IDA blend,2014,534687.400781989
IDA blend,2015,544664.302344084
IDA blend,2016,537321.639221549
IDA blend,2017,540119.653028131
IDA blend,2018,544791.100097656
IDA only,2000,886966.0
IDA only,2001,983033.0
IDA only,2002,1145462.0
IDA only,2003,1298746.0
IDA only,2004,1521549.19995117
IDA only,2005,1611226.95005035
IDA only,2006,1750910.79997635
IDA only,2007,1845661.29997635
IDA only,2008,1983077.19995117
IDA only,2009,2180299.34665298
IDA only,2010,2549027.20000076
IDA only,2011,2781353.09323502
IDA only,2012,3106998.6482749
IDA only,2013,3326429.17990112
IDA only,2014,3533905.70887268
IDA only,2015,3708047.79724713
IDA only,2016,3914653.5686512
IDA only,2017,4150826.57654667
IDA only,2018,4360870.0644002
IDA total,2000,940813.0
IDA total,2001,1077737.0
IDA total,2002,1251901.0
IDA total,2003,1410429.0
IDA total,2004,1650783.69995117
IDA total,2005,1757143.41880035
IDA total,2006,1967449.04297638
IDA total,2007,2074308.68997669
IDA total,2008,2276291.23995113
IDA total,2009,2488180.73265457
IDA total,2010,2915962.60000038
IDA total,2011,3187860.19303894
IDA total,2012,3554831.44768858
IDA total,2013,3818782.17911911
IDA total,2014,4068593.10965466
IDA total,2015,4252712.09959121
IDA total,2016,4451975.20787275
IDA total,2017,4690946.2295748
IDA total,2018,4905661.16449785
Iceland,2000,3623.0
Iceland,2001,4371.0
Iceland,2002,3585.0
Iceland,2003,6214.0
Iceland,2004,8868.0
Iceland,2005,8256.0
Iceland,2006,8241.0
Iceland,2007,4823.0
Iceland,2008,5098.0
Iceland,2009,5165.0
Iceland,2010,5050.0
Iceland,2011,5308.5
Iceland,2012,7431.2998046875
Iceland,2013,7053.0
Iceland,2014,8433.5
Iceland,2015,8382.599609375
Iceland,2016,15129.0
Iceland,2017,20858.69921875
Iceland,2018,19185.0
India,2000,1942531.0
India,2001,2120634.0
India,2002,2189445.0
India,2003,2316947.0
India,2004,2804362.0
India,2005,2973126.0
India,2006,3182817.0
India,2007,3114762.0
India,2008,3855763.0
India,2009,3798842.0
India,2010,3790021.0
India,2011,3677584.0
India,2012,4213980.0
India,2013,4555209.0
India,2014,4893002.0
India,2015,5263002.0
India,2016,5702002.0
India,2017,6184869.0
India,2018,7071302.0
Indonesia,2000,993727.0
Indonesia,2001,1076749.0
Indonesia,2002,1137151.0
Indonesia,2003,1228559.0
Indonesia,2004,1468612.0
Indonesia,2005,2124093.0
Indonesia,2006,2479247.0
Indonesia,2007,3137376.0
Indonesia,2008,3854944.0
Indonesia,2009,4712846.5
Indonesia,2010,6277924.5
Indonesia,2011,7937071.5
Indonesia,2012,9599765.0
Indonesia,2013,13301408.0
Indonesia,2014,14375287.0
Indonesia,2015,15649311.0
Indonesia,2016,16002319.0
Indonesia,2017,16118238.0
Indonesia,2018,14772104.0
Iran,2000,40550.0
Iran,2001,62550.0
Iran,2002,76817.0
Iran,2003,91714.0
Iran,2004,104330.0
Iran,2005,111761.0
Iran,2006,129468.0
Iran,2007,158549.0
Iran,2008,154726.0
Iran,2009,179552.0
Iran,2010,220034.0
Iran,2011,247262.0
Iran,2012,296514.0
Iran,2013,325325.0
Iran,2014,320174.0
Iran,2015,346118.0
Iran,2016,398129.0
Iran,2017,412887.0
Iran,2018,439718.0
Iraq,2000,1745.0
Iraq,2001,2000.0
Iraq,2002,2000.0
Iraq,2003,2000.0
Iraq,2004,13947.0
Iraq,2005,17941.0
Iraq,2006,14867.0
Iraq,2007,15810.0
Iraq,2008,19246.0
Iraq,2009,18732.0
Iraq,2010,20320.0
Iraq,2011,16290.0
Iraq,2012,25040.0
Iraq,2013,14060.0
Iraq,2014,26625.0
Iraq,2015,24803.0
Iraq,2016,28835.0
Iraq,2017,31814.0
Iraq,2018,25737.0
Ireland,2000,51247.0
Ireland,2001,60940.0
Ireland,2002,62568.0
Ireland,2003,62516.0
Ireland,2004,58359.0
Ireland,2005,60050.0
Ireland,2006,53122.0
Ireland,2007,57104.0
Ireland,2008,44867.5
Ireland,2009,47511.67578125
Ireland,2010,46490.30078125
Ireland,2011,44266.3203125
Ireland,2012,36102.01171875
Ireland,2013,34198.19921875
Ireland,2014,31200.19921875
Ireland,2015,39650.0
Ireland,2016,40244.4296875
Ireland,2017,45433.1015625
Ireland,2018,36895.8984375
Israel,2000,20098.0
Israel,2001,21318.0
Israel,2002,22256.0
Israel,2003,20776.0
Israel,2004,22303.0
Israel,2005,22409.0
Israel,2006,22117.0
Israel,2007,21434.0
Israel,2008,20017.0
Israel,2009,19177.0
Israel,2010,19895.0
Israel,2011,20817.0
Israel,2012,20342.400390625
Israel,2013,22251.599609375
Israel,2014,20166.0
Israel,2015,19640.0
Israel,2016,18914.0
Israel,2017,16985.0
Israel,2018,17000.0
Italy,2000,216525.0
Italy,2001,218330.0
Italy,2002,184285.0
Italy,2003,191884.0
Italy,2004,118217.0
Italy,2005,181101.0
Italy,2006,172793.0
Italy,2007,179409.0
Italy,2008,149002.765625
Italy,2009,162431.5
Italy,2010,153493.703125
Italy,2011,164150.703125
Italy,2012,137041.0
Italy,2013,140879.0
Italy,2014,148730.34375
Italy,2015,148762.59375
Italy,2016,157000.0
Italy,2017,157000.0
Italy,2018,143338.1875
Jamaica,2000,4512.0
Jamaica,2001,4512.0
Jamaica,2002,6150.0
Jamaica,2003,2969.0
Jamaica,2004,4495.0
Jamaica,2005,5670.0
Jamaica,2006,8019.0
Jamaica,2007,5616.0
Jamaica,2008,5950.0
Jamaica,2009,5184.0
Jamaica,2010,3952.0
Jamaica,2011,1152.0
Jamaica,2012,651.050048828125
Jamaica,2013,837.900024414063
Jamaica,2014,876.0
Jamaica,2015,602.0
Jamaica,2016,947.0
Jamaica,2017,1342.0
Jamaica,2018,1615.63000488281
Japan,2000,1291735.125
Japan,2001,1311828.75
Japan,2002,1385099.125
Japan,2003,1301793.5
Japan,2004,1261003.25
Japan,2005,1254143.0
Japan,2006,1224189.5
Japan,2007,1284425.375
Japan,2008,1186721.875
Japan,2009,1243358.125
Japan,2010,1151101.375
Japan,2011,907971.5625
Japan,2012,1073820.75
Japan,2013,1027951.5
Japan,2014,1021848.5625
Japan,2015,1105651.625
Japan,2016,1068034.5
Japan,2017,1023192.1875
Japan,2018,1032674.625
Jordan,2000,569.0
Jordan,2001,540.0
Jordan,2002,515.0
Jordan,2003,650.0
Jordan,2004,487.0
Jordan,2005,561.0
Jordan,2006,560.0
Jordan,2007,509.0
Jordan,2008,540.0
Jordan,2009,440.0
Jordan,2010,541.0
Jordan,2011,575.0
Jordan,2012,600.0
Jordan,2013,720.0
Jordan,2014,885.0
Jordan,2015,885.0
Jordan,2016,885.0
Jordan,2017,885.0
Jordan,2018,900.0
Kazakhstan,2000,813.0
Kazakhstan,2001,309.0
Kazakhstan,2002,778.0
Kazakhstan,2003,820.0
Kazakhstan,2004,188.199996948242
Kazakhstan,2005,123.0
Kazakhstan,2006,256.0
Kazakhstan,2007,170.0
Kazakhstan,2008,206.0
Kazakhstan,2009,303.0
Kazakhstan,2010,224.0
Kazakhstan,2011,858.0
Kazakhstan,2012,738.0
Kazakhstan,2013,811.0
Kazakhstan,2014,410.0
Kazakhstan,2015,730.400024414063
Kazakhstan,2016,1878.0
Kazakhstan,2017,1563.0
Kazakhstan,2018,1600.0
Kenya,2000,512.0
Kenya,2001,1009.0
Kenya,2002,798.0
Kenya,2003,1012.0
Kenya,2004,1035.0
Kenya,2005,1047.0
Kenya,2006,1012.0
Kenya,2007,4240.0
Kenya,2008,4452.0
Kenya,2009,4895.0
Kenya,2010,12194.0
Kenya,2011,22295.0
Kenya,2012,21888.0
Kenya,2013,23901.0
Kenya,2014,24498.0
Kenya,2015,19058.0
Kenya,2016,15357.0
Kenya,2017,12760.0
Kenya,2018,15524.0
Kiribati,2000,11188.0
Kiribati,2001,9282.0
Kiribati,2002,4262.0
Kiribati,2003,3913.0
Kiribati,2004,3913.0
Kiribati,2005,5012.0
Kiribati,2006,8849.0
Kiribati,2007,1117.0
Kiribati,2008,1094.14001464844
Kiribati,2009,1798.16003417969
Kiribati,2010,4756.0
Kiribati,2011,4293.0
Kiribati,2012,8291.0
Kiribati,2013,2261.0
Kiribati,2014,3582.0
Kiribati,2015,3602.0
Kiribati,2016,3652.0
Kiribati,2017,3652.0
Kiribati,2018,3652.0
Kuwait,2000,376.0
Kuwait,2001,195.0
Kuwait,2002,195.0
Kuwait,2003,366.0
Kuwait,2004,375.0
Kuwait,2005,327.0
Kuwait,2006,568.0
Kuwait,2007,348.0
Kuwait,2008,291.214996337891
Kuwait,2009,272.0
Kuwait,2010,310.0
Kuwait,2011,319.0
Kuwait,2012,309.0
Kuwait,2013,303.0
Kuwait,2014,297.0
Kuwait,2015,262.0
Kuwait,2016,196.15998840332
Kuwait,2017,195.0
Kuwait,2018,197.649993896484
Kyrgyzstan,2000,58.0
Kyrgyzstan,2001,144.0
Kyrgyzstan,2002,94.0
Kyrgyzstan,2003,12.0
Kyrgyzstan,2004,20.0
Kyrgyzstan,2005,20.0
Kyrgyzstan,2006,20.0
Kyrgyzstan,2007,107.0
Kyrgyzstan,2008,92.0
Kyrgyzstan,2009,133.0
Kyrgyzstan,2010,352.0
Kyrgyzstan,2011,394.5
Kyrgyzstan,2012,297.0
Kyrgyzstan,2013,300.0
Kyrgyzstan,2014,577.929992675781
Kyrgyzstan,2015,1068.40002441406
Kyrgyzstan,2016,1930.69995117188
Kyrgyzstan,2017,2100.0
Kyrgyzstan,2018,2558.69995117188
Laos,2000,42066.0
Laos,2001,50000.0
Laos,2002,59716.0
Laos,2003,64900.0
Laos,2004,64900.0
Laos,2005,60000.0
Laos,2006,60000.0
Laos,2007,63250.0
Laos,2008,64300.0
Laos,2009,75000.5
Laos,2010,82100.0
Laos,2011,95600.0
Laos,2012,101895.0
Laos,2013,108000.0
Laos,2014,108360.0
Laos,2015,95965.0
Laos,2016,100000.0
Laos,2017,104000.0
Laos,2018,108200.0
Late-demographic dividend,2000,32516485.6669922
Late-demographic dividend,2001,34342211.6239624
Late-demographic dividend,2002,36703712.8410645
Late-demographic dividend,2003,38824941.0579834
Late-demographic dividend,2004,41664602.4029999
Late-demographic dividend,2005,43774867.828125
Late-demographic dividend,2006,46131784.8938789
Late-demographic dividend,2007,48234935.9817019
Late-demographic dividend,2008,50315263.8502703
Late-demographic dividend,2009,52661985.3882179
Late-demographic dividend,2010,54373863.5766048
Late-demographic dividend,2011,56047589.1480751
Late-demographic dividend,2012,59578418.4082594
Late-demographic dividend,2013,62272623.210536
Late-demographic dividend,2014,64920982.4940047
Late-demographic dividend,2015,66942146.1490974
Late-demographic dividend,2016,70057009.597443
Late-demographic dividend,2017,72520100.63645
Late-demographic dividend,2018,74694756.850585
Latin America & Caribbean,2000,872415.0
Latin America & Caribbean,2001,1131961.0
Latin America & Caribbean,2002,1201972.0
Latin America & Caribbean,2003,1262003.0
Latin America & Caribbean,2004,1410240.5
Latin America & Caribbean,2005,1523714.5
Latin America & Caribbean,2006,1715028.24300003
Latin America & Caribbean,2007,1707845.84078693
Latin America & Caribbean,2008,1840853.7764864
Latin America & Caribbean,2009,1917633.43119355
Latin America & Caribbean,2010,1868412.87298393
Latin America & Caribbean,2011,2223210.47293472
Latin America & Caribbean,2012,2390203.40156078
Latin America & Caribbean,2013,2402661.94031811
Latin America & Caribbean,2014,2801300.4500457
Latin America & Caribbean,2015,2673997.86598277
Latin America & Caribbean,2016,2733232.93536603
Latin America & Caribbean,2017,2987068.67986739
Latin America & Caribbean,2018,3161542.7835989
Latin America & Caribbean (IDA & IBRD),2000,839464.0
Latin America & Caribbean (IDA & IBRD),2001,1105945.0
Latin America & Caribbean (IDA & IBRD),2002,1174411.0
Latin America & Caribbean (IDA & IBRD),2003,1234720.0
Latin America & Caribbean (IDA & IBRD),2004,1382187.5
Latin America & Caribbean (IDA & IBRD),2005,1500639.5
Latin America & Caribbean (IDA & IBRD),2006,1687444.24300003
Latin America & Caribbean (IDA & IBRD),2007,1670193.54078388
Latin America & Caribbean (IDA & IBRD),2008,1804074.7764864
Latin America & Caribbean (IDA & IBRD),2009,1881551.23119354
Latin America & Caribbean (IDA & IBRD),2010,1836960.37298393
Latin America & Caribbean (IDA & IBRD),2011,2198568.67215347
Latin America & Caribbean (IDA & IBRD),2012,2363982.20234203
Latin America & Caribbean (IDA & IBRD),2013,2373038.32109928
Latin America & Caribbean (IDA & IBRD),2014,2769959.86043608
Latin America & Caribbean (IDA & IBRD),2015,2641883.03598285
Latin America & Caribbean (IDA & IBRD),2016,2703984.43536603
Latin America & Caribbean (IDA & IBRD),2017,2955797.67986739
Latin America & Caribbean (IDA & IBRD),2018,3132852.94359875
Latin America & Caribbean (excluding high income),2000,433573.0
Latin America & Caribbean (excluding high income),2001,483208.0
Latin America & Caribbean (excluding high income),2002,566107.0
Latin America & Caribbean (excluding high income),2003,638542.0
Latin America & Caribbean (excluding high income),2004,689538.0
Latin America & Caribbean (excluding high income),2005,764603.0
Latin America & Caribbean (excluding high income),2006,858906.243000031
Latin America & Caribbean (excluding high income),2007,881550.940003395
Latin America & Caribbean (excluding high income),2008,951102.486876488
Latin America & Caribbean (excluding high income),2009,1021542.46119308
Latin America & Caribbean (excluding high income),2010,1136816.57290459
Latin America & Caribbean (excluding high income),2011,1229584.66270065
Latin America & Caribbean (excluding high income),2012,1288390.43987083
Latin America & Caribbean (excluding high income),2013,1329830.61031723
Latin America & Caribbean (excluding high income),2014,1542923.14988935
Latin America & Caribbean (excluding high income),2015,1597046.49782443
Latin America & Caribbean (excluding high income),2016,1656962.68236578
Latin America & Caribbean (excluding high income),2017,1738181.62586749
Latin America & Caribbean (excluding high income),2018,1845128.21960449
Latvia,2000,325.0
Latvia,2001,463.0
Latvia,2002,430.0
Latvia,2003,637.0
Latvia,2004,545.0
Latvia,2005,542.0
Latvia,2006,565.0
Latvia,2007,729.0
Latvia,2008,584.0
Latvia,2009,517.200012207031
Latvia,2010,548.799987792969
Latvia,2011,545.5
Latvia,2012,574.539978027344
Latvia,2013,643.210021972656
Latvia,2014,686.280029296875
Latvia,2015,862.849975585938
Latvia,2016,788.077026367188
Latvia,2017,807.93994140625
Latvia,2018,829.659973144531
Least developed countries: UN classification,2000,857663.0
Least developed countries: UN classification,2001,950082.0
Least developed countries: UN classification,2002,1108761.0
Least developed countries: UN classification,2003,1258386.0
Least developed countries: UN classification,2004,1475545.19995117
Least developed countries: UN classification,2005,1540854.95005035
Least developed countries: UN classification,2006,1671764.79997635
Least developed countries: UN classification,2007,1765694.79997635
Least developed countries: UN classification,2008,1904966.58996582
Least developed countries: UN classification,2009,2115910.08664322
Least developed countries: UN classification,2010,2484238.09999466
Least developed countries: UN classification,2011,2685677.19324112
Least developed countries: UN classification,2012,2993582.07027817
Least developed countries: UN classification,2013,3207259.96052933
Least developed countries: UN classification,2014,3396697.20087433
Least developed countries: UN classification,2015,3577753.81223965
Least developed countries: UN classification,2016,3779607.13871765
Least developed countries: UN classification,2017,3996795.18854141
Least developed countries: UN classification,2018,4182903.00504875
Lebanon,2000,400.0
Lebanon,2001,300.0
Lebanon,2002,790.0
Lebanon,2003,795.0
Lebanon,2004,795.0
Lebanon,2005,813.0
Lebanon,2006,813.0
Lebanon,2007,818.0
Lebanon,2008,975.0
Lebanon,2009,1080.0
Lebanon,2010,1180.0
Lebanon,2011,1280.0
Lebanon,2012,1280.0
Lebanon,2013,1180.0
Lebanon,2014,1125.0
Lebanon,2015,1025.0
Lebanon,2016,1025.0
Lebanon,2017,1025.0
Lebanon,2018,1031.0
Lesotho,2000,8.0
Lesotho,2001,8.0
Lesotho,2002,8.0
Lesotho,2003,4.0
Lesotho,2004,2.0
Lesotho,2005,1.0
Lesotho,2006,2.0
Lesotho,2007,131.0
Lesotho,2008,91.0
Lesotho,2009,107.599998474121
Lesotho,2010,300.399993896484
Lesotho,2011,300.369995117188
Lesotho,2012,400.369995117188
Lesotho,2013,500.429992675781
Lesotho,2014,900.530029296875
Lesotho,2015,1001.0
Lesotho,2016,1050.0
Lesotho,2017,1801.0
Lesotho,2018,2500.4599609375
Liberia,2000,22.0
Liberia,2001,14.0
Liberia,2002,30.0
Liberia,2003,30.0
Liberia,2004,37.0
Liberia,2005,45.0
Liberia,2006,50.0
Liberia,2007,60.0
Liberia,2008,60.0
Liberia,2009,70.0
Liberia,2010,80.0
Liberia,2011,90.0
Liberia,2012,100.0
Liberia,2013,130.0
Liberia,2014,165.0
Liberia,2015,180.0
Liberia,2016,200.0
Liberia,2017,220.0
Liberia,2018,240.0
Libya,2000,40.0
Libya,2001,40.0
Libya,2002,40.0
Libya,2003,160.0
Libya,2004,288.0
Libya,2005,388.0
Libya,2006,388.0
Libya,2007,240.0
Libya,2008,110.0
Libya,2009,110.0
Libya,2010,110.0
Libya,2011,10.0
Libya,2012,10.0
Libya,2013,10.0
Libya,2014,10.0
Libya,2015,10.0
Libya,2016,10.0
Libya,2017,10.0
Libya,2018,10.0
Lithuania,2000,1996.0
Lithuania,2001,2001.0
Lithuania,2002,1750.0
Lithuania,2003,2356.0
Lithuania,2004,2697.0
Lithuania,2005,2013.0
Lithuania,2006,2224.0
Lithuania,2007,3377.0
Lithuania,2008,3008.0
Lithuania,2009,3421.60009765625
Lithuania,2010,3190.98999023438
Lithuania,2011,3279.61010742188
Lithuania,2012,3581.9599609375
Lithuania,2013,4210.8798828125
Lithuania,2014,3835.80004882813
Lithuania,2015,4450.169921875
Lithuania,2016,4392.740234375
Lithuania,2017,3749.07006835938
Lithuania,2018,3750.09008789063
Low & middle income,2000,37640093.0
Low & middle income,2001,39794399.0
Low & middle income,2002,42674142.7597656
Low & middle income,2003,45423278.0996094
Low & middle income,2004,49519360.0991669
Low & middle income,2005,52862847.4188004
Low & middle income,2006,56245287.5927811
Low & middle income,2007,59298267.5397844
Low & middle income,2008,63275775.9230337
Low & middle income,2009,66780877.5754852
Low & middle income,2010,71055897.0205555
Low & middle income,2011,74509251.8266449
Low & middle income,2012,80547155.3731189
Low & middle income,2013,87567756.1928368
Low & middle income,2014,91817809.7654698
Low & middle income,2015,95962701.4027681
Low & middle income,2016,100223792.153941
Low & middle income,2017,103545350.012107
Low & middle income,2018,105731969.063332
Low income,2000,487797.0
Low income,2001,530798.0
Low income,2002,539309.0
Low income,2003,544808.0
Low income,2004,540811.0
Low income,2005,547387.150001526
Low income,2006,575876.200000763
Low income,2007,593624.200000763
Low income,2008,594996.25
Low income,2009,615296.401561737
Low income,2010,638386.600002289
Low income,2011,628580.933139801
Low income,2012,643334.380004883
Low income,2013,649356.549938202
Low income,2014,711448.060058594
Low income,2015,728185.410888672
Low income,2016,799655.393249512
Low income,2017,812809.301391602
Low income,2018,791899.656616211
Lower middle income,2000,5887903.0
Lower middle income,2001,6519369.0
Lower middle income,2002,7098215.75976563
Lower middle income,2003,7900865.09960938
Lower middle income,2004,9445486.39916992
Lower middle income,2005,10865754.7687988
Lower middle income,2006,12089464.5999756
Lower middle income,2007,13398329.5999756
Lower middle income,2008,15680689.2559814
Lower middle income,2009,16875889.4061813
Lower middle income,2010,19293033.2328415
Lower middle income,2011,21443691.9510193
Lower middle income,2012,24252659.2479758
Lower middle income,2013,28635390.4206886
Lower middle income,2014,30415235.5675311
Lower middle income,2015,32427139.0444517
Lower middle income,2016,33610986.4951019
Lower middle income,2017,34826887.9795618
Lower middle income,2018,35136882.3438387
Madagascar,2000,7980.0
Madagascar,2001,8449.0
Madagascar,2002,10413.0
Madagascar,2003,10267.0
Madagascar,2004,9603.0
Madagascar,2005,10296.0
Madagascar,2006,16534.0
Madagascar,2007,14943.0
Madagascar,2008,14486.0
Madagascar,2009,9716.0
Madagascar,2010,10886.0
Madagascar,2011,10544.0
Madagascar,2012,9987.5
Madagascar,2013,12549.0
Madagascar,2014,15440.0
Madagascar,2015,22694.2109375
Madagascar,2016,25998.0
Madagascar,2017,28335.0
Madagascar,2018,12758.056640625
Malawi,2000,530.0
Malawi,2001,568.0
Malawi,2002,642.0
Malawi,2003,666.0
Malawi,2004,733.0
Malawi,2005,812.0
Malawi,2006,1500.0
Malawi,2007,1500.0
Malawi,2008,1700.0
Malawi,2009,1620.0
Malawi,2010,2631.0
Malawi,2011,2833.0
Malawi,2012,3232.0
Malawi,2013,3705.0
Malawi,2014,4741.56005859375
Malawi,2015,4974.0
Malawi,2016,7646.39013671875
Malawi,2017,12216.7998046875
Malawi,2018,9014.0
Malaysia,2000,167898.0
Malaysia,2001,177021.0
Malaysia,2002,183990.0
Malaysia,2003,192160.0
Malaysia,2004,202218.0
Malaysia,2005,215834.0
Malaysia,2006,228317.0
Malaysia,2007,268508.0
Malaysia,2008,354579.0
Malaysia,2009,472502.3125
Malaysia,2010,581242.9375
Malaysia,2011,526692.5
Malaysia,2012,634875.875
Malaysia,2013,530701.8125
Malaysia,2014,521014.46875
Malaysia,2015,506965.1875
Malaysia,2016,407887.09375
Malaysia,2017,427515.53125
Malaysia,2018,391977.46875
Mali,2000,30.0
Mali,2001,500.0
Mali,2002,1008.0
Mali,2003,1008.0
Mali,2004,1008.0
Mali,2005,1008.0
Mali,2006,1000.0
Mali,2007,640.0
Mali,2008,821.0
Mali,2009,1355.0
Mali,2010,2083.0
Mali,2011,2083.0
Mali,2012,987.0
Mali,2013,2205.25
Mali,2014,1953.0
Mali,2015,2400.0
Mali,2016,4194.0
Mali,2017,3914.0
Mali,2018,3926.0
Malta,2000,1746.0
Malta,2001,1235.0
Malta,2002,1116.0
Malta,2003,887.0
Malta,2004,868.0
Malta,2005,736.0
Malta,2006,1936.0
Malta,2007,2716.0
Malta,2008,2702.0
Malta,2009,2868.0
Malta,2010,2916.0
Malta,2011,2126.72387695313
Malta,2012,4336.0
Malta,2013,5266.0
Malta,2014,4917.0
Malta,2015,5913.0
Malta,2016,6072.9169921875
Malta,2017,7105.697265625
Malta,2018,10022.375
Marshall Islands,2000,0.0
Marshall Islands,2001,0.0
Marshall Islands,2002,0.0
Marshall Islands,2003,0.0
Marshall Islands,2004,0.0
Marshall Islands,2005,0.0
Marshall Islands,2006,0.0
Marshall Islands,2007,0.0
Marshall Islands,2008,0.0
Marshall Islands,2009,0.0
Marshall Islands,2010,0.0
Marshall Islands,2011,0.0
Marshall Islands,2012,0.0
Marshall Islands,2014,0.610000014305115
Marshall Islands,2015,0.200000002980232
Marshall Islands,2016,5.0
Marshall Islands,2017,5.0
Marshall Islands,2018,2.26999998092651
Mauritius,2000,87.0
Mauritius,2001,59.0
Mauritius,2002,56.0
Mauritius,2003,33.0
Mauritius,2004,350.0
Mauritius,2005,400.0
Mauritius,2006,443.0
Mauritius,2007,175.0
Mauritius,2008,245.0
Mauritius,2009,437.399993896484
Mauritius,2010,567.5
Mauritius,2011,537.299987792969
Mauritius,2012,512.0
Mauritius,2013,397.299987792969
Mauritius,2014,777.5
Mauritius,2015,775.989990234375
Mauritius,2016,1021.32000732422
Mauritius,2017,1253.52001953125
Mauritius,2018,2069.60009765625
Mexico,2000,53918.0
Mexico,2001,76063.0
Mexico,2002,73670.0
Mexico,2003,84470.0
Mexico,2004,104348.0
Mexico,2005,133131.0
Mexico,2006,154451.0
Mexico,2007,140062.25
Mexico,2008,159309.046875
Mexico,2009,156956.640625
Mexico,2010,126238.0
Mexico,2011,137128.0
Mexico,2012,143746.640625
Mexico,2013,111499.75
Mexico,2014,194229.75
Mexico,2015,211621.640625
Mexico,2016,221327.453125
Mexico,2017,243307.328125
Mexico,2018,247222.421875
Micronesia (country),2000,0.0
Micronesia (country),2001,0.0
Micronesia (country),2002,0.0
Micronesia (country),2003,0.0
Micronesia (country),2004,0.0
Micronesia (country),2005,0.0
Micronesia (country),2006,0.0
Micronesia (country),2007,0.0
Micronesia (country),2008,0.0
Micronesia (country),2009,0.0
Micronesia (country),2010,0.0
Micronesia (country),2011,0.0
Micronesia (country),2012,0.0
Micronesia (country),2013,0.0
Micronesia (country),2014,0.0
Micronesia (country),2015,0.0
Micronesia (country),2016,0.0
Micronesia (country),2017,0.0
Micronesia (country),2018,0.0
Middle East & North Africa,2000,422223.0
Middle East & North Africa,2001,448866.0
Middle East & North Africa,2002,496886.0
Middle East & North Africa,2003,588267.0
Middle East & North Africa,2004,640497.400024414
Middle East & North Africa,2005,724032.0
Middle East & North Africa,2006,795618.0
Middle East & North Africa,2007,869511.400390625
Middle East & North Africa,2008,931994.131011963
Middle East & North Africa,2009,971138.481544495
Middle East & North Africa,2010,1228594.04893851
Middle East & North Africa,2011,1311014.91789651
Middle East & North Africa,2012,1398014.62734365
Middle East & North Africa,2013,1496763.48071289
Middle East & North Africa,2014,1554365.08289433
Middle East & North Africa,2015,1624020.98999023
Middle East & North Africa,2016,1888948.28885841
Middle East & North Africa,2017,2008555.95527649
Middle East & North Africa,2018,2163176.7003479
Middle East & North Africa (IDA & IBRD),2000,393987.0
Middle East & North Africa (IDA & IBRD),2001,417899.0
Middle East & North Africa (IDA & IBRD),2002,466572.0
Middle East & North Africa (IDA & IBRD),2003,551758.0
Middle East & North Africa (IDA & IBRD),2004,604686.0
Middle East & North Africa (IDA & IBRD),2005,685353.0
Middle East & North Africa (IDA & IBRD),2006,754632.0
Middle East & North Africa (IDA & IBRD),2007,825789.0
Middle East & North Africa (IDA & IBRD),2008,885076.916015625
Middle East & North Africa (IDA & IBRD),2009,921978.231933594
Middle East & North Africa (IDA & IBRD),2010,1178454.86193848
Middle East & North Africa (IDA & IBRD),2011,1270875.77001953
Middle East & North Africa (IDA & IBRD),2012,1359395.50195313
Middle East & North Africa (IDA & IBRD),2013,1458203.88110352
Middle East & North Africa (IDA & IBRD),2014,1503788.97290039
Middle East & North Africa (IDA & IBRD),2015,1566979.98999023
Middle East & North Africa (IDA & IBRD),2016,1820753.09997559
Middle East & North Africa (IDA & IBRD),2017,1925428.01000977
Middle East & North Africa (IDA & IBRD),2018,2059396.2253418
Middle East & North Africa (excluding high income),2000,393987.0
Middle East & North Africa (excluding high income),2001,417899.0
Middle East & North Africa (excluding high income),2002,466572.0
Middle East & North Africa (excluding high income),2003,551758.0
Middle East & North Africa (excluding high income),2004,604686.0
Middle East & North Africa (excluding high income),2005,685363.0
Middle East & North Africa (excluding high income),2006,754649.0
Middle East & North Africa (excluding high income),2007,825826.0
Middle East & North Africa (excluding high income),2008,885141.916015625
Middle East & North Africa (excluding high income),2009,922093.231933594
Middle East & North Africa (excluding high income),2010,1178734.86193848
Middle East & North Africa (excluding high income),2011,1271064.77001953
Middle East & North Africa (excluding high income),2012,1359664.50195313
Middle East & North Africa (excluding high income),2013,1458487.88110352
Middle East & North Africa (excluding high income),2014,1503972.97290039
Middle East & North Africa (excluding high income),2015,1567235.98999023
Middle East & North Africa (excluding high income),2016,1821033.09997559
Middle East & North Africa (excluding high income),2017,1925928.01000977
Middle East & North Africa (excluding high income),2018,2060145.2253418
Middle income,2000,37152296.0
Middle income,2001,39263601.0
Middle income,2002,42134833.7597656
Middle income,2003,44878470.0996094
Middle income,2004,48978549.0991669
Middle income,2005,52315460.2687988
Middle income,2006,55669411.3927803
Middle income,2007,58704643.3397837
Middle income,2008,62680779.6730337
Middle income,2009,66165581.1739235
Middle income,2010,70417510.4205532
Middle income,2011,73880670.8935051
Middle income,2012,79903820.993114
Middle income,2013,86918399.6428986
Middle income,2014,91106361.7054112
Middle income,2015,95234515.9918794
Middle income,2016,99424136.760691
Middle income,2017,102732540.710715
Middle income,2018,104940069.406716
Moldova,2000,1710.0
Moldova,2001,1709.0
Moldova,2002,2335.0
Moldova,2003,3408.0
Moldova,2004,5650.0
Moldova,2005,6300.0
Moldova,2006,6800.0
Moldova,2007,7500.0
Moldova,2008,7800.0
Moldova,2009,8200.0
Moldova,2010,8800.0
Moldova,2011,9000.0
Moldova,2012,9080.0
Moldova,2013,9080.0
Moldova,2014,11000.0
Moldova,2015,11166.0498046875
Moldova,2016,12011.400390625
Moldova,2017,12083.0
Moldova,2018,12530.0
Montenegro,2006,354.0
Montenegro,2007,361.0
Montenegro,2008,614.0
Montenegro,2009,565.0
Montenegro,2010,740.0
Montenegro,2011,840.0
Montenegro,2012,811.0
Montenegro,2013,811.0
Montenegro,2014,859.0
Montenegro,2015,813.0
Montenegro,2016,929.0
Montenegro,2017,1022.0
Montenegro,2018,1097.0
Morocco,2000,1889.0
Morocco,2001,1403.0
Morocco,2002,1670.0
Morocco,2003,1538.0
Morocco,2004,1718.0
Morocco,2005,2257.0
Morocco,2006,1161.0
Morocco,2007,1636.0
Morocco,2008,579.0
Morocco,2009,657.0
Morocco,2010,742.119995117188
Morocco,2011,617.0
Morocco,2012,692.5
Morocco,2013,988.0
Morocco,2014,1189.0
Morocco,2015,1050.0
Morocco,2016,1150.09997558594
Morocco,2017,1270.01000976563
Morocco,2018,1266.90600585938
Mozambique,2000,0.0
Mozambique,2001,0.0
Mozambique,2002,2247.0
Mozambique,2003,5639.0
Mozambique,2004,1366.0
Mozambique,2005,1782.0
Mozambique,2006,1198.0
Mozambique,2007,1528.0
Mozambique,2008,1392.0
Mozambique,2009,720.0
Mozambique,2010,864.0
Mozambique,2011,796.0
Mozambique,2012,604.0
Mozambique,2013,721.0
Mozambique,2014,1179.0
Mozambique,2015,1133.0
Mozambique,2016,1180.0
Mozambique,2017,1835.0
Mozambique,2018,127.0
Myanmar,2000,98912.0
Myanmar,2001,121266.0
Myanmar,2002,190120.0
Myanmar,2003,252010.0
Myanmar,2004,400360.0
Myanmar,2005,485220.0
Myanmar,2006,574990.0
Myanmar,2007,604660.0
Myanmar,2008,675064.0
Myanmar,2009,779296.375
Myanmar,2010,852791.0
Myanmar,2011,819156.375
Myanmar,2012,888369.0
Myanmar,2013,930780.0
Myanmar,2014,964255.8125
Myanmar,2015,999630.0
Myanmar,2016,1017644.3125
Myanmar,2017,1048863.25
Myanmar,2018,1131706.0
Namibia,2000,70.0
Namibia,2001,70.0
Namibia,2002,88.0
Namibia,2003,142.0
Namibia,2004,192.0
Namibia,2005,192.0
Namibia,2006,273.5
Namibia,2007,360.5
Namibia,2008,605.599975585938
Namibia,2009,665.599975585938
Namibia,2010,695.640014648438
Namibia,2011,532.130004882813
Namibia,2012,679.350036621094
Namibia,2013,671.559997558594
Namibia,2014,647.339965820313
Namibia,2015,625.72998046875
Namibia,2016,605.200012207031
Namibia,2017,586.929992675781
Namibia,2018,472.480010986328
Nauru,2000,0.0
Nauru,2001,0.400000005960464
Nauru,2002,0.0
Nauru,2003,0.0
Nauru,2004,0.0
Nauru,2005,0.0
Nauru,2006,0.800000011920929
Nauru,2007,0.0
Nauru,2008,0.0
Nauru,2009,0.0
Nauru,2010,0.0
Nauru,2011,0.0
Nauru,2012,1.0
Nauru,2013,0.100000001490116
Nauru,2014,0.300000011920929
Nauru,2015,0.300000011920929
Nauru,2016,0.300000011920929
Nauru,2017,0.300000011920929
Nauru,2018,0.5
Nepal,2000,15023.0
Nepal,2001,16570.0
Nepal,2002,17100.0
Nepal,2003,17680.0
Nepal,2004,20000.0
Nepal,2005,22480.0
Nepal,2006,25409.0
Nepal,2007,26679.0
Nepal,2008,27250.0
Nepal,2009,26730.0
Nepal,2010,28230.0
Nepal,2011,30950.0
Nepal,2012,34500.0
Nepal,2013,36020.0
Nepal,2014,43400.0
Nepal,2015,48000.0
Nepal,2016,49043.0
Nepal,2017,56157.1015625
Nepal,2018,59000.0
Netherlands,2000,75231.0
Netherlands,2001,57042.0
Netherlands,2002,54429.0
Netherlands,2003,66540.0
Netherlands,2004,78598.0
Netherlands,2005,71370.0
Netherlands,2006,45553.0
Netherlands,2007,56841.0
Netherlands,2008,46895.69921875
Netherlands,2009,55640.59765625
Netherlands,2010,67040.1015625
Netherlands,2011,43894.8984375
Netherlands,2012,46224.3984375
Netherlands,2013,46620.0
Netherlands,2014,63084.0
Netherlands,2015,62795.0
Netherlands,2016,62185.0
Netherlands,2017,52185.0
Netherlands,2018,52285.0
New Caledonia,2000,1765.0
New Caledonia,2001,1893.0
New Caledonia,2002,1918.0
New Caledonia,2003,1784.0
New Caledonia,2004,2290.0
New Caledonia,2005,2533.0
New Caledonia,2006,2365.0
New Caledonia,2007,1923.0
New Caledonia,2008,2106.0
New Caledonia,2009,1923.0
New Caledonia,2010,1223.0
New Caledonia,2011,1564.0
New Caledonia,2012,1666.0
New Caledonia,2013,1596.0
New Caledonia,2014,1659.0
New Caledonia,2015,1256.0
New Caledonia,2016,1588.25
New Caledonia,2017,1458.5
New Caledonia,2018,1617.30004882813
New Zealand,2000,85640.0
New Zealand,2001,76024.0
New Zealand,2002,86583.0
New Zealand,2003,84641.0
New Zealand,2004,92220.0
New Zealand,2005,105302.0
New Zealand,2006,107524.0
New Zealand,2007,111908.0
New Zealand,2008,112358.0
New Zealand,2009,104958.0
New Zealand,2010,110592.0
New Zealand,2011,117266.0
New Zealand,2012,100161.0
New Zealand,2013,97123.0
New Zealand,2014,109873.8515625
New Zealand,2015,91275.296875
New Zealand,2016,109016.203125
New Zealand,2017,116530.0
New Zealand,2018,104549.0
Nicaragua,2000,5435.0
Nicaragua,2001,5750.0
Nicaragua,2002,6089.0
Nicaragua,2003,7005.0
Nicaragua,2004,7880.0
Nicaragua,2005,9983.0
Nicaragua,2006,11220.0
Nicaragua,2007,11533.0
Nicaragua,2008,16078.0
Nicaragua,2009,18943.0
Nicaragua,2010,16972.0
Nicaragua,2011,15766.0
Nicaragua,2012,24351.0
Nicaragua,2013,26406.900390625
Nicaragua,2014,30566.0
Nicaragua,2015,24536.0
Nicaragua,2016,21182.0
Nicaragua,2017,24899.0
Nicaragua,2018,29468.400390625
Niger,2000,15.0
Niger,2001,21.0
Niger,2002,40.0
Niger,2003,40.0
Niger,2004,40.0
Niger,2005,40.0
Niger,2006,40.0
Niger,2007,40.0
Niger,2008,40.0
Niger,2009,70.0
Niger,2010,70.0
Niger,2011,85.0
Niger,2012,100.0
Niger,2013,200.0
Niger,2014,329.0
Niger,2015,300.0
Niger,2016,300.0
Niger,2017,350.0
Niger,2018,350.0
Nigeria,2000,25718.0
Nigeria,2001,24398.0
Nigeria,2002,30663.0
Nigeria,2003,30677.0
Nigeria,2004,43950.0
Nigeria,2005,56355.0
Nigeria,2006,84578.0
Nigeria,2007,85087.0
Nigeria,2008,143207.0
Nigeria,2009,152796.0
Nigeria,2010,200535.0
Nigeria,2011,221128.0
Nigeria,2012,253898.0
Nigeria,2013,278706.0
Nigeria,2014,313231.0
Nigeria,2015,316727.0
Nigeria,2016,306767.0
Nigeria,2017,296191.0
Nigeria,2018,291323.0
North America,2000,584495.0
North America,2001,633408.0
North America,2002,670945.0
North America,2003,713769.0
North America,2004,752588.0
North America,2005,668507.0
North America,2006,691596.0
North America,2007,678531.0
North America,2008,656875.0
North America,2009,637152.0
North America,2010,659040.0
North America,2011,566998.0
North America,2012,605296.0
North America,2013,597026.0
North America,2014,560921.0
North America,2015,613376.0
North America,2016,645444.0
North America,2017,631286.0
North America,2018,659508.0
North Korea,2000,467700.0
North Korea,2001,508095.0
North Korea,2002,508095.0
North Korea,2003,508095.0
North Korea,2004,508105.0
North Korea,2005,508175.0
North Korea,2006,508180.0
North Korea,2007,508250.0
North Korea,2008,508550.0
North Korea,2009,508660.0
North Korea,2010,509785.0
North Korea,2011,509800.0
North Korea,2012,510610.0
North Korea,2013,511675.0
North Korea,2014,556545.0
North Korea,2015,556750.0
North Korea,2016,619750.0
North Korea,2017,625060.0
North Korea,2018,629060.0
North Macedonia,2000,1217.0
North Macedonia,2001,787.0
North Macedonia,2002,763.0
North Macedonia,2003,864.0
North Macedonia,2004,959.0
North Macedonia,2005,843.0
North Macedonia,2006,588.0
North Macedonia,2007,1041.0
North Macedonia,2008,1287.0
North Macedonia,2009,1540.0
North Macedonia,2010,1491.0
North Macedonia,2011,1368.0
North Macedonia,2012,1306.0
North Macedonia,2013,1340.0
North Macedonia,2014,1214.0
North Macedonia,2015,991.0
North Macedonia,2016,986.0
North Macedonia,2017,1508.39990234375
North Macedonia,2018,1359.30004882813
Northern Mariana Islands,2006,6.0
Northern Mariana Islands,2007,11.0
Northern Mariana Islands,2008,16.0
Northern Mariana Islands,2009,21.0
Northern Mariana Islands,2010,23.5799999237061
Northern Mariana Islands,2011,24.5300006866455
Northern Mariana Islands,2012,26.0
Northern Mariana Islands,2013,31.0
Northern Mariana Islands,2014,42.0
Northern Mariana Islands,2015,42.0
Northern Mariana Islands,2016,42.0
Northern Mariana Islands,2017,42.0
Northern Mariana Islands,2018,42.0
Norway,2000,491329.0
Norway,2001,510748.0
Norway,2002,551300.0
Norway,2003,584422.0
Norway,2004,636802.0
Norway,2005,661877.0
Norway,2006,712373.0
Norway,2007,841560.0
Norway,2008,848359.0
Norway,2009,961839.8125
Norway,2010,1019801.9375
Norway,2011,1143893.375
Norway,2012,1321119.125
Norway,2013,1247865.125
Norway,2014,1332497.0
Norway,2015,1380890.0
Norway,2016,1326216.25
Norway,2017,1308633.75
Norway,2018,1355116.875
OECD members,2000,5188846.125
OECD members,2001,5474196.75
OECD members,2002,5639083.125
OECD members,2003,5771683.5
OECD members,2004,6049315.25
OECD members,2005,6146035.0
OECD members,2006,6569544.6875
OECD members,2007,6862107.03125
OECD members,2008,6772510.6796875
OECD members,2009,6946442.52752686
OECD members,2010,6759025.94348145
OECD members,2011,6955324.91165161
OECD members,2012,7448995.46508789
OECD members,2013,7265726.79266357
OECD members,2014,7681848.63256836
OECD members,2015,7820744.05426025
OECD members,2016,8020019.58557129
OECD members,2017,8719882.83343506
OECD members,2018,8866172.72381592
Oman,2000,0.0
Oman,2001,0.0
Oman,2002,0.0
Oman,2003,352.0
Oman,2004,515.400024414063
Oman,2005,218.0
Oman,2006,114.0
Oman,2007,96.0
Oman,2008,121.0
Oman,2009,118.400001525879
Oman,2010,127.0
Oman,2011,157.0
Oman,2012,168.0
Oman,2013,353.0
Oman,2014,282.399993896484
Oman,2015,170.0
Oman,2016,103.0
Oman,2017,77.2480010986328
Oman,2018,451.450012207031
Other small states,2000,8849.0
Other small states,2001,8684.0
Other small states,2002,7484.0
Other small states,2003,10836.0
Other small states,2004,15009.0
Other small states,2005,13961.0
Other small states,2006,16222.5
Other small states,2007,13408.5
Other small states,2008,15104.5999755859
Other small states,2009,16168.6999435425
Other small states,2010,17476.5468022823
Other small states,2011,17185.7678415775
Other small states,2012,21515.1928038597
Other small states,2013,23226.2540435791
Other small states,2014,24927.3250757232
Other small states,2015,26712.8196655288
Other small states,2016,35271.9720096588
Other small states,2017,44482.5173583999
Other small states,2018,46847.7231750488
Pacific island small states,2000,18273.0
Pacific island small states,2001,14296.400000006
Pacific island small states,2002,5545.0
Pacific island small states,2003,4788.0
Pacific island small states,2004,6225.69995117188
Pacific island small states,2005,8270.30004882813
Pacific island small states,2006,11946.3999755979
Pacific island small states,2007,2872.09997558594
Pacific island small states,2008,3507.94995117188
Pacific island small states,2009,6884.31609725953
Pacific island small states,2010,13065.9099884033
Pacific island small states,2011,12545.9800853729
Pacific island small states,2012,16414.7909026146
Pacific island small states,2013,14951.0449920669
Pacific island small states,2014,16695.7060887218
Pacific island small states,2015,16659.4759988934
Pacific island small states,2016,15066.3325012326
Pacific island small states,2017,9288.19581013918
Pacific island small states,2018,10034.3100552559
Pakistan,2000,12485.0
Pakistan,2001,57632.0
Pakistan,2002,66970.0
Pakistan,2003,73047.0
Pakistan,2004,76653.0
Pakistan,2005,80621.96875
Pakistan,2006,121826.0
Pakistan,2007,130092.0
Pakistan,2008,135098.0
Pakistan,2009,138099.0
Pakistan,2010,140101.0
Pakistan,2011,141935.0
Pakistan,2012,142832.0
Pakistan,2013,148120.0
Pakistan,2014,148381.0
Pakistan,2015,151174.0
Pakistan,2016,156430.0
Pakistan,2017,157469.0
Pakistan,2018,159083.0
Palau,2000,2.0
Palau,2001,2.0
Palau,2002,4.0
Palau,2003,4.0
Palau,2004,5.0
Palau,2005,5.0
Palau,2006,5.0
Palau,2007,18.0
Palau,2008,20.0
Palau,2009,41.8800010681152
Palau,2010,25.1100006103516
Palau,2011,23.5799999237061
Palau,2012,35.9109992980957
Palau,2013,19.8950004577637
Palau,2014,29.326000213623
Palau,2015,26.1900005340576
Palau,2016,23.8000011444092
Palau,2017,20.7000007629395
Palau,2018,22.7000007629395
Palestine,2000,0.0
Palestine,2001,0.0
Palestine,2002,0.0
Palestine,2003,0.0
Palestine,2004,0.0
Palestine,2005,10.0
Palestine,2006,17.0
Palestine,2007,37.0
Palestine,2008,65.0
Palestine,2009,115.0
Palestine,2010,280.0
Palestine,2011,189.0
Palestine,2012,269.0
Palestine,2013,284.0
Palestine,2014,184.0
Palestine,2015,256.0
Palestine,2016,280.0
Palestine,2017,500.0
Palestine,2018,749.0
Panama,2000,1779.0
Panama,2001,3127.0
Panama,2002,3638.0
Panama,2003,6228.0
Panama,2004,7048.0
Panama,2005,7778.0
Panama,2006,8764.0
Panama,2007,8943.0
Panama,2008,8354.0
Panama,2009,6609.3798828125
Panama,2010,6597.52978515625
Panama,2011,7588.2001953125
Panama,2012,7773.60009765625
Panama,2013,8635.2001953125
Panama,2014,10635.0
Panama,2015,9550.3203125
Panama,2016,8807.400390625
Panama,2017,9900.3603515625
Panama,2018,10445.400390625
Papua New Guinea,2000,210.0
Papua New Guinea,2001,210.0
Papua New Guinea,2002,286.0
Papua New Guinea,2003,296.0
Papua New Guinea,2004,431.0
Papua New Guinea,2005,491.0
Papua New Guinea,2006,691.0
Papua New Guinea,2007,841.0
Papua New Guinea,2008,1123.0
Papua New Guinea,2009,1372.0
Papua New Guinea,2010,1688.0
Papua New Guinea,2011,1871.0
Papua New Guinea,2012,3025.0
Papua New Guinea,2013,4125.0
Papua New Guinea,2014,4625.0
Papua New Guinea,2015,5735.0
Papua New Guinea,2016,5725.0
Papua New Guinea,2017,6001.10302734375
Papua New Guinea,2018,6001.10009765625
Paraguay,2000,103.0
Paraguay,2001,570.0
Paraguay,2002,1000.0
Paraguay,2003,1300.0
Paraguay,2004,2100.0
Paraguay,2005,2120.0
Paraguay,2006,2250.0
Paraguay,2007,2350.0
Paraguay,2008,2450.0
Paraguay,2009,2600.0
Paraguay,2010,2957.419921875
Paraguay,2011,4929.06005859375
Paraguay,2012,5400.0
Paraguay,2013,6450.0
Paraguay,2014,7500.0
Paraguay,2015,8481.0
Paraguay,2016,8500.0
Paraguay,2017,10781.0
Paraguay,2018,11536.0
Peru,2000,6596.0
Peru,2001,7551.0
Peru,2002,11532.0
Peru,2003,13621.0
Peru,2004,22114.0
Peru,2005,25981.0
Peru,2006,28393.0
Peru,2007,39531.0
Peru,2008,43120.0
Peru,2009,44317.0
Peru,2010,89021.0
Peru,2011,92200.3515625
Peru,2012,72292.8515625
Peru,2013,125692.890625
Peru,2014,115271.4140625
Peru,2015,90976.4609375
Peru,2016,100187.1484375
Peru,2017,100458.359375
Peru,2018,103598.078125
Philippines,2000,1100902.0
Philippines,2001,1220456.0
Philippines,2002,1338394.0
Philippines,2003,1448504.0
Philippines,2004,1717028.0
Philippines,2005,1895848.0
Philippines,2006,2092274.0
Philippines,2007,2214785.0
Philippines,2008,2407698.0
Philippines,2009,2477392.5
Philippines,2010,2545967.0
Philippines,2011,2608120.0
Philippines,2012,2541965.0
Philippines,2013,2373386.0
Philippines,2014,2337605.0
Philippines,2015,2348159.0
Philippines,2016,2200912.25
Philippines,2017,2237787.0
Philippines,2018,2304360.75
Poland,2000,35795.0
Poland,2001,35460.0
Poland,2002,32709.0
Poland,2003,35436.0
Poland,2004,35131.0
Poland,2005,37920.0
Poland,2006,35867.0
Poland,2007,35628.0
Poland,2008,36813.0
Poland,2009,36503.0
Poland,2010,30751.0
Poland,2011,29037.0
Poland,2012,32261.0
Poland,2013,35208.12890625
Poland,2014,40109.69140625
Poland,2015,36971.0
Poland,2016,38300.0
Poland,2017,38799.76953125
Poland,2018,43361.3359375
Portugal,2000,7537.0
Portugal,2001,8209.0
Portugal,2002,8288.0
Portugal,2003,8033.0
Portugal,2004,6700.0
Portugal,2005,6696.0
Portugal,2006,7894.0
Portugal,2007,7416.0
Portugal,2008,7352.0
Portugal,2009,6728.10009765625
Portugal,2010,8224.5751953125
Portugal,2011,9165.3896484375
Portugal,2012,10317.7998046875
Portugal,2013,10067.2099609375
Portugal,2014,11338.9384765625
Portugal,2015,9562.8759765625
Portugal,2016,9787.240234375
Portugal,2017,12508.740234375
Portugal,2018,11814.2958984375
Post-demographic dividend,2000,4539986.125
Post-demographic dividend,2001,4593040.75
Post-demographic dividend,2002,4780228.88476563
Post-demographic dividend,2003,4880937.59960938
Post-demographic dividend,2004,5031693.44921875
Post-demographic dividend,2005,5028506.0
Post-demographic dividend,2006,5337267.6875
Post-demographic dividend,2007,5677952.78125
Post-demographic dividend,2008,5498196.1328125
Post-demographic dividend,2009,5648593.79821777
Post-demographic dividend,2010,5651447.29992676
Post-demographic dividend,2011,5544878.64416504
Post-demographic dividend,2012,5899486.26611328
Post-demographic dividend,2013,5761717.84204102
Post-demographic dividend,2014,5912696.0300293
Post-demographic dividend,2015,6200163.77270508
Post-demographic dividend,2016,6368745.13806152
Post-demographic dividend,2017,6832127.2545166
Post-demographic dividend,2018,6862765.26416016
Pre-demographic dividend,2000,47862.0
Pre-demographic dividend,2001,50955.0
Pre-demographic dividend,2002,66691.0
Pre-demographic dividend,2003,70143.0
Pre-demographic dividend,2004,92172.0
Pre-demographic dividend,2005,115620.0
Pre-demographic dividend,2006,169341.0
Pre-demographic dividend,2007,194300.0
Pre-demographic dividend,2008,258790.0
Pre-demographic dividend,2009,292485.1015625
Pre-demographic dividend,2010,375044.399997711
Pre-demographic dividend,2011,394988.018131256
Pre-demographic dividend,2012,457062.100372314
Pre-demographic dividend,2013,487628.949584961
Pre-demographic dividend,2014,554061.760253906
Pre-demographic dividend,2015,575563.071289063
Pre-demographic dividend,2016,576271.623718262
Pre-demographic dividend,2017,579366.761169434
Pre-demographic dividend,2018,545467.014038086
Puerto Rico,2000,154.0
Puerto Rico,2001,414.0
Puerto Rico,2002,462.0
Puerto Rico,2003,309.0
Puerto Rico,2004,457.0
Puerto Rico,2005,351.0
Puerto Rico,2006,306.0
Puerto Rico,2007,84.3000030517578
Puerto Rico,2008,62.0
Puerto Rico,2009,51.0
Puerto Rico,2010,17.0
Puerto Rico,2011,20.0
Puerto Rico,2012,20.0
Puerto Rico,2013,19.9200000762939
Puerto Rico,2014,20.0
Puerto Rico,2015,20.0
Puerto Rico,2016,20.0
Puerto Rico,2017,20.0
Puerto Rico,2018,20.0
Qatar,2000,0.0
Qatar,2001,1.0
Qatar,2002,0.0
Qatar,2003,0.0
Qatar,2004,0.0
Qatar,2005,11.0
Qatar,2006,36.0
Qatar,2007,36.0
Qatar,2008,36.0
Qatar,2009,36.0
Qatar,2010,36.0
Qatar,2011,36.0
Qatar,2012,36.0
Qatar,2013,56.0
Qatar,2014,56.0
Qatar,2015,10.0
Qatar,2016,10.0
Qatar,2017,10.0
Qatar,2018,10.0
Romania,2000,9727.0
Romania,2001,10818.0
Romania,2002,9248.0
Romania,2003,9042.0
Romania,2004,8137.0
Romania,2005,7284.0
Romania,2006,8088.0
Romania,2007,10312.0
Romania,2008,12532.0
Romania,2009,13131.0
Romania,2010,8981.3203125
Romania,2011,8353.2705078125
Romania,2012,10004.0
Romania,2013,10146.0
Romania,2014,10679.9794921875
Romania,2015,11041.748046875
Romania,2016,12574.0302734375
Romania,2017,12798.2001953125
Romania,2018,12298.4501953125
Russia,2000,77132.0
Russia,2001,90449.0
Russia,2002,101483.0
Russia,2003,108751.0
Russia,2004,110018.0
Russia,2005,114997.0
Russia,2006,106343.0
Russia,2007,105803.0
Russia,2008,115680.0
Russia,2009,117310.0
Russia,2010,120998.0
Russia,2011,129651.0
Russia,2012,146455.0
Russia,2013,155540.0
Russia,2014,163600.0
Russia,2015,154050.0
Russia,2016,173981.0
Russia,2017,186544.0
Russia,2018,204032.0
Rwanda,2000,270.0
Rwanda,2001,435.0
Rwanda,2002,612.0
Rwanda,2003,1027.0
Rwanda,2004,386.0
Rwanda,2005,34.1500015258789
Rwanda,2006,30.2000007629395
Rwanda,2007,60.2000007629395
Rwanda,2008,60.25
Rwanda,2009,60.2999992370605
Rwanda,2010,100.300003051758
Rwanda,2011,265.330017089844
Rwanda,2012,505.980010986328
Rwanda,2013,1165.19995117188
Rwanda,2014,1504.0
Rwanda,2015,1620.19995117188
Rwanda,2016,1580.0
Rwanda,2017,3357.0
Rwanda,2018,5128.0
Saint Kitts and Nevis,2000,1.0
Saint Kitts and Nevis,2001,1.0
Saint Kitts and Nevis,2002,1.0
Saint Kitts and Nevis,2003,1.0
Saint Kitts and Nevis,2004,1.0
Saint Kitts and Nevis,2005,1.0
Saint Kitts and Nevis,2006,1.0
Saint Kitts and Nevis,2007,1.0
Saint Kitts and Nevis,2008,1.0
Saint Kitts and Nevis,2009,1.0
Saint Kitts and Nevis,2010,1.0
Saint Kitts and Nevis,2011,1.0
Saint Kitts and Nevis,2012,1.0
Saint Kitts and Nevis,2013,1.0
Saint Kitts and Nevis,2014,1.20000004768372
Saint Kitts and Nevis,2015,1.5
Saint Kitts and Nevis,2016,1.0
Saint Kitts and Nevis,2017,1.5
Saint Kitts and Nevis,2018,1.0
Saint Lucia,2000,1.0
Saint Lucia,2001,29.0
Saint Lucia,2002,18.0
Saint Lucia,2003,22.0
Saint Lucia,2004,6.0
Saint Lucia,2005,15.0
Saint Lucia,2006,10.2430000305176
Saint Lucia,2007,10.3900003433228
Saint Lucia,2008,7.03999996185303
Saint Lucia,2009,12.3600006103516
Saint Lucia,2010,20.8999996185303
Saint Lucia,2011,21.7999992370605
Saint Lucia,2012,27.8999996185303
Saint Lucia,2013,44.2999992370605
Saint Lucia,2014,36.2000007629395
Saint Lucia,2015,26.1000003814697
Saint Lucia,2016,32.4400024414063
Saint Lucia,2017,27.4500007629395
Saint Lucia,2018,29.0
Saint Vincent and the Grenadines,2013,0.5
Saint Vincent and the Grenadines,2014,1.39999997615814
Saint Vincent and the Grenadines,2015,1.39999997615814
Saint Vincent and the Grenadines,2016,1.39999997615814
Saint Vincent and the Grenadines,2017,1.10000002384186
Saint Vincent and the Grenadines,2018,2.0
Samoa,2000,0.0
Samoa,2001,0.0
Samoa,2002,0.0
Samoa,2003,0.0
Samoa,2004,0.0
Samoa,2005,0.0
Samoa,2006,0.0
Samoa,2007,3.0
Samoa,2008,3.0
Samoa,2009,5.0
Samoa,2010,5.0
Samoa,2011,5.0
Samoa,2012,4.59999990463257
Samoa,2013,3.72900009155273
Samoa,2014,5.56199979782104
Samoa,2015,13.3400001525879
Samoa,2016,10.0
Samoa,2017,10.1199998855591
Samoa,2018,12.9289999008179
Saudi Arabia,2000,6004.0
Saudi Arabia,2001,8218.0
Saudi Arabia,2002,6744.0
Saudi Arabia,2003,11824.0
Saudi Arabia,2004,11172.0
Saudi Arabia,2005,14375.0
Saudi Arabia,2006,15586.0
Saudi Arabia,2007,18410.400390625
Saudi Arabia,2008,22340.0
Saudi Arabia,2009,26441.849609375
Saudi Arabia,2010,26374.0
Saudi Arabia,2011,16076.0
Saudi Arabia,2012,12737.0
Saudi Arabia,2013,9266.0
Saudi Arabia,2014,23880.0
Saudi Arabia,2015,30000.0
Saudi Arabia,2016,39920.0
Saudi Arabia,2017,55000.0
Saudi Arabia,2018,72000.0
Senegal,2000,104.0
Senegal,2001,105.0
Senegal,2002,109.0
Senegal,2003,98.0
Senegal,2004,52.0
Senegal,2005,54.0
Senegal,2006,45.0
Senegal,2007,45.0
Senegal,2008,54.0
Senegal,2009,71.0
Senegal,2010,79.5999984741211
Senegal,2011,334.665008544922
Senegal,2012,399.299987792969
Senegal,2013,706.799987792969
Senegal,2014,1012.0
Senegal,2015,1212.5
Senegal,2016,2078.830078125
Senegal,2017,1010.70001220703
Senegal,2018,1108.0
Serbia,2006,5013.0498046875
Serbia,2007,6608.7998046875
Serbia,2008,7533.72021484375
Serbia,2009,7440.43994140625
Serbia,2010,8195.330078125
Serbia,2011,7628.94970703125
Serbia,2012,7661.18994140625
Serbia,2013,5935.5400390625
Serbia,2014,7168.3701171875
Serbia,2015,7387.0
Serbia,2016,6877.65966796875
Serbia,2017,5069.64990234375
Serbia,2018,7338.7001953125
Seychelles,2000,425.0
Seychelles,2001,282.0
Seychelles,2002,234.0
Seychelles,2003,1084.0
Seychelles,2004,1175.0
Seychelles,2005,772.0
Seychelles,2006,704.0
Seychelles,2007,368.0
Seychelles,2008,289.0
Seychelles,2009,0.0
Seychelles,2010,0.0
Seychelles,2011,0.0
Seychelles,2012,0.0
Seychelles,2013,0.0
Seychelles,2014,0.100000001490116
Seychelles,2015,0.100000001490116
Seychelles,2016,0.0
Seychelles,2017,0.100000001490116
Seychelles,2018,0.0
Sierra Leone,2000,30.0
Sierra Leone,2001,30.0
Sierra Leone,2002,30.0
Sierra Leone,2003,30.0
Sierra Leone,2004,30.0
Sierra Leone,2005,30.0
Sierra Leone,2006,30.0
Sierra Leone,2007,50.0
Sierra Leone,2008,50.0
Sierra Leone,2009,75.0
Sierra Leone,2010,75.0
Sierra Leone,2011,75.0
Sierra Leone,2012,75.0
Sierra Leone,2013,75.0
Sierra Leone,2014,75.0
Sierra Leone,2015,85.0
Sierra Leone,2016,85.0
Sierra Leone,2017,85.0
Sierra Leone,2018,85.0
Singapore,2000,5112.0
Singapore,2001,4443.0
Singapore,2002,5027.0
Singapore,2003,5024.0
Singapore,2004,5406.0
Singapore,2005,5917.0
Singapore,2006,8573.0
Singapore,2007,4503.0
Singapore,2008,3518.0
Singapore,2009,3567.0
Singapore,2010,3498.86987304688
Singapore,2011,4335.7939453125
Singapore,2012,4232.33056640625
Singapore,2013,5566.11083984375
Singapore,2014,5262.3232421875
Singapore,2015,6896.29345703125
Singapore,2016,6112.36083984375
Singapore,2017,5890.85791015625
Singapore,2018,5701.64892578125
Slovakia,2000,887.0
Slovakia,2001,999.0
Slovakia,2002,829.0
Slovakia,2003,881.0
Slovakia,2004,1180.0
Slovakia,2005,955.0
Slovakia,2006,1263.0
Slovakia,2007,1199.0
Slovakia,2008,1071.0
Slovakia,2009,834.900024414063
Slovakia,2010,702.400024414063
Slovakia,2011,834.5
Slovakia,2012,1310.56005859375
Slovakia,2013,1106.19995117188
Slovakia,2014,1230.66003417969
Slovakia,2015,1308.63000488281
Slovakia,2016,2168.65014648438
Slovakia,2017,2646.26391601563
Slovakia,2018,2224.40991210938
Slovenia,2000,1181.0
Slovenia,2001,1262.0
Slovenia,2002,1289.0
Slovenia,2003,1353.0
Slovenia,2004,1571.0
Slovenia,2005,1346.0
Slovenia,2006,1369.0
Slovenia,2007,1352.0
Slovenia,2008,1315.0
Slovenia,2009,1306.59997558594
Slovenia,2010,778.400024414063
Slovenia,2011,1396.59997558594
Slovenia,2012,1154.30004882813
Slovenia,2013,1225.69995117188
Slovenia,2014,1396.30004882813
Slovenia,2015,1607.19995117188
Slovenia,2016,1843.70007324219
Slovenia,2017,1730.09997558594
Slovenia,2018,1918.5
Small states,2000,36251.0
Small states,2001,33044.400000006
Small states,2002,24673.0
Small states,2003,29716.0
Small states,2004,38132.1999511719
Small states,2005,39974.8000488281
Small states,2006,44766.6429756284
Small states,2007,25933.5899782181
Small states,2008,29523.6799287796
Small states,2009,34597.8560333252
Small states,2010,42513.2569901943
Small states,2011,36394.897932291
Small states,2012,44858.9618587494
Small states,2013,46550.3990503326
Small states,2014,50255.2074212208
Small states,2015,48817.1356462166
Small states,2016,52990.6444942355
Small states,2017,56578.9811745062
Small states,2018,59579.213244915
Solomon Islands,2000,15.0
Solomon Islands,2001,15.0
Solomon Islands,2002,6.0
Solomon Islands,2003,400.0
Solomon Islands,2004,1711.19995117188
Solomon Islands,2005,2608.80004882813
Solomon Islands,2006,1353.59997558594
Solomon Islands,2007,866.599975585938
Solomon Islands,2008,1160.19995117188
Solomon Islands,2009,4029.80004882813
Solomon Islands,2010,7105.0
Solomon Islands,2011,7218.60009765625
Solomon Islands,2012,6992.39990234375
Solomon Islands,2013,11814.0
Solomon Islands,2014,12164.400390625
Solomon Islands,2015,12202.0
Solomon Islands,2016,10582.0
Solomon Islands,2017,4780.52880859375
Solomon Islands,2018,5520.2060546875
South Africa,2000,2819.0
South Africa,2001,2830.0
South Africa,2002,4105.0
South Africa,2003,6602.0
South Africa,2004,5954.0
South Africa,2005,5895.0
South Africa,2006,6037.0
South Africa,2007,5669.0
South Africa,2008,5421.0
South Africa,2009,4982.0
South Africa,2010,5147.60009765625
South Africa,2011,5343.27978515625
South Africa,2012,5926.5302734375
South Africa,2013,6613.0
South Africa,2014,7222.0
South Africa,2015,6730.39990234375
South Africa,2016,8094.27001953125
South Africa,2017,6338.31982421875
South Africa,2018,7868.44970703125
South Asia,2000,2631909.0
South Asia,2001,2911566.0
South Asia,2002,3063250.0
South Asia,2003,3268572.0
South Asia,2004,3820260.0
South Asia,2005,3963112.96875
South Asia,2006,4228243.0
South Asia,2007,4226668.0
South Asia,2008,5032223.0
South Asia,2009,5037200.67919922
South Asia,2010,5277221.14013672
South Asia,2011,5389065.22167969
South Asia,2012,6129776.09585571
South Asia,2013,6634218.1007843
South Asia,2014,7080827.30078125
South Asia,2015,7564220.75
South Asia,2016,8148338.22070313
South Asia,2017,8767825.26171875
South Asia,2018,9733896.08093262
South Asia (IDA & IBRD),2000,2631909.0
South Asia (IDA & IBRD),2001,2911566.0
South Asia (IDA & IBRD),2002,3063250.0
South Asia (IDA & IBRD),2003,3268572.0
South Asia (IDA & IBRD),2004,3820260.0
South Asia (IDA & IBRD),2005,3963112.96875
South Asia (IDA & IBRD),2006,4228243.0
South Asia (IDA & IBRD),2007,4226668.0
South Asia (IDA & IBRD),2008,5032223.0
South Asia (IDA & IBRD),2009,5037200.67919922
South Asia (IDA & IBRD),2010,5277221.14013672
South Asia (IDA & IBRD),2011,5389065.22167969
South Asia (IDA & IBRD),2012,6129776.09585571
South Asia (IDA & IBRD),2013,6634218.1007843
South Asia (IDA & IBRD),2014,7080827.30078125
South Asia (IDA & IBRD),2015,7564220.75
South Asia (IDA & IBRD),2016,8148338.22070313
South Asia (IDA & IBRD),2017,8767825.26171875
South Asia (IDA & IBRD),2018,9733896.08093262
South Korea,2000,667883.0
South Korea,2001,668022.0
South Korea,2002,794340.0
South Korea,2003,839845.0
South Korea,2004,952856.0
South Korea,2005,1057725.0
South Korea,2006,1279163.0
South Korea,2007,1399075.0
South Korea,2008,1394818.0
South Korea,2009,1331719.0
South Korea,2010,1377233.0
South Korea,2011,1499335.0
South Korea,2012,1509226.0
South Korea,2013,1533446.0
South Korea,2014,1567442.0
South Korea,2015,1676485.0
South Korea,2016,1859220.0
South Korea,2017,2334719.0
South Korea,2018,2278850.0
South Sudan,2012,20.0
South Sudan,2013,20.0
South Sudan,2014,20.0
South Sudan,2015,20.0
South Sudan,2016,20.0
South Sudan,2017,20.0
South Sudan,2018,20.0
Spain,2000,309229.0
Spain,2001,309091.0
Spain,2002,254949.0
Spain,2003,268279.0
Spain,2004,293839.0
Spain,2005,219335.0
Spain,2006,292829.1875
Spain,2007,281729.40625
Spain,2008,249714.5
Spain,2009,266668.8125
Spain,2010,252352.25
Spain,2011,271962.875
Spain,2012,264162.96875
Spain,2013,223710.03125
Spain,2014,282241.53125
Spain,2015,289821.25
Spain,2016,283830.90625
Spain,2017,311031.5625
Spain,2018,347824.71875
Sri Lanka,2000,4420.0
Sri Lanka,2001,3610.0
Sri Lanka,2002,2651.0
Sri Lanka,2003,3462.0
Sri Lanka,2004,4003.0
Sri Lanka,2005,4304.0
Sri Lanka,2006,5652.0
Sri Lanka,2007,8233.0
Sri Lanka,2008,7474.0
Sri Lanka,2009,7548.67919921875
Sri Lanka,2010,8058.14013671875
Sri Lanka,2011,11912.2216796875
Sri Lanka,2012,8839.755859375
Sri Lanka,2013,30881.30078125
Sri Lanka,2014,34220.30078125
Sri Lanka,2015,36037.75
Sri Lanka,2016,30974.220703125
Sri Lanka,2017,28756.16015625
Sri Lanka,2018,30921.4609375
Sub-Saharan Africa,2000,57289.0
Sub-Saharan Africa,2001,60663.0
Sub-Saharan Africa,2002,77705.0
Sub-Saharan Africa,2003,80268.0
Sub-Saharan Africa,2004,89879.0
Sub-Saharan Africa,2005,108260.150001526
Sub-Saharan Africa,2006,166411.700000763
Sub-Saharan Africa,2007,190320.700000763
Sub-Saharan Africa,2008,252548.849975586
Sub-Saharan Africa,2009,286889.001529694
Sub-Saharan Africa,2010,371077.840106964
Sub-Saharan Africa,2011,408294.427921295
Sub-Saharan Africa,2012,470724.330688477
Sub-Saharan Africa,2013,520026.739513397
Sub-Saharan Africa,2014,581523.730249025
Sub-Saharan Africa,2015,609941.991113283
Sub-Saharan Africa,2016,614862.413757324
Sub-Saharan Africa,2017,620290.631005861
Sub-Saharan Africa,2018,615749.003814697
Sub-Saharan Africa (IDA & IBRD),2000,57289.0
Sub-Saharan Africa (IDA & IBRD),2001,60663.0
Sub-Saharan Africa (IDA & IBRD),2002,77705.0
Sub-Saharan Africa (IDA & IBRD),2003,80268.0
Sub-Saharan Africa (IDA & IBRD),2004,89879.0
Sub-Saharan Africa (IDA & IBRD),2005,108260.150001526
Sub-Saharan Africa (IDA & IBRD),2006,166411.700000763
Sub-Saharan Africa (IDA & IBRD),2007,190320.700000763
Sub-Saharan Africa (IDA & IBRD),2008,252548.849975586
Sub-Saharan Africa (IDA & IBRD),2009,286889.001529694
Sub-Saharan Africa (IDA & IBRD),2010,371077.840106964
Sub-Saharan Africa (IDA & IBRD),2011,408294.427921295
Sub-Saharan Africa (IDA & IBRD),2012,470724.330688477
Sub-Saharan Africa (IDA & IBRD),2013,520026.739513397
Sub-Saharan Africa (IDA & IBRD),2014,581523.730249025
Sub-Saharan Africa (IDA & IBRD),2015,609941.991113283
Sub-Saharan Africa (IDA & IBRD),2016,614862.413757324
Sub-Saharan Africa (IDA & IBRD),2017,620290.631005861
Sub-Saharan Africa (IDA & IBRD),2018,615749.003814697
Sub-Saharan Africa (excluding high income),2000,56864.0
Sub-Saharan Africa (excluding high income),2001,60381.0
Sub-Saharan Africa (excluding high income),2002,77471.0
Sub-Saharan Africa (excluding high income),2003,79184.0
Sub-Saharan Africa (excluding high income),2004,88704.0
Sub-Saharan Africa (excluding high income),2005,107488.150001526
Sub-Saharan Africa (excluding high income),2006,165707.700000763
Sub-Saharan Africa (excluding high income),2007,189952.700000763
Sub-Saharan Africa (excluding high income),2008,252259.849975586
Sub-Saharan Africa (excluding high income),2009,286889.001529694
Sub-Saharan Africa (excluding high income),2010,371077.840106964
Sub-Saharan Africa (excluding high income),2011,408294.427921295
Sub-Saharan Africa (excluding high income),2012,470724.330688477
Sub-Saharan Africa (excluding high income),2013,520026.739513397
Sub-Saharan Africa (excluding high income),2014,581523.630249023
Sub-Saharan Africa (excluding high income),2015,609941.891113281
Sub-Saharan Africa (excluding high income),2016,614862.413757324
Sub-Saharan Africa (excluding high income),2017,620290.531005859
Sub-Saharan Africa (excluding high income),2018,615749.003814697
Sudan,2000,1000.0
Sudan,2001,1000.0
Sudan,2002,1600.0
Sudan,2003,1600.0
Sudan,2004,1600.0
Sudan,2005,1600.0
Sudan,2006,1600.0
Sudan,2007,1950.0
Sudan,2008,1800.0
Sudan,2009,2000.0
Sudan,2010,2000.0
Sudan,2011,2000.0
Sudan,2012,7500.0
Sudan,2013,6500.0
Sudan,2014,6000.0
Sudan,2015,7000.0
Sudan,2016,6000.0
Sudan,2017,9000.0
Sudan,2018,10000.0
Suriname,2000,345.0
Suriname,2001,422.0
Suriname,2002,422.0
Suriname,2003,260.0
Suriname,2004,288.0
Suriname,2005,242.0
Suriname,2006,180.0
Suriname,2007,118.300003051758
Suriname,2008,74.4000015258789
Suriname,2009,41.1599998474121
Suriname,2010,71.0999984741211
Suriname,2011,96.0
Suriname,2012,74.1999969482422
Suriname,2013,78.6999969482422
Suriname,2014,82.8199996948242
Suriname,2015,122.169998168945
Suriname,2016,102.099998474121
Suriname,2017,110.0
Suriname,2018,110.0
Sweden,2000,4834.0
Sweden,2001,6773.0
Sweden,2002,5618.0
Sweden,2003,6334.0
Sweden,2004,5989.0
Sweden,2005,5880.0
Sweden,2006,7549.0
Sweden,2007,5365.0
Sweden,2008,7595.0
Sweden,2009,8540.0
Sweden,2010,10644.0
Sweden,2011,13441.0
Sweden,2012,13757.0
Sweden,2013,13366.0
Sweden,2014,12899.0
Sweden,2015,12020.0
Sweden,2016,15747.0
Sweden,2017,14793.0
Sweden,2018,11672.0
Switzerland,2000,1100.0
Switzerland,2001,1135.0
Switzerland,2002,1135.0
Switzerland,2003,1100.0
Switzerland,2004,1205.0
Switzerland,2005,1214.0
Switzerland,2006,1214.0
Switzerland,2007,1216.0
Switzerland,2008,1216.0
Switzerland,2009,1249.0
Switzerland,2010,1261.0
Switzerland,2011,1466.0
Switzerland,2012,1471.0
Switzerland,2013,1593.0
Switzerland,2014,1593.0
Switzerland,2015,1593.0
Switzerland,2016,1733.0
Switzerland,2017,1733.0
Switzerland,2018,1743.0
Syria,2000,6797.0
Syria,2001,5880.0
Syria,2002,5988.0
Syria,2003,7217.0
Syria,2004,8692.0
Syria,2005,8533.0
Syria,2006,8902.0
Syria,2007,8425.0
Syria,2008,8595.0
Syria,2009,8697.0
Syria,2010,8610.0
Syria,2011,7500.0
Syria,2012,6200.0
Syria,2013,4000.0
Syria,2014,3000.0
Syria,2015,2500.0
Syria,2016,2500.0
Syria,2017,2350.0
Syria,2018,2350.0
Tajikistan,2000,86.0
Tajikistan,2001,99.0
Tajikistan,2002,143.0
Tajikistan,2003,167.0
Tajikistan,2004,26.0
Tajikistan,2005,26.0
Tajikistan,2006,26.0
Tajikistan,2007,26.0
Tajikistan,2008,26.0
Tajikistan,2009,255.100006103516
Tajikistan,2010,517.200012207031
Tajikistan,2011,537.0
Tajikistan,2012,274.799987792969
Tajikistan,2013,403.899993896484
Tajikistan,2014,443.600006103516
Tajikistan,2015,450.0
Tajikistan,2016,439.0
Tajikistan,2017,475.0
Tajikistan,2018,480.0
Tanzania,2000,1210.0
Tanzania,2001,1300.0
Tanzania,2002,2630.0
Tanzania,2003,2002.0
Tanzania,2004,3013.0
Tanzania,2005,3012.0
Tanzania,2006,3272.0
Tanzania,2007,4045.0
Tanzania,2008,5217.0
Tanzania,2009,5722.0
Tanzania,2010,7338.5
Tanzania,2011,7248.75
Tanzania,2012,9917.400390625
Tanzania,2013,10166.099609375
Tanzania,2014,10317.2001953125
Tanzania,2015,10742.2001953125
Tanzania,2016,12547.400390625
Tanzania,2017,19602.0
Tanzania,2018,16852.220703125
Thailand,2000,738155.0
Thailand,2001,814121.0
Thailand,2002,954608.0
Thailand,2003,1064406.0
Thailand,2004,1259984.0
Thailand,2005,1304232.0
Thailand,2006,1354297.0
Thailand,2007,1370456.0
Thailand,2008,1330861.0
Thailand,2009,1416668.0
Thailand,2010,1286122.0
Thailand,2011,1201455.375
Thailand,2012,1272100.0
Thailand,2013,997517.0
Thailand,2014,897864.875
Thailand,2015,920323.0
Thailand,2016,962673.0
Thailand,2017,893974.0
Thailand,2018,890864.0
Timor,2000,0.0
Timor,2001,0.0
Timor,2002,0.0
Timor,2003,0.0
Timor,2004,15.0
Timor,2005,22.0
Timor,2006,23.0
Timor,2007,402.0
Timor,2008,1052.0
Timor,2009,1547.0
Timor,2010,1554.0
Timor,2011,1561.0
Timor,2012,1568.0
Timor,2013,1574.0
Timor,2014,1580.0
Timor,2015,1587.0
Timor,2016,1595.0
Timor,2017,1600.0
Timor,2018,1610.0
Togo,2000,20.0
Togo,2001,20.0
Togo,2002,30.0
Togo,2003,30.0
Togo,2004,35.0
Togo,2005,50.0
Togo,2006,50.0
Togo,2007,50.0
Togo,2008,107.0
Togo,2009,107.0
Togo,2010,100.0
Togo,2011,20.0
Togo,2012,20.0
Togo,2013,23.0
Togo,2014,25.0
Togo,2015,58.0
Togo,2016,98.0
Togo,2017,132.0
Togo,2018,290.0
Tonga,2000,77.0
Tonga,2001,70.0
Tonga,2002,67.0
Tonga,2003,72.0
Tonga,2004,33.0
Tonga,2005,81.0
Tonga,2006,5.0
Tonga,2007,5.5
Tonga,2008,302.609985351563
Tonga,2009,300.200012207031
Tonga,2010,300.299987792969
Tonga,2011,300.299987792969
Tonga,2012,300.0
Tonga,2013,132.039993286133
Tonga,2014,87.3099975585938
Tonga,2015,57.4049987792969
Tonga,2016,21.0300006866455
Tonga,2017,20.0
Tonga,2018,20.0
Trinidad and Tobago,2000,22.0
Trinidad and Tobago,2001,7.0
Trinidad and Tobago,2002,7.0
Trinidad and Tobago,2003,7.0
Trinidad and Tobago,2004,25.5
Trinidad and Tobago,2005,25.5
Trinidad and Tobago,2006,25.5
Trinidad and Tobago,2007,19.2999992370605
Trinidad and Tobago,2008,12.6900005340576
Trinidad and Tobago,2009,27.3600006103516
Trinidad and Tobago,2010,13.5
Trinidad and Tobago,2011,5.75
Trinidad and Tobago,2012,6.55000019073486
Trinidad and Tobago,2013,7.55000019073486
Trinidad and Tobago,2014,5.44999980926514
Trinidad and Tobago,2015,23.7999992370605
Trinidad and Tobago,2016,11.1000003814697
Trinidad and Tobago,2017,7.44999980926514
Trinidad and Tobago,2018,7.44999980926514
Tunisia,2000,1553.0
Tunisia,2001,1868.0
Tunisia,2002,1980.0
Tunisia,2003,2086.0
Tunisia,2004,2308.0
Tunisia,2005,2603.0
Tunisia,2006,2855.0
Tunisia,2007,3581.0
Tunisia,2008,3561.0
Tunisia,2009,4907.0
Tunisia,2010,5424.0
Tunisia,2011,8126.0
Tunisia,2012,8577.0
Tunisia,2013,12184.0
Tunisia,2014,11279.0
Tunisia,2015,14425.0
Tunisia,2016,16183.0
Tunisia,2017,21930.0
Tunisia,2018,21826.19921875
Turkey,2000,79031.0
Turkey,2001,67244.0
Turkey,2002,61165.0
Turkey,2003,79943.0
Turkey,2004,94450.0
Turkey,2005,119567.0
Turkey,2006,129333.0
Turkey,2007,140743.0
Turkey,2008,152896.0
Turkey,2009,159639.0
Turkey,2010,167721.0
Turkey,2011,188890.0
Turkey,2012,212805.0
Turkey,2013,233863.609375
Turkey,2014,234302.0
Turkey,2015,238964.0
Turkey,2016,250331.0
Turkey,2017,273477.0
Turkey,2018,311681.0
Turkmenistan,2000,68.0
Turkmenistan,2001,43.0
Turkmenistan,2002,38.0
Turkmenistan,2003,24.0
Turkmenistan,2004,16.0
Turkmenistan,2005,26.0
Turkmenistan,2006,26.0
Turkmenistan,2007,26.0
Turkmenistan,2008,26.0
Turkmenistan,2009,26.0
Turkmenistan,2010,26.0
Turkmenistan,2011,26.0
Turkmenistan,2012,26.0
Turkmenistan,2013,30.0
Turkmenistan,2014,30.0
Turkmenistan,2015,30.0
Turkmenistan,2016,55.0
Turkmenistan,2017,60.0
Turkmenistan,2018,70.0
Turks and Caicos Islands,2000,15.0
Turks and Caicos Islands,2001,20.0
Turks and Caicos Islands,2002,30.0
Turks and Caicos Islands,2003,25.0
Turks and Caicos Islands,2004,4.0
Turks and Caicos Islands,2005,4.0
Turks and Caicos Islands,2006,4.0
Turks and Caicos Islands,2007,0.0
Turks and Caicos Islands,2008,0.0
Turks and Caicos Islands,2009,0.200000002980232
Turks and Caicos Islands,2010,0.5
Turks and Caicos Islands,2011,0.5
Turks and Caicos Islands,2012,0.5
Turks and Caicos Islands,2013,0.5
Turks and Caicos Islands,2014,0.5
Turks and Caicos Islands,2015,0.5
Turks and Caicos Islands,2016,0.5
Turks and Caicos Islands,2017,0.5
Turks and Caicos Islands,2018,0.5
Tuvalu,2003,5.0
Tuvalu,2004,1.0
Tuvalu,2005,1.0
Tuvalu,2006,1.0
Tuvalu,2007,1.0
Tuvalu,2009,2.5
Tuvalu,2010,2.5
Tuvalu,2011,2.5
Tuvalu,2012,2.5
Tuvalu,2013,2.5
Tuvalu,2014,2.5
Tuvalu,2015,2.5
Tuvalu,2016,2.5
Tuvalu,2017,2.5
Tuvalu,2018,2.5
Uganda,2000,820.0
Uganda,2001,2360.0
Uganda,2002,4915.0
Uganda,2003,5500.0
Uganda,2004,5539.0
Uganda,2005,10817.0
Uganda,2006,32392.0
Uganda,2007,51110.0
Uganda,2008,52250.0
Uganda,2009,76654.1015625
Uganda,2010,95000.0
Uganda,2011,85712.703125
Uganda,2012,95906.0
Uganda,2013,98063.0
Uganda,2014,111023.0
Uganda,2015,117590.0
Uganda,2016,118051.203125
Uganda,2017,112343.6015625
Uganda,2018,103737.0
Ukraine,2000,30969.0
Ukraine,2001,31037.0
Ukraine,2002,30869.759765625
Ukraine,2003,25615.099609375
Ukraine,2004,26350.19921875
Ukraine,2005,28854.0
Ukraine,2006,19181.0
Ukraine,2007,27965.0
Ukraine,2008,24337.0
Ukraine,2009,24082.5
Ukraine,2010,22864.900390625
Ukraine,2011,23553.19921875
Ukraine,2012,23719.900390625
Ukraine,2013,23174.599609375
Ukraine,2014,24434.0
Ukraine,2015,22241.30078125
Ukraine,2016,21424.599609375
Ukraine,2017,20168.19921875
Ukraine,2018,18595.4296875
United Arab Emirates,2000,0.0
United Arab Emirates,2001,0.0
United Arab Emirates,2002,0.0
United Arab Emirates,2003,2300.0
United Arab Emirates,2004,570.0
United Arab Emirates,2005,590.0
United Arab Emirates,2006,610.0
United Arab Emirates,2007,644.0
United Arab Emirates,2008,1343.0
United Arab Emirates,2009,130.0
United Arab Emirates,2010,198.0
United Arab Emirates,2011,415.0
United Arab Emirates,2012,420.0
United Arab Emirates,2013,780.0
United Arab Emirates,2014,788.0
United Arab Emirates,2015,790.0
United Arab Emirates,2016,2684.89990234375
United Arab Emirates,2017,3255.0
United Arab Emirates,2018,3350.0
United Kingdom,2000,152485.0
United Kingdom,2001,170516.0
United Kingdom,2002,179036.0
United Kingdom,2003,181838.0
United Kingdom,2004,207203.0
United Kingdom,2005,172813.0
United Kingdom,2006,171848.0
United Kingdom,2007,174200.0
United Kingdom,2008,175702.0
United Kingdom,2009,196597.8125
United Kingdom,2010,201363.84375
United Kingdom,2011,198967.59375
United Kingdom,2012,205594.703125
United Kingdom,2013,203263.0
United Kingdom,2014,214707.34375
United Kingdom,2015,211749.421875
United Kingdom,2016,194492.171875
United Kingdom,2017,222611.109375
United Kingdom,2018,197618.0
United States,2000,456830.0
United States,2001,480362.0
United States,2002,498899.0
United States,2003,545971.0
United States,2004,607570.0
United States,2005,513920.0
United States,2006,519967.0
United States,2007,526045.0
United States,2008,501326.0
United States,2009,481224.0
United States,2010,496699.0
United States,2011,397292.0
United States,2012,420386.0
United States,2013,429011.0
United States,2014,421189.0
United States,2015,426002.0
United States,2016,444679.0
United States,2017,439670.0
United States,2018,468185.0
United States Virgin Islands,2000,0.0
United States Virgin Islands,2001,0.0
United States Virgin Islands,2002,0.0
United States Virgin Islands,2003,0.0
United States Virgin Islands,2004,0.0
United States Virgin Islands,2005,0.0
United States Virgin Islands,2006,10.0
United States Virgin Islands,2007,10.0
United States Virgin Islands,2008,10.0
United States Virgin Islands,2009,10.0
United States Virgin Islands,2010,10.0
United States Virgin Islands,2011,10.0
United States Virgin Islands,2012,10.0
United States Virgin Islands,2013,10.0
United States Virgin Islands,2014,7.6399998664856
United States Virgin Islands,2015,8.0
United States Virgin Islands,2016,8.0
United States Virgin Islands,2017,8.0
United States Virgin Islands,2018,8.0
Upper middle income,2000,31264393.0
Upper middle income,2001,32744232.0
Upper middle income,2002,35036618.0
Upper middle income,2003,36977605.0
Upper middle income,2004,39533062.6999969
Upper middle income,2005,41449705.5
Upper middle income,2006,43579946.7928047
Upper middle income,2007,45306313.7398081
Upper middle income,2008,47000090.4170523
Upper middle income,2009,49289691.7677422
Upper middle income,2010,51124477.1877117
Upper middle income,2011,52436978.9424858
Upper middle income,2012,55651161.7451382
Upper middle income,2013,58283009.2222099
Upper middle income,2014,60691126.1378801
Upper middle income,2015,62807376.9474277
Upper middle income,2016,65813150.2655891
Upper middle income,2017,67905652.7311531
Upper middle income,2018,69803187.0628772
Uruguay,2000,85.0
Uruguay,2001,17.0
Uruguay,2002,17.0
Uruguay,2003,24.0
Uruguay,2004,22.0
Uruguay,2005,49.0
Uruguay,2006,37.0
Uruguay,2007,31.0
Uruguay,2008,36.0
Uruguay,2009,54.4099998474121
Uruguay,2010,84.9700012207031
Uruguay,2011,77.8199996948242
Uruguay,2012,91.2320022583008
Uruguay,2013,217.860000610352
Uruguay,2014,215.0
Uruguay,2015,203.828002929688
Uruguay,2016,69.6529998779297
Uruguay,2017,59.9790000915527
Uruguay,2018,101.773994445801
Uzbekistan,2000,5652.0
Uzbekistan,2001,3988.0
Uzbekistan,2002,3824.0
Uzbekistan,2003,3118.0
Uzbekistan,2004,3093.0
Uzbekistan,2005,3800.0
Uzbekistan,2006,3800.0
Uzbekistan,2007,4000.0
Uzbekistan,2008,4100.0
Uzbekistan,2009,5162.0
Uzbekistan,2010,6654.0
Uzbekistan,2011,8722.2998046875
Uzbekistan,2012,14832.8994140625
Uzbekistan,2013,23835.19921875
Uzbekistan,2014,29275.80078125
Uzbekistan,2015,36896.40234375
Uzbekistan,2016,38054.69921875
Uzbekistan,2017,52450.0
Uzbekistan,2018,57384.0
Vanuatu,2000,0.0
Vanuatu,2001,0.0
Vanuatu,2002,0.0
Vanuatu,2003,0.0
Vanuatu,2004,1.0
Vanuatu,2005,1.0
Vanuatu,2006,114.0
Vanuatu,2007,31.0
Vanuatu,2008,40.0
Vanuatu,2009,36.75
Vanuatu,2010,104.5
Vanuatu,2011,57.0
Vanuatu,2012,60.3800010681152
Vanuatu,2013,80.7809982299805
Vanuatu,2014,79.6977005004883
Vanuatu,2015,11.5409994125366
Vanuatu,2016,15.7024993896484
Vanuatu,2017,17.0470008850098
Vanuatu,2018,6.20499992370605
Venezuela,2000,13505.0
Venezuela,2001,16647.0
Venezuela,2002,18020.0
Venezuela,2003,15705.0
Venezuela,2004,24006.0
Venezuela,2005,19228.0
Venezuela,2006,23355.5
Venezuela,2007,19951.30078125
Venezuela,2008,18762.599609375
Venezuela,2009,14844.0
Venezuela,2010,18225.330078125
Venezuela,2011,23954.240234375
Venezuela,2012,26115.1796875
Venezuela,2013,26830.0
Venezuela,2014,30725.66015625
Venezuela,2015,18911.41015625
Venezuela,2016,25998.0
Venezuela,2017,29000.0
Venezuela,2018,29000.0
Vietnam,2000,513517.0
Vietnam,2001,603098.0
Vietnam,2002,718041.0
Vietnam,2003,952502.0
Vietnam,2004,1213617.0
Vietnam,2005,1452300.0
Vietnam,2006,1672727.0
Vietnam,2007,2100400.0
Vietnam,2008,2477450.0
Vietnam,2009,2571080.0
Vietnam,2010,2701317.0
Vietnam,2011,2860990.0
Vietnam,2012,3104501.0
Vietnam,2013,3221095.0
Vietnam,2014,3355234.0
Vietnam,2015,3475449.75
Vietnam,2016,3581579.0
Vietnam,2017,3831777.0
Vietnam,2018,4153322.5
World,2000,41724569.753
World,2001,44324822.718
World,2002,47375084.709
World,2003,50271407.715
World,2004,54570314.089
World,2005,57820199.218
World,2006,61591980.132
World,2007,64937295.556
World,2008,68799079.902
World,2009,73045256.331
World,2010,78020019.865
World,2011,82635398.201
World,2012,90020572.645
World,2013,97110166.776
World,2014,101084799.121
World,2015,106004183.753
Yemen,2000,0.0
Yemen,2001,0.0
Yemen,2002,0.0
Yemen,2003,0.0
Yemen,2004,0.0
Yemen,2005,380.0
Yemen,2006,300.0
Yemen,2007,300.0
Yemen,2008,150.0
Yemen,2009,150.0
Yemen,2010,150.0
Yemen,2011,150.0
Yemen,2012,100.0
Yemen,2014,0.0
Yemen,2015,0.0
Yemen,2016,0.0
Yemen,2017,0.0
Yemen,2018,0.0
Zambia,2000,4240.0
Zambia,2001,4520.0
Zambia,2002,4630.0
Zambia,2003,4501.0
Zambia,2004,5125.0
Zambia,2005,5125.0
Zambia,2006,5210.0
Zambia,2007,5876.0
Zambia,2008,5640.0
Zambia,2009,8505.0
Zambia,2010,10290.0
Zambia,2011,10530.0
Zambia,2012,12988.0
Zambia,2013,20271.0
Zambia,2014,19281.0
Zambia,2015,22754.0
Zambia,2016,21600.0
Zambia,2017,21567.099609375
Zambia,2018,24300.0
Zimbabwe,2000,2151.0
Zimbabwe,2001,2285.0
Zimbabwe,2002,2263.0
Zimbabwe,2003,2650.0
Zimbabwe,2004,3005.0
Zimbabwe,2005,2502.0
Zimbabwe,2006,2500.0
Zimbabwe,2007,2550.0
Zimbabwe,2008,2652.0
Zimbabwe,2009,2702.0
Zimbabwe,2010,2782.0
Zimbabwe,2011,7682.0
Zimbabwe,2012,8090.0
Zimbabwe,2013,10090.0
Zimbabwe,2014,10600.0
Zimbabwe,2015,10600.0
Zimbabwe,2016,10085.0
Zimbabwe,2017,10300.0
Zimbabwe,2018,10585.0
