year,Salinity (ppt),pH,SecchiDepth (m),WaterDepth (m),WaterTemp (C),AirTemp (C)
1989,-0.0006595061459157986,0.4286524202056975,-0.48227291891423885,0.2253251873849425,-0.13135863949387921,-3.25679597089325
1989,-0.0006595061459157986,0.4286524202056975,-0.6965630060574389,-0.2649770136397166,-0.06955090787271101,0.46821957426878635
1989,-0.0006595061459157986,1.0754531027008387,-0.26798283177103865,0.06189112037672286,0.6103341399601393,0.9061386731666211
1989,-0.0006595061459157986,1.0754531027008387,-0.26798283177103865,0.2253251873849425,0.9193727980659804,1.2954000944091408
1989,-0.0006595061459157986,1.7222537851959798,-0.48227291891423885,0.2253251873849425,1.2902191877929896,1.198084739098511
1989,-0.0006595061459157986,2.369054467691121,-0.48227291891423885,0.2253251873849425,1.4756423826564942,1.6360038379963457
1989,-0.0006595061459157986,2.369054467691121,-0.48227291891423885,0.06189112037672286,1.104795992929485,1.100769383787881
1989,-0.0006595061459157986,3.0158551501862623,-0.6965630060574389,-0.10154294663149696,0.8575650664448121,1.198084739098511
1989,-0.0006595061459157986,2.369054467691121,-0.6965630060574389,-0.7552792146643756,0.4249109450966347,0.6628502848900463
1989,-0.0006595061459157986,2.369054467691121,-0.6965630060574389,0.06189112037672286,1.2284114561718213,1.2954000944091408
1989,-0.0006595061459157986,2.369054467691121,-0.6965630060574389,0.06189112037672286,1.2284114561718213,1.198084739098511
1989,-0.0006595061459157986,0.4286524202056975,-0.48227291891423885,0.2253251873849425,0.9811805296871485,1.003454028477251
1989,-0.0006595061459157986,1.7222537851959798,-0.6965630060574389,-0.4284110806479362,-0.3785895659785521,0.3222465413028414
1989,-0.0006595061459157986,0.4286524202056975,-0.6965630060574389,-0.10154294663149696,0.4249109450966347,0.6141926072347312
1989,-0.0006595061459157986,1.0754531027008387,-0.6965630060574389,0.3887592543931621,-1.1820900770537388,-0.16433023525030832
1989,-0.0006595061459157986,0.4286524202056975,-0.6965630060574389,-0.2649770136397166,-1.1202823454325705,-1.1374837883566078
1989,-0.0006595061459157986,-0.21814826228944365,-0.6965630060574389,-0.5918451476561558,-1.861975124886589,-1.2347991436672376
1990,-0.0006595061459157986,0.4286524202056975,-0.6965630060574389,-0.2649770136397166,-1.861975124886589,-1.0401684330459777
1990,-0.0006595061459157986,0.4286524202056975,-0.6965630060574389,-0.5918451476561558,-1.3675132719172434,-0.796880044769403
1990,0.23564656453365068,0.4286524202056975,-0.803708049629039,-0.18325998013560668,-0.9966668821902341,-0.3589609458715682
1990,-0.0006595061459157986,0.4286524202056975,-0.6965630060574389,-0.10154294663149696,-1.1202823454325705,-0.2616455905609383
1990,2.2401392236977236,0.4286524202056975,-0.6965630060574389,-0.2649770136397166,-0.9966668821902341,-0.553591656492828
1990,2.0730981687673844,-0.21814826228944365,-0.6965630060574389,-0.10154294663149696,-0.9966668821902341,-0.650907011803458
1990,2.9083034434190815,0.4286524202056975,-0.803708049629039,-0.6081885543569778,-1.6147441984019162,-1.0401684330459777
1990,1.7390160589067052,-0.21814826228944365,-0.053692744627838615,1.2059295894342605,-1.9237828565077573,-1.4294298542884976
1990,1.822536586371875,-0.21814826228944365,-0.6965630060574389,-0.5918451476561558,-1.3675132719172434,-0.699564689458773
1990,1.822536586371875,-0.21814826228944365,-0.803708049629039,-0.11788635333231894,-0.13135863949387921,0.5168772519241013
1990,1.7390160589067052,-0.21814826228944365,-0.653704988628799,0.2580120007865865,-0.3785895659785521,-0.16433023525030832
1990,1.9060571138370448,-0.21814826228944365,-0.5894179624858389,-0.5918451476561558,-1.0584746138114023,-0.650907011803458
1990,0.9038107842550085,1.0754531027008387,-0.803708049629039,-0.10154294663149696,-1.6147441984019162,-0.06701487993967836
1990,2.8247829159539113,-0.21814826228944365,-0.5894179624858389,0.0292043069750789,-0.8730514189478977,-0.3589609458715682
1990,1.4884544765111962,-0.21814826228944365,-0.5894179624858389,-0.06885613322985298,-0.3785895659785521,-0.16433023525030832
1990,1.7390160589067052,-0.21814826228944365,-0.5894179624858389,-0.28132042034053856,-0.3785895659785521,-0.06701487993967836
1990,2.0730981687673844,-0.21814826228944365,0.7606095865163218,0.8790614554178212,-0.007743176251542805,0.03030047537095158
1990,3.1588650258145905,-0.21814826228944365,-0.5894179624858389,-0.019825913127387046,-0.13135863949387921,0.22493118599221146
1990,2.490700806093233,-0.21814826228944365,-0.43941490148559875,0.3887592543931621,0.23948775023313004,0.3222465413028414
1990,1.822536586371875,-0.21814826228944365,-0.5894179624858389,0.37241584769234015,0.4867186767178029,0.8574809955113061
1990,1.1543723666505175,-0.21814826228944365,-0.32155535355683873,0.30704222088905225,0.11587228699079362,0.4195618966134714
1990,2.3236597511628934,-0.21814826228944365,-0.26798283177103865,0.7483142018112454,0.7339496032024757,0.9061386731666211
1990,2.0730981687673844,-0.21814826228944365,-0.3751278753426388,-0.019825913127387046,0.7339496032024757,0.6141926072347312
1990,2.0730981687673844,-0.21814826228944365,-0.43941490148559875,-0.23229020023807262,0.6721418715813076,0.4195618966134714
1990,2.5742213335584023,-0.21814826228944365,-0.3751278753426388,0.2416685940857645,0.9811805296871485,1.003454028477251
1990,2.490700806093233,-0.21814826228944365,-0.3751278753426388,0.0292043069750789,0.7339496032024757,0.7601656402006761
1990,2.9083034434190815,0.4286524202056975,-0.48227291891423885,0.09457793377836665,0.9811805296871485,1.052111706132566
1990,2.657741861023572,-0.21814826228944365,-0.32155535355683873,0.7973444219137114,1.0429882613083168,-3.25679597089325
1990,2.9083034434190815,0.752052761453268,-0.32155535355683873,-0.4610978940495802,1.104795992929485,1.003454028477251
1990,2.9083034434190815,1.0754531027008387,-0.26798283177103865,0.3560724409915182,0.9811805296871485,1.003454028477251
1990,2.9083034434190815,1.0754531027008387,-0.3751278753426388,0.09457793377836665,1.104795992929485,1.100769383787881
1990,2.9083034434190815,1.0754531027008387,-0.3751278753426388,0.29069881418823024,1.104795992929485,1.246742416753826
1990,1.822536586371875,1.0754531027008387,-0.5894179624858389,-0.13422976003314074,0.6103341399601393,0.8088233178559912
1990,1.4049339490460264,1.0754531027008387,-0.5894179624858389,0.0292043069750789,0.3631032134754665,0.22493118599221146
1990,2.3236597511628934,1.0754531027008387,-0.48227291891423885,0.27435540748740844,0.6103341399601393,0.6141926072347312
1990,-0.014915017861858506,1.0754531027008387,-0.910853093200639,-0.6245319610577998,-1.1202823454325705,-0.553591656492828
1990,-0.1819560727921979,0.4286524202056975,-0.5894179624858389,-0.2649770136397166,-1.243897808674907,-0.748222367114088
1991,-0.1819560727921979,0.4286524202056975,-0.5894179624858389,0.0292043069750789,-1.1202823454325705,-0.45627630118219814
1991,-0.014915017861858506,1.0754531027008387,-0.6965630060574389,-0.6081885543569778,-1.1202823454325705,-0.748222367114088
1991,-0.2654766002573676,1.0754531027008387,-0.6965630060574389,-0.18325998013560668,-1.6765519300230844,-1.1374837883566078
1991,-0.1819560727921979,0.4286524202056975,-0.6965630060574389,-0.18325998013560668,-1.6765519300230844,-1.0888261107012929
1991,0.152126037068481,0.4286524202056975,-0.5894179624858389,-0.10154294663149696,-1.1202823454325705,-0.5049339788375131
1991,-0.014915017861858506,0.4286524202056975,-0.48227291891423885,-0.575501740955334,-1.305705540296075,-0.748222367114088
1991,0.40268761946399007,0.4286524202056975,-0.6965630060574389,-0.06885613322985298,-0.7494359557055613,-0.5049339788375131
1991,-0.014915017861858506,0.4286524202056975,-0.6965630060574389,-0.7879660280660195,-1.243897808674907,-0.748222367114088
1991,0.40268761946399007,0.4286524202056975,-0.6965630060574389,1.3693636564424803,-0.3785895659785521,0.03030047537095158
1991,-0.2654766002573676,0.4286524202056975,-0.803708049629039,-0.6735621811602658,-1.4911287351595799,-1.1374837883566078
1991,-0.0006595061459157986,0.6873726932037542,-0.5894179624858389,-0.11788635333231894,-0.8730514189478977,-0.16433023525030832
1991,-0.5995587101180465,1.0754531027008387,-0.5358454407000388,0.29069881418823024,-0.5022050292208885,-0.2616455905609383
1991,0.40268761946399007,1.0754531027008387,-0.43941490148559875,0.0292043069750789,-0.6258204924632249,-0.16433023525030832
1991,1.1543723666505175,1.0754531027008387,-0.43941490148559875,0.11092134047918863,0.11587228699079362,0.5168772519241013
1991,0.40268761946399007,0.4286524202056975,-0.43941490148559875,-0.3957242672462923,-0.5022050292208885,-0.018357202284363393
1991,0.152126037068481,0.4286524202056975,-0.6965630060574389,-0.34669404714382634,-0.6876282240843932,-0.2616455905609383
1991,1.4049339490460264,0.4286524202056975,-0.3751278753426388,0.06189112037672286,0.3012954818542982,0.22493118599221146
1991,1.571975003976366,0.4286524202056975,-0.3751278753426388,0.30704222088905225,0.3631032134754665,0.7601656402006761
1991,0.48620814692915987,0.4286524202056975,-0.48227291891423885,-0.4284110806479362,-0.31678183435738383,-0.06701487993967836
1991,1.9060571138370448,0.4286524202056975,-0.48227291891423885,-0.10154294663149696,0.6103341399601393,1.003454028477251
1991,2.5742213335584023,0.4286524202056975,-0.42870039712843877,0.53584991470056,0.9811805296871485,1.100769383787881
1991,1.7390160589067052,0.4286524202056975,-0.5894179624858389,-0.10154294663149696,0.3631032134754665,0.5655349295794163
1991,0.9038107842550085,0.4286524202056975,-0.3751278753426388,0.30704222088905225,1.2284114561718213,1.3440577720644558
1991,-0.5995587101180465,0.4286524202056975,0.9963286823738419,-0.6327036644082108,1.166603724550653,1.198084739098511
1991,-0.0006595061459157986,-0.21814826228944365,-0.26798283177103865,0.26618370413699743,1.3520269194141579,1.2954000944091408
1991,-0.014915017861858506,0.4286524202056975,-0.3751278753426388,0.42961777114521693,0.795757334823644,1.052111706132566
1991,-0.0006595061459157986,1.0754531027008387,-0.3751278753426388,0.42961777114521693,1.104795992929485,1.2954000944091408
1991,-0.0006595061459157986,1.0754531027008387,-0.31084084919967875,0.40510266109398413,0.8575650664448121,1.003454028477251
1991,-0.0006595061459157986,1.0754531027008387,-0.32155535355683873,0.19263837398329853,0.9811805296871485,1.198084739098511
1991,-0.0006595061459157986,1.0754531027008387,-0.0003393619650962224,0.0006992739401450925,0.9811805296871485,1.1494270614431958
1991,-0.0006595061459157986,1.0754531027008387,-0.32155535355683873,0.2253251873849425,0.8575650664448121,0.8574809955113061
1991,-0.0006595061459157986,1.0754531027008387,-0.6965630060574389,-0.6408753677586219,0.548526408338971,0.9061386731666211
1991,0.9038107842550085,1.0754531027008387,-0.4608439101999188,-0.3957242672462923,0.23948775023313004,0.5168772519241013
1991,2.3236597511628934,0.4286524202056975,-0.5251309363428788,-0.10154294663149696,0.3631032134754665,0.6141926072347312
1991,6.917288761747228,0.4286524202056975,-0.6965630060574389,-0.18325998013560668,-0.6258204924632249,-0.45627630118219814
1991,1.4884544765111962,0.4286524202056975,-0.0003393619650962224,1.2059295894342605,-0.6258204924632249,-0.06701487993967836
1991,3.32590608074493,0.6873726932037542,-0.5894179624858389,-0.019825913127387046,-0.6258204924632249,-0.21298791290562327
1991,4.578713992722476,-0.21814826228944365,-0.803708049629039,0.06189112037672286,-0.7494359557055613,-0.21298791290562327
1991,1.571975003976366,-0.21814826228944365,-0.803708049629039,0.1436081538808326,-0.13135863949387921,0.3709042189581564
1991,2.1566186962325538,0.4286524202056975,-0.5894179624858389,-0.2649770136397166,-0.7494359557055613,-0.06701487993967836
1991,1.0708518391853477,0.4286524202056975,-0.803708049629039,-0.8369962481684854,-0.9966668821902341,-0.06701487993967836
1991,0.5697286743943295,1.0754531027008387,-0.6965630060574389,-0.7552792146643756,-1.9855905881289255,-1.3321144989778677
1991,1.822536586371875,0.4286524202056975,-0.3751278753426388,-0.4447544873487582,-1.3675132719172434,-0.8455377224247179
1992,1.0708518391853477,0.4286524202056975,-0.5251309363428788,-0.5101281141520461,-0.9966668821902341,-0.3589609458715682
1992,1.2378928941156873,0.4286524202056975,-0.48227291891423885,0.37241584769234015,-1.305705540296075,-0.6022493341481431
1992,0.5697286743943295,-0.21814826228944365,-0.6965630060574389,-0.2976638270413606,-1.9855905881289255,-1.4780875319438125
1992,0.736769729324669,-0.21814826228944365,-0.5894179624858389,-0.4610978940495802,-1.4911287351595799,-0.894195400080033
1992,1.4049339490460264,-0.21814826228944365,-0.5894179624858389,-0.7552792146643756,-1.861975124886589,-1.1374837883566078
1992,1.0708518391853477,-0.21814826228944365,-0.803708049629039,-0.13422976003314074,-0.9966668821902341,-0.8455377224247179
1992,1.4049339490460264,0.4286524202056975,-0.803708049629039,-0.13422976003314074,-0.6876282240843932,-0.3103032682162532
1992,1.822536586371875,1.0754531027008387,-0.6965630060574389,0.06189112037672286,-0.6258204924632249,-0.018357202284363393
1992,2.3236597511628934,0.4286524202056975,-0.5894179624858389,-0.019825913127387046,-0.2549741027362156,0.22493118599221146
1992,1.7390160589067052,-0.21814826228944365,-0.803708049629039,-0.4610978940495802,-1.861975124886589,-1.6348733821556813
1992,1.822536586371875,0.4286524202056975,-1.017998136772239,-0.6735621811602658,-1.861975124886589,-0.8455377224247179
1992,1.9060571138370448,0.4286524202056975,-0.5894179624858389,-0.559158334254512,-1.1202823454325705,-0.553591656492828
1992,2.5742213335584023,0.4286524202056975,-0.910853093200639,-0.4284110806479362,-0.6258204924632249,-0.796880044769403
1992,3.32590608074493,-0.21814826228944365,-0.6965630060574389,0.0292043069750789,-0.13135863949387921,-0.2616455905609383
1992,2.490700806093233,-0.21814826228944365,-0.3751278753426388,-0.18325998013560668,-0.5022050292208885,-0.2567798227954067
1992,2.5742213335584023,0.4286524202056975,-0.6965630060574389,-0.2649770136397166,-0.31678183435738383,-0.553591656492828
1992,2.9083034434190815,0.4286524202056975,-0.48227291891423885,-0.10154294663149696,-0.06955090787271101,0.12761583068158153
1992,2.657741861023572,0.4286524202056975,-0.48227291891423885,-0.18325998013560668,-6.198606669341106e-05,0.8088233178559912
1992,3.576467663140439,-0.21814826228944365,-0.26798283177103865,0.2253251873849425,0.23948775023313004,0.46821957426878635
1992,2.991823970884251,-0.21814826228944365,-0.26798283177103865,0.470476287897272,1.166603724550653,1.2954000944091408
1992,3.6599881906056084,1.0754531027008387,-0.26798283177103865,0.06189112037672286,0.8575650664448121,1.2954000944091408
1992,3.32590608074493,0.4286524202056975,-0.16083778819943864,-0.13422976003314074,0.11587228699079362,0.22493118599221146
1992,3.1588650258145905,0.4286524202056975,-0.26798283177103865,0.06189112037672286,0.9811805296871485,1.003454028477251
1992,2.991823970884251,0.4286524202056975,-0.16083778819943864,0.3887592543931621,0.8575650664448121,0.8088233178559912
1992,3.6599881906056084,0.4286524202056975,-0.3751278753426388,0.30704222088905225,1.2902191877929896,1.4900308050304008
1992,3.6599881906056084,1.0754531027008387,-0.3751278753426388,0.30704222088905225,1.2284114561718213,1.4413731273750858
1992,3.1588650258145905,1.0754531027008387,-0.48227291891423885,0.1436081538808326,0.9811805296871485,1.003454028477251
1992,3.32590608074493,1.0754531027008387,-0.41798589277127873,-0.2649770136397166,0.6103341399601393,0.9061386731666211
1992,3.32590608074493,0.4286524202056975,-0.26798283177103865,0.30704222088905225,0.795757334823644,0.6141926072347312
1992,2.657741861023572,1.0754531027008387,-0.26798283177103865,0.06189112037672286,0.795757334823644,1.003454028477251
1992,2.991823970884251,0.4286524202056975,-0.48227291891423885,0.3887592543931621,0.6103341399601393,0.9061386731666211
1992,3.4094266082100995,1.0754531027008387,-0.31084084919967875,-0.6245319610577998,0.17768001861196184,0.6141926072347312
1992,2.991823970884251,0.4286524202056975,-0.3751278753426388,0.06189112037672286,0.6721418715813076,0.8088233178559912
1992,3.9105497730011183,1.0754531027008387,-0.5894179624858389,-0.5101281141520461,0.7339496032024757,1.052111706132566
1992,2.657741861023572,0.4286524202056975,-0.910853093200639,-1.000430315176705,-0.2549741027362156,0.12761583068158153
1992,2.8247829159539113,0.4286524202056975,-0.910853093200639,0.3887592543931621,-0.7494359557055613,-0.553591656492828
1992,2.9083034434190815,-0.21814826228944365,-0.48227291891423885,-0.21594679353725066,-0.6876282240843932,-0.2616455905609383
1992,2.2401392236977236,0.4286524202056975,-0.3751278753426388,-0.18325998013560668,-0.19316637111504745,0.1762735083368965
1992,0.8202902567898386,0.4286524202056975,-0.0003393619650962224,-0.5918451476561558,-1.1202823454325705,-0.553591656492828
1992,2.657741861023572,0.4286524202056975,-0.26798283177103865,-0.34669404714382634,-1.305705540296075,-0.9915107553906628
1992,2.657741861023572,0.8814128979522958,-0.5894179624858389,0.1436081538808326,0.05406455536962541,0.5655349295794163
1992,2.490700806093233,0.4286524202056975,0.05345229894376153,-0.10154294663149696,-1.1202823454325705,-0.748222367114088
1992,2.8247829159539113,-0.21814826228944365,-0.803708049629039,-0.4284110806479362,-0.7494359557055613,-0.018357202284363393
1992,2.5742213335584023,-0.21814826228944365,-0.5894179624858389,0.1436081538808326,-0.934859150569066,-0.5049339788375131
1992,3.32590608074493,-0.21814826228944365,-0.5894179624858389,-0.5101281141520461,-1.5529364667807481,-0.9915107553906628
1993,2.490700806093233,-0.21814826228944365,-0.3751278753426388,-0.4284110806479362,-1.243897808674907,0.03030047537095158
1993,2.3236597511628934,-0.21814826228944365,-0.5894179624858389,-0.8369962481684854,-1.1202823454325705,-0.8455377224247179
1993,2.1566186962325538,-0.21814826228944365,-0.48227291891423885,0.30704222088905225,-0.934859150569066,-0.11567255759499334
1993,1.822536586371875,-0.21814826228944365,-0.6965630060574389,0.1436081538808326,-1.4911287351595799,-0.6022493341481431
1993,2.2401392236977236,-0.21814826228944365,-0.910853093200639,-0.7552792146643756,-1.6147441984019162,-0.9915107553906628
1993,2.3236597511628934,-0.21814826228944365,-0.48227291891423885,-0.019825913127387046,-1.243897808674907,-0.3589609458715682
1993,1.822536586371875,-0.21814826228944365,-0.910853093200639,0.1436081538808326,-1.243897808674907,-0.06701487993967836
1993,2.657741861023572,-0.21814826228944365,-0.910853093200639,0.6339103549054915,-0.9966668821902341,-0.21298791290562327
1993,2.2401392236977236,-0.21814826228944365,-0.053692744627838615,1.5327977234506998,-1.9237828565077573,-1.3807721766331826
1993,2.1566186962325538,-0.21814826228944365,-0.803708049629039,-0.5918451476561558,-0.9966668821902341,-0.45627630118219814
1993,1.9060571138370448,-0.21814826228944365,-0.053692744627838615,-0.10154294663149696,-0.4403972975997203,-0.3103032682162532
1993,1.822536586371875,-0.0005492804851685446,0.05345229894376153,3.820874661565776,-0.06955090787271101,0.46821957426878635
1993,1.4884544765111962,-0.21814826228944365,-0.3751278753426388,0.06189112037672286,-0.9966668821902341,-0.8455377224247179
1993,1.4884544765111962,-0.21814826228944365,-0.48227291891423885,0.3887592543931621,-0.31678183435738383,0.03030047537095158
1993,1.9060571138370448,-0.21814826228944365,-0.48227291891423885,0.6339103549054915,-0.4403972975997203,-0.3589609458715682
1993,2.2401392236977236,-0.21814826228944365,-0.48227291891423885,0.7156273884096014,0.11587228699079362,0.5168772519241013
1993,2.0730981687673844,-0.21814826228944365,-0.26798283177103865,0.1436081538808326,0.3631032134754665,0.5168772519241013
1993,2.657741861023572,-0.21814826228944365,-0.053692744627838615,0.3887592543931621,0.7339496032024757,0.9061386731666211
1993,1.822536586371875,-0.21814826228944365,-0.48227291891423885,0.1436081538808326,0.23948775023313004,0.6141926072347312
1993,2.490700806093233,-0.21814826228944365,-0.16083778819943864,-0.019825913127387046,0.6103341399601393,0.6628502848900463
1993,2.657741861023572,-0.21814826228944365,-0.16083778819943864,-0.5101281141520461,0.4249109450966347,0.46821957426878635
1993,2.5742213335584023,-0.21814826228944365,0.05345229894376153,0.3887592543931621,1.0429882613083168,1.100769383787881
1993,2.657741861023572,-0.21814826228944365,0.05345229894376153,0.06189112037672286,1.0429882613083168,1.392715449719771
1993,-0.0006595061459157986,0.4286524202056975,0.05345229894376153,0.06189112037672286,1.4756423826564942,1.5386884826857157
1993,2.9083034434190815,0.4286524202056975,-0.16083778819943864,-0.019825913127387046,1.104795992929485,1.1494270614431958
1993,-0.0006595061459157986,0.4286524202056975,-0.053692744627838615,-0.10154294663149696,1.2284114561718213,1.3440577720644558
1993,2.657741861023572,1.0754531027008387,-0.26798283177103865,0.06189112037672286,1.0429882613083168,1.392715449719771
1993,2.3236597511628934,1.0754531027008387,-0.48227291891423885,-0.34669404714382634,0.9193727980659804,1.052111706132566
1993,-0.0006595061459157986,-0.0005492804851685446,-0.3751278753426388,0.1436081538808326,0.9193727980659804,1.1494270614431958
1993,-0.0006595061459157986,-0.21814826228944365,-0.6965630060574389,-0.019825913127387046,0.7339496032024757,1.198084739098511
1993,-0.0006595061459157986,1.0754531027008387,-0.6965630060574389,-0.2649770136397166,0.4249109450966347,0.7601656402006761
1993,0.9038107842550085,0.9460929662018109,-0.26798283177103865,0.30704222088905225,0.795757334823644,0.8574809955113061
1993,-0.0006595061459157986,1.4635335121979243,-0.3751278753426388,-0.18325998013560668,0.11587228699079362,0.4195618966134714
1993,0.6532492018594992,0.8167328297027819,-0.48227291891423885,-0.4284110806479362,-0.19316637111504745,-0.06701487993967836
1993,0.6532492018594992,0.6873726932037542,-0.3751278753426388,-0.019825913127387046,-0.007743176251542805,0.2541257925854005
1993,0.9038107842550085,1.592893648696952,-0.26798283177103865,-0.2649770136397166,-0.30442028803315024,0.31251500577177826
1993,0.6532492018594992,0.4286524202056975,-0.3751278753426388,-0.34669404714382634,-1.0213899748387014,-0.4270816945890091
1993,0.5697286743943295,0.9460929662018109,-0.26798283177103865,0.06189112037672286,-0.09427400052117821,0.6628502848900463
1993,0.6532492018594992,-0.08878812579041588,-0.6965630060574389,-0.34669404714382634,-0.7370744093813277,-0.5049339788375131
1993,0.6532492018594992,0.2992922837066697,-0.5894179624858389,-0.019825913127387046,-0.934859150569066,-0.6217124052102689
1993,0.6532492018594992,0.5580125567047253,-0.5894179624858389,-0.5101281141520461,-2.0721214123985607,-0.9915107553906628
1993,0.6532492018594992,-0.08878812579041588,-0.48227291891423885,-0.10154294663149696,-1.7630827542927199,-1.1082891817634186
1994,0.48620814692915987,0.16993214720764083,-0.26798283177103865,-0.5918451476561558,-1.5034902814838134,-0.748222367114088
1994,0.6532492018594992,0.2992922837066697,-0.6965630060574389,-0.6735621811602658,-1.861975124886589,-1.2737252857914898
1994,0.23564656453365068,0.04057201070861305,-0.5894179624858389,-0.2649770136397166,-1.5034902814838134,-0.78714850923834
1994,0.23564656453365068,0.2992922837066697,-0.3751278753426388,-0.4284110806479362,-0.9966668821902341,-1.2639937502604268
1994,0.23564656453365068,0.04057201070861305,-0.6965630060574389,-0.5918451476561558,-2.03503677342586,-1.5267452095991276
1994,0.23564656453365068,-0.08878812579041588,-0.6965630060574389,0.2253251873849425,-1.0337515211629351,-0.04755180887755245
1994,-0.1819560727921979,0.04057201070861305,-0.5894179624858389,-0.019825913127387046,-1.0213899748387014,-0.5438601209617652
1994,0.23564656453365068,-0.08878812579041588,-0.803708049629039,0.30704222088905225,-0.24261255641198182,0.6239241427657943
1994,0.23564656453365068,0.04057201070861305,-0.5894179624858389,-0.019825913127387046,-0.3785895659785521,-0.21298791290562327
1994,0.23564656453365068,0.16993214720764083,-0.6965630060574389,-0.019825913127387046,-0.29205874170891666,-0.2616455905609383
1994,0.23564656453365068,0.5580125567047253,-0.6965630060574389,-0.10154294663149696,-0.06955090787271101,0.08868968855732969
1994,0.23564656453365068,0.9460929662018109,-0.6965630060574389,-0.4284110806479362,0.15295692596349464,0.6239241427657943
1994,0.48620814692915987,0.4286524202056975,-0.6965630060574389,-0.18325998013560668,-0.24261255641198182,-0.2616455905609383
1994,0.23564656453365068,0.9460929662018109,-0.5894179624858389,-0.019825913127387046,0.09114919434232642,0.3709042189581564
1994,0.23564656453365068,0.8167328297027819,-0.5894179624858389,0.06189112037672286,0.4990802230420367,0.6433872138279203
1994,0.23564656453365068,2.498414604190149,-1.017998136772239,-1.1638643821849246,0.44963403774510186,0.8380179244491802
1994,0.23564656453365068,1.7222537851959798,-0.3751278753426388,0.06189112037672286,0.5238033156905039,0.6823133559521721
1994,0.23564656453365068,1.8516139216950076,-0.3751278753426388,0.06189112037672286,0.7092265105540085,0.974259421884062
1994,0.40268761946399007,2.369054467691121,-0.3751278753426388,0.06189112037672286,1.2160499098475877,1.091037848256818
1994,0.6532492018594992,2.369054467691121,-0.3751278753426388,-0.10154294663149696,1.4138346510353261,1.4413731273750858
1994,1.0708518391853477,2.8864950136872345,-0.053692744627838615,0.2253251873849425,1.5374501142776624,1.246742416753826
1994,0.6532492018594992,1.2048132391998665,-0.5894179624858389,0.7156273884096014,0.9193727980659804,1.1883532035674478
1994,1.0708518391853477,2.369054467691121,-0.26798283177103865,0.2253251873849425,1.2902191877929896,1.198084739098511
1994,1.0708518391853477,2.6277747406891767,-0.16083778819943864,-0.019825913127387046,1.3520269194141579,0.954796350821936
1994,1.0708518391853477,2.6277747406891767,-0.26798283177103865,-0.34669404714382634,0.4867186767178029,0.5655349295794163
1994,1.3214134215808566,2.1103341946930656,-0.16083778819943864,0.2253251873849425,0.795757334823644,0.4195618966134714
1994,1.0708518391853477,2.498414604190149,-0.16083778819943864,0.2253251873849425,1.104795992929485,0.8574809955113061
1994,1.3214134215808566,2.7571348771882067,-0.16083778819943864,-0.019825913127387046,1.104795992929485,1.100769383787881
1994,1.4884544765111962,1.7222537851959798,-0.6965630060574389,0.7156273884096014,-0.13135863949387921,0.12761583068158153
1994,1.4884544765111962,1.592893648696952,-0.3751278753426388,-0.2649770136397166,0.3631032134754665,0.3222465413028414
1994,1.4884544765111962,1.2048132391998665,-0.16083778819943864,-0.2649770136397166,0.3012954818542982,0.5655349295794163
1994,1.279653157848272,1.2048132391998665,-0.16083778819943864,0.06189112037672286,0.6103341399601393,0.7115079625453612
1994,1.4884544765111962,1.2048132391998665,-0.16083778819943864,-0.4284110806479362,-0.13135863949387921,0.12761583068158153
1994,1.4884544765111962,0.5580125567047253,-0.3751278753426388,0.1436081538808326,-0.007743176251542805,0.3222465413028414
1994,1.4884544765111962,0.16993214720764083,-0.6965630060574389,-0.4284110806479362,-0.3785895659785521,-0.06701487993967836
1994,1.7390160589067052,0.6873726932037542,-0.5894179624858389,-0.18325998013560668,-0.6258204924632249,0.1762735083368965
1994,1.4884544765111962,-0.3475083987884714,-0.3751278753426388,-0.5918451476561558,-1.6147441984019162,-1.0401684330459777
1994,1.9060571138370448,-0.3475083987884714,-0.803708049629039,-0.5918451476561558,-1.243897808674907,-0.6022493341481431
1995,1.9060571138370448,0.2992922837066697,-0.5894179624858389,0.1436081538808326,-0.5640127608420566,0.07895815302626655
1995,1.9060571138370448,-0.08878812579041588,-0.6965630060574389,-0.10154294663149696,-1.6765519300230844,-0.748222367114088
1995,1.9060571138370448,-0.47686853528750034,-0.6965630060574389,-0.8369962481684854,-1.9855905881289255,-1.6727182425650724
1995,1.4049339490460264,-0.08878812579041588,-0.6965630060574389,-0.9187132816725954,-1.0584746138114023,-0.748222367114088
1995,1.4049339490460264,-0.3475083987884714,-0.5251309363428788,-0.18325998013560668,-0.8112436873267296,-0.018357202284363393
1995,1.7390160589067052,-0.08878812579041588,-0.3751278753426388,-0.5101281141520461,-0.6876282240843932,-0.3103032682162532
1995,1.4049339490460264,-0.08878812579041588,-0.5894179624858389,-0.5101281141520461,-0.8730514189478977,-0.3589609458715682
1995,1.4049339490460264,-0.08878812579041588,-0.26798283177103865,-0.34669404714382634,-0.8112436873267296,-0.3103032682162532
1995,2.0730981687673844,-0.08878812579041588,-0.5894179624858389,-0.10154294663149696,-0.3785895659785521,-0.650907011803458
1995,1.9060571138370448,-0.08878812579041588,-0.5894179624858389,-0.4284110806479362,-0.2549741027362156,-0.11567255759499334
1995,1.9060571138370448,0.2992922837066697,-0.5894179624858389,-0.34669404714382634,-0.6876282240843932,-0.553591656492828
1995,2.0730981687673844,0.04057201070861305,-0.48227291891423885,-0.2649770136397166,-0.3785895659785521,-0.40761862352688316
1995,2.1566186962325538,-0.47686853528750034,-0.48227291891423885,-0.34669404714382634,0.4249109450966347,0.7601656402006761
1995,2.1566186962325538,-0.47686853528750034,-0.48227291891423885,-0.34669404714382634,0.4249109450966347,0.7601656402006761
1995,2.3236597511628934,0.4286524202056975,-0.26798283177103865,-0.5918451476561558,0.4867186767178029,1.100769383787881
1995,2.741262388488742,0.5580125567047253,-0.48227291891423885,-0.7552792146643756,0.8575650664448121,0.7115079625453612
1995,2.3236597511628934,0.9460929662018109,-0.26798283177103865,0.2253251873849425,1.0429882613083168,0.954796350821936
1995,2.0730981687673844,1.0754531027008387,-0.26798283177103865,-0.34669404714382634,0.8575650664448121,0.8088233178559912
1995,2.741262388488742,1.4635335121979243,-0.053692744627838615,0.06189112037672286,1.2902191877929896,1.198084739098511
1995,2.741262388488742,-0.0005492804851685446,-0.16083778819943864,0.06189112037672286,0.9811805296871485,1.100769383787881
1995,2.741262388488742,0.9460929662018109,-0.3751278753426388,-0.10154294663149696,0.9811805296871485,1.052111706132566
1995,2.741262388488742,1.0754531027008387,-0.16083778819943864,0.3887592543931621,1.4756423826564942,1.2954000944091408
1995,3.1588650258145905,1.592893648696952,0.05345229894376153,0.2253251873849425,1.722873309141167,1.7333191933069756
1995,3.1588650258145905,1.2048132391998665,-0.053692744627838615,0.06189112037672286,1.4138346510353261,1.2954000944091408
1995,3.1588650258145905,1.3341733756988943,-0.053692744627838615,-0.2649770136397166,0.7339496032024757,0.6141926072347312
1995,3.9940703004662876,2.1103341946930656,-0.48227291891423885,-0.4284110806479362,0.8575650664448121,1.1494270614431958
1995,3.1588650258145905,1.9809740581940354,-0.3751278753426388,-0.18325998013560668,0.9193727980659804,1.003454028477251
1995,3.4094266082100995,2.369054467691121,-0.48227291891423885,-0.019825913127387046,0.9811805296871485,1.100769383787881
1995,3.1588650258145905,2.6277747406891767,-0.48227291891423885,-0.10154294663149696,0.795757334823644,1.100769383787881
1995,3.4094266082100995,1.9809740581940354,-0.48227291891423885,-0.10154294663149696,0.3631032134754665,0.8088233178559912
1995,3.075344498349421,0.04057201070861305,-0.48227291891423885,-0.5101281141520461,-0.31678183435738383,0.14707890174370744
1995,3.576467663140439,1.7222537851959798,-0.16083778819943864,0.6339103549054915,0.795757334823644,1.1494270614431958
1995,1.4049339490460264,0.04057201070861305,-0.48227291891423885,-0.019825913127387046,-0.06955090787271101,-0.08647795100180429
1995,1.2378928941156873,0.5580125567047253,-0.3751278753426388,-0.05251272652903101,-0.3785895659785521,-0.20325637737456032
1995,3.1588650258145905,2.369054467691121,-0.26798283177103865,0.06189112037672286,0.05406455536962541,0.46821957426878635
1995,1.7390160589067052,-0.6062286717865281,-0.31084084919967875,-0.019825913127387046,0.11587228699079362,0.38063575448921955
1995,3.1588650258145905,1.7222537851959798,-0.16083778819943864,-0.019825913127387046,-0.5022050292208885,-0.018357202284363393
1995,2.741262388488742,1.7222537851959798,0.05345229894376153,-0.34669404714382634,-1.0584746138114023,-0.45627630118219814
1995,3.1588650258145905,1.2048132391998665,0.05345229894376153,-0.10154294663149696,-1.0584746138114023,-0.16433023525030832
1995,2.741262388488742,1.592893648696952,0.05345229894376153,-0.34669404714382634,-1.243897808674907,-0.5049339788375131
1995,2.741262388488742,1.2048132391998665,0.48203247323016163,-0.019825913127387046,-0.9966668821902341,-0.650907011803458
1995,-0.0006595061459157986,-0.0005492804851685446,-0.0003393619650962224,0.0006992739401450925,-6.198606669341106e-05,-1.7213759202203875
1996,2.741262388488742,0.2992922837066697,-0.26798283177103865,-0.34669404714382634,-1.7383596616442527,-1.1374837883566078
1996,2.3236597511628934,0.04057201070861305,-0.3751278753426388,-0.18325998013560668,-1.7383596616442527,-0.9428530777353479
1996,2.3236597511628934,-0.08878812579041588,-0.3751278753426388,-0.2649770136397166,-1.6147441984019162,-0.8455377224247179
1996,1.9060571138370448,-0.08878812579041588,-0.6965630060574389,-0.019825913127387046,-0.934859150569066,0.03030047537095158
1996,1.9060571138370448,0.2992922837066697,-0.48227291891423885,-0.5101281141520461,-1.800167393265421,-1.1861414660119227
1996,-0.0006595061459157986,-0.0005492804851685446,-1.017998136772239,-1.1638643821849246,-6.198606669341106e-05,-1.1861414660119227
1996,1.9060571138370448,-0.21814826228944365,-0.26798283177103865,-0.5101281141520461,-1.305705540296075,-0.8455377224247179
1996,1.9060571138370448,0.04057201070861305,-0.3751278753426388,-0.10154294663149696,-0.9966668821902341,0.07895815302626655
1996,1.9060571138370448,0.16993214720764083,-0.3751278753426388,-0.34669404714382634,-1.243897808674907,-0.9428530777353479
1996,1.9060571138370448,1.3341733756988943,-0.26798283177103865,0.30704222088905225,0.3631032134754665,0.6141926072347312
1996,1.9060571138370448,1.0754531027008387,-0.16083778819943864,0.1436081538808326,-0.007743176251542805,0.5168772519241013
1996,1.9060571138370448,1.2048132391998665,-0.48227291891423885,-0.10154294663149696,-0.13135863949387921,-0.16433023525030832
1996,1.9060571138370448,2.1103341946930656,-0.26798283177103865,-0.019825913127387046,1.2284114561718213,1.392715449719771
1996,1.9060571138370448,1.8516139216950076,-0.5894179624858389,-0.2649770136397166,0.11587228699079362,0.1762735083368965
1996,1.9060571138370448,1.7222537851959798,-0.3751278753426388,-0.4284110806479362,-0.13135863949387921,-0.018357202284363393
1996,1.9060571138370448,1.2048132391998665,-0.16083778819943864,0.4214460677948061,0.7339496032024757,0.3709042189581564
1996,1.9060571138370448,1.592893648696952,-0.16083778819943864,-0.019825913127387046,1.104795992929485,0.9061386731666211
1996,1.9060571138370448,1.8516139216950076,0.05345229894376153,0.06189112037672286,1.0429882613083168,0.9061386731666211
1996,1.4884544765111962,0.16993214720764083,-0.26798283177103865,0.06189112037672286,0.9811805296871485,-3.25679597089325
1996,1.9895776413022146,0.5580125567047253,-0.48227291891423885,-0.5918451476561558,1.2902191877929896,-3.25679597089325
1996,1.9060571138370448,0.16993214720764083,-0.48227291891423885,-0.13422976003314074,1.166603724550653,-3.25679597089325
1996,1.7390160589067052,0.2992922837066697,-0.5251309363428788,-0.5918451476561558,0.8575650664448121,-3.25679597089325
1996,1.9060571138370448,-0.0005492804851685446,-0.48227291891423885,0.06189112037672286,0.6721418715813076,-3.25679597089325
1996,1.9895776413022146,0.2992922837066697,-0.26798283177103865,0.2253251873849425,0.4867186767178029,-3.25679597089325
1996,2.0730981687673844,0.4286524202056975,-0.2036958056280787,0.19263837398329853,0.6103341399601393,-3.25679597089325
1996,3.075344498349421,0.04057201070861305,-0.48227291891423885,-0.5101281141520461,-0.31678183435738383,0.14707890174370744
1996,1.4049339490460264,0.04057201070861305,-0.48227291891423885,-0.019825913127387046,-0.06955090787271101,-0.08647795100180429
1996,1.2378928941156873,0.5580125567047253,-0.3751278753426388,-0.05251272652903101,-0.3785895659785521,-0.20325637737456032
1996,1.7390160589067052,-0.6062286717865281,-0.31084084919967875,-0.019825913127387046,0.11587228699079362,0.38063575448921955
1996,1.0708518391853477,-0.47686853528750034,-0.09655076205647867,-0.2976638270413606,-0.9843053358660006,-0.6217124052102689
1996,0.987331311720178,-0.08878812579041588,-0.16083778819943864,-0.34669404714382634,-1.4664056425111127,-1.017785901324533
1996,0.9038107842550085,-0.47686853528750034,-0.5251309363428788,-0.7552792146643756,-1.107920799108337,-0.47573937224432405
1996,0.987331311720178,-0.3475083987884714,-0.26798283177103865,-0.2649770136397166,-0.8730514189478977,0.1762735083368965
1996,0.736769729324669,-0.3475083987884714,-0.26798283177103865,-0.18325998013560668,-1.107920799108337,-0.49520244330645014
1996,0.9038107842550085,-0.3475083987884714,-0.4608439101999188,-0.2486336069388946,-1.5887849511210255,-1.1861414660119227
1997,1.0708518391853477,-0.6062286717865281,-0.6965630060574389,-0.10154294663149696,-0.5640127608420566,0.16654197280583335
1997,0.48620814692915987,-0.21814826228944365,-0.48227291891423885,-0.7552792146643756,-2.2328215146135983,-3.25679597089325
1997,0.6532492018594992,-0.7355888082855571,4.232108998236163,4.474610929598653,-0.9843053358660006,0.09842122408839248
1997,0.48620814692915987,-0.7355888082855571,-0.48227291891423885,-0.2649770136397166,-1.21917471602644,-1.0401684330459777
1997,0.9038107842550085,-0.3475083987884714,-0.48227291891423885,-0.3630374538446483,-0.4898434828966549,-0.660638547334521
1997,0.40268761946399007,-0.8649489447845848,-0.6965630060574389,-0.3957242672462923,-0.6010973998147577,-0.6801016183966471
1997,0.40268761946399007,-0.3475083987884714,-0.5251309363428788,-0.03616931982820903,-0.11899709316964541,0.42929343214453447
1997,0.48620814692915987,-0.6062286717865281,-0.6965630060574389,-0.4447544873487582,-0.8730514189478977,-0.03782027334648931
1997,0.3191670919988205,-0.47686853528750034,-0.5894179624858389,-0.34669404714382634,-0.31678183435738383,-0.04755180887755245
1997,0.3191670919988205,-0.8649489447845848,-0.48227291891423885,0.19263837398329853,-0.007743176251542805,0.06922661749520342
1997,0.6532492018594992,0.16993214720764083,-0.48227291891423885,-0.1505731667339627,0.3631032134754665,-3.25679597089325
1997,0.48620814692915987,-0.7355888082855571,-0.3751278753426388,-0.10154294663149696,0.3012954818542982,0.4390249676755973
1997,0.736769729324669,0.4286524202056975,-0.31084084919967875,-0.4284110806479362,0.6103341399601393,0.6433872138279203
1997,0.736769729324669,1.0754531027008387,-0.0003393619650962224,-0.9187132816725954,0.6103341399601393,-3.25679597089325
1997,0.23564656453365068,-1.1236692177826415,-0.910853093200639,-1.000430315176705,-0.007743176251542805,0.07895815302626655
1997,0.6532492018594992,-0.8649489447845848,-0.26798283177103865,-0.10154294663149696,1.0429882613083168,1.2856685588780776
1997,0.6532492018594992,1.0754531027008387,-0.053692744627838615,-0.23229020023807262,1.3520269194141579,0.9818283941800342
1997,0.6532492018594992,-0.47686853528750034,-0.09655076205647867,-0.13422976003314074,1.104795992929485,0.876944066573432
1997,0.6532492018594992,-0.9943090812836126,-0.26798283177103865,-0.5918451476561558,1.104795992929485,1.071574777194692
1997,0.736769729324669,0.2992922837066697,-0.2894118404853587,-0.2976638270413606,1.166603724550653,1.2564739522848891
1997,0.6532492018594992,0.8167328297027819,-0.31084084919967875,-0.11788635333231894,1.104795992929485,1.4316415918440226
1997,0.6532492018594992,1.0754531027008387,-0.26798283177103865,-0.18325998013560668,1.2284114561718213,1.176459104801294
1997,0.8202902567898386,1.8516139216950076,-0.31084084919967875,-0.4284110806479362,1.166603724550653,0.9937224929461879
1997,0.8202902567898386,1.3341733756988943,-0.16083778819943864,-0.21594679353725066,-1.1944516233779723,1.2088975562471194
1997,0.8202902567898386,1.3341733756988943,-0.31084084919967875,-0.1505731667339627,0.9193727980659804,0.9439835336733277
1997,0.9038107842550085,1.2048132391998665,-0.43941490148559875,-0.5101281141520461,0.9811805296871485,1.0131855640083143
1997,0.987331311720178,0.9460929662018109,-0.675133997343119,-0.2486336069388946,0.7339496032024757,0.9937224929461879
1997,0.987331311720178,1.3341733756988943,-0.5251309363428788,-0.18325998013560668,0.4372724914208685,0.750434104669613
1997,-0.0006595061459157986,0.4286524202056975,-0.3751278753426388,-0.2486336069388946,-6.198606669341106e-05,0.12761583068158153
1997,0.9038107842550085,-0.8649489447845848,-0.3751278753426388,-0.18325998013560668,-0.7494359557055613,-0.4660078367132611
1997,0.6532492018594992,-0.3475083987884714,-0.48227291891423885,-0.5101281141520461,-1.4911287351595799,-1.0888261107012929
1998,0.6532492018594992,-0.9943090812836126,-0.5894179624858389,-0.4284110806479362,-1.1326438917568042,-0.16433023525030832
1998,0.40268761946399007,-0.8649489447845848,-0.48227291891423885,-0.2649770136397166,-1.2315362623506734,-0.7774169737072769
1998,0.3191670919988205,-1.1236692177826415,-0.5894179624858389,-0.019825913127387046,-0.934859150569066,-3.25679597089325
1998,0.23564656453365068,-0.9943090812836126,-0.5894179624858389,-0.08519953993067497,-0.8730514189478977,-0.6217124052102689
1998,0.23564656453365068,-0.3475083987884714,-0.48227291891423885,0.0292043069750789,-0.13135863949387921,-3.25679597089325
1998,0.23564656453365068,1.3341733756988943,-0.3751278753426388,0.0292043069750789,0.4249109450966347,0.6628502848900463
1998,0.3191670919988205,-0.47686853528750034,-0.5894179624858389,-0.4610978940495802,0.6721418715813076,1.1105009193189441
1998,0.3191670919988205,0.04057201070861305,-0.26798283177103865,-0.4284110806479362,0.5979725936359055,-3.25679597089325
1998,0.152126037068481,-0.47686853528750034,-0.26798283177103865,-0.18325998013560668,0.9811805296871485,1.0618432416636292
1998,0.23564656453365068,-0.3475083987884714,-0.43941490148559875,-0.18325998013560668,0.9811805296871485,1.178621668036385
1998,0.152126037068481,0.16993214720764083,-0.26798283177103865,-0.18325998013560668,1.3520269194141579,1.1396955259121329
1998,0.23564656453365068,2.1103341946930656,-0.48227291891423885,-0.23229020023807262,1.2284114561718213,1.3440577720644558
1998,0.152126037068481,1.7222537851959798,-0.5251309363428788,-0.1669165734347847,0.8575650664448121,1.4521859445236942
1998,0.3191670919988205,-0.3475083987884714,-0.48227291891423885,-0.6735621811602658,-0.5022050292208885,-0.10594102206393038
1998,0.23564656453365068,0.16993214720764083,-0.48227291891423885,-0.4610978940495802,-0.3785895659785521,-0.14486716418818238
1999,0.40268761946399007,0.04057201070861305,-0.5251309363428788,-0.4284110806479362,-1.1202823454325705,-0.07674641547074132
1999,0.3191670919988205,-0.6062286717865281,-0.5251309363428788,-0.2649770136397166,-0.3785895659785521,-3.25679597089325
1999,0.9038107842550085,3.0158551501862623,-0.3751278753426388,-0.6735621811602658,1.104795992929485,-3.25679597089325
1999,1.9060571138370448,2.6277747406891767,-0.26798283177103865,-0.18325998013560668,1.2284114561718213,1.4219100563129599
1999,-0.43251765518770696,1.8516139216950076,0.22488436865832154,0.7973444219137114,1.104795992929485,1.3635208431265817
1999,1.9060571138370448,1.7222537851959798,-0.053692744627838615,-0.4284110806479362,1.104795992929485,1.2954000944091408
1999,1.4884544765111962,1.2048132391998665,-0.5894179624858389,-0.8369962481684854,1.104795992929485,1.1202324548500069
1999,1.9060571138370448,0.6873726932037542,0.16059734251536145,-0.2649770136397166,0.9811805296871485,1.1202324548500069
1999,1.9060571138370448,2.2396943311920934,-0.0003393619650962224,0.0006992739401450925,1.4756423826564942,1.4900308050304008
1999,1.9060571138370448,2.498414604190149,-0.0003393619650962224,0.0006992739401450925,1.3520269194141579,1.4900308050304008
1999,1.9060571138370448,1.9809740581940354,-0.0003393619650962224,0.0006992739401450925,1.5992578458988307,1.6846615156516607
1999,-0.5160381826528768,2.1103341946930656,-0.0003393619650962224,0.0006992739401450925,1.104795992929485,1.198084739098511
1999,1.9060571138370448,1.0754531027008387,-0.0003393619650962224,0.0006992739401450925,1.2284114561718213,1.4900308050304008
1999,0.152126037068481,1.3341733756988943,-0.48227291891423885,-0.7552792146643756,1.722873309141167,-3.25679597089325
1999,0.9038107842550085,1.3341733756988943,-0.26798283177103865,0.3887592543931621,1.2284114561718213,0.8845130388694042
1999,0.23564656453365068,1.0754531027008387,11.303681873961768,8.233594470787706,1.9701042356258398,-3.25679597089325
1999,-0.5995587101180465,0.2992922837066697,2.6249333446621628,1.7779488239630294,2.0319119672470083,-3.25679597089325
1999,1.2378928941156873,1.7222537851959798,0.8034676039449619,0.30704222088905225,1.2284114561718213,0.8845130388694042
1999,-0.5995587101180465,0.5580125567047253,-0.053692744627838615,1.4510806899465898,-0.007743176251542805,-3.25679597089325
1999,0.23564656453365068,0.8167328297027819,0.5891775168017618,0.06189112037672286,-0.007743176251542805,-0.012950793223482356
1999,-0.5160381826528768,0.16993214720764083,0.16059734251536145,0.06189112037672286,0.23948775023313004,-3.25679597089325
1999,-0.5995587101180465,0.16993214720764083,0.05345229894376153,1.2876466229383705,-0.13135863949387921,-3.25679597089325
1999,1.0708518391853477,-1.8998300367768104,-0.22512481434239873,-0.4284110806479362,-0.2549741027362156,0.2573696374380368
1999,-0.5160381826528768,-0.7355888082855571,0.05345229894376153,-0.34669404714382634,0.11587228699079362,-3.25679597089325
1999,0.23564656453365068,-0.21814826228944365,-0.48227291891423885,-0.7552792146643756,-0.13135863949387921,-3.25679597089325
1999,-0.5995587101180465,0.6873726932037542,0.05345229894376153,-0.34669404714382634,3.0826434048068676,0.6358182415319481
1999,-0.3489971277225373,1.8516139216950076,-0.053692744627838615,-0.4284110806479362,0.795757334823644,-3.25679597089325
1999,-0.2654766002573676,0.2992922837066697,0.9106126475165618,0.9607784889219312,3.0208356731856996,0.6358182415319481
1999,-0.0006595061459157986,0.6873726932037542,-0.5894179624858389,-0.8369962481684854,-6.198606669341106e-05,0.6358182415319481
1999,-0.5995587101180465,0.5580125567047253,0.2677423860869616,0.30704222088905225,-0.007743176251542805,-3.25679597089325
1999,-0.43251765518770696,0.8167328297027819,0.16059734251536145,-0.2649770136397166,-0.13135863949387921,-3.25679597089325
1999,-0.5995587101180465,1.0754531027008387,1.124902734659762,1.2059295894342605,-0.3785895659785521,-0.012950793223482356
1999,0.23564656453365068,0.2992922837066697,-0.26798283177103865,-0.5918451476561558,-0.2549741027362156,-3.25679597089325
1999,0.23564656453365068,1.2048132391998665,10.660811612532166,7.743292269763047,-0.5022050292208885,-0.012950793223482356
1999,-0.5995587101180465,2.1103341946930656,1.3391928218029618,0.9607784889219312,-6.198606669341106e-05,-1.2456119609131615
1999,-0.5995587101180465,2.2396943311920934,0.5891775168017618,1.0424955224260406,-0.8730514189478977,-0.6076557428197626
1999,-0.0006595061459157986,0.9460929662018109,0.3748874296585615,-0.10154294663149696,-6.198606669341106e-05,-0.553591656492828
1999,-0.0006595061459157986,1.3341733756988943,0.16059734251536145,0.06189112037672286,-6.198606669341106e-05,-0.4454634840335897
1999,-0.0006595061459157986,0.9460929662018109,-0.675133997343119,-0.9023698749717733,-6.198606669341106e-05,-0.4995275697766321
1999,0.23564656453365068,2.498414604190149,-0.053692744627838615,0.1436081538808326,-0.8730514189478977,-0.6617198290493819
1999,-0.5160381826528768,-0.21814826228944365,-0.5894179624858389,-0.5101281141520461,-1.6147441984019162,-1.0401684330459777
1999,0.23564656453365068,-0.3475083987884714,0.2677423860869616,0.1436081538808326,-1.243897808674907,-0.9428530777353479
1999,-0.5995587101180465,1.0754531027008387,1.2320477782313621,1.0424955224260406,-1.6147441984019162,-1.0401684330459777
1999,-0.5160381826528768,-0.3475083987884714,0.3748874296585615,-0.10154294663149696,-1.6147441984019162,-1.0401684330459777
1999,-0.43251765518770696,-0.3475083987884714,-0.5894179624858389,-0.8369962481684854,-1.3675132719172434,-1.0401684330459777
2000,0.23564656453365068,-0.3475083987884714,0.2677423860869616,0.07823452707754484,-1.7383596616442527,-0.8239120879328703
2000,-0.5995587101180465,0.04057201070861305,1.8749180396609622,1.0424955224260406,-1.7383596616442527,-0.8239120879328703
2000,0.6532492018594992,0.04057201070861305,-1.017998136772239,-0.5918451476561558,-1.861975124886589,-0.9320402604894241
2000,0.23564656453365068,-0.08878812579041588,-0.3751278753426388,-0.6735621811602658,-1.6147441984019162,-0.7698480016059357
2000,0.23564656453365068,0.4286524202056975,-0.803708049629039,-0.6735621811602658,-0.9966668821902341,-0.9320402604894241
2000,-0.5327422881459107,1.0754531027008387,0.9106126475165618,0.470476287897272,-1.1202823454325705,-0.9320402604894241
2000,0.23564656453365068,0.5580125567047253,0.6963225603733617,0.1436081538808326,-1.0090284285144677,-0.9320402604894241
2000,0.40268761946399007,0.8167328297027819,-0.26798283177103865,-0.5918451476561558,-0.9966668821902341,-0.9320402604894241
2000,-0.5995587101180465,1.7222537851959798,1.9820630832325623,1.1242125559301506,-1.0584746138114023,-0.9320402604894241
2000,0.40268761946399007,-0.21814826228944365,-0.5894179624858389,-0.6735621811602658,-6.198606669341106e-05,-2.3377065038219387
2000,0.40268761946399007,0.8167328297027819,-0.33226985791399877,-0.6408753677586219,-0.5022050292208885,-0.12107896665587438
2000,0.152126037068481,0.9460929662018109,0.6963225603733617,0.1436081538808326,-0.2549741027362156,-0.012950793223482356
2000,-0.5995587101180465,-0.21814826228944365,0.8034676039449619,0.30704222088905225,-0.5022050292208885,0.0951773792357562
2000,0.6532492018594992,1.2048132391998665,0.8034676039449619,0.552193321401382,-0.3785895659785521,-0.12107896665587438
2000,0.23564656453365068,1.8516139216950076,0.3748874296585615,0.11092134047918863,-0.5022050292208885,-0.8239120879328703
2000,-0.5995587101180465,1.592893648696952,0.6963225603733617,0.30704222088905225,-0.5022050292208885,-0.8239120879328703
2000,0.6532492018594992,0.8167328297027819,-0.48227291891423885,-0.7552792146643756,-0.6876282240843932,-0.6617198290493819
2000,0.23564656453365068,0.4286524202056975,0.6963225603733617,0.19263837398329853,-0.5022050292208885,-0.6617198290493819
2000,0.6532492018594992,1.8516139216950076,-0.16083778819943864,-0.4284110806479362,-0.7494359557055613,-0.8239120879328703
2000,-0.5995587101180465,1.8516139216950076,1.2320477782313621,0.9607784889219312,0.23948775023313004,-3.25679597089325
2000,0.6532492018594992,-0.21814826228944365,-0.3751278753426388,-0.6735621811602658,0.3631032134754665,-3.25679597089325
2000,0.23564656453365068,1.592893648696952,0.3748874296585615,0.2253251873849425,0.3631032134754665,-3.25679597089325
2000,0.6532492018594992,2.498414604190149,-0.48227291891423885,-0.10154294663149696,-0.007743176251542805,-3.25679597089325
2000,0.23564656453365068,-0.21814826228944365,0.05345229894376153,0.470476287897272,0.11587228699079362,-3.25679597089325
2000,-0.5995587101180465,0.5580125567047253,1.2320477782313621,1.3693636564424803,0.17768001861196184,0.7980105007073827
2000,-0.1819560727921979,-0.08878812579041588,0.8034676039449619,0.3887592543931621,0.6103341399601393,0.7980105007073827
2000,0.23564656453365068,0.4286524202056975,-0.803708049629039,-1.000430315176705,0.9193727980659804,0.7980105007073827
2000,0.23564656453365068,0.9460929662018109,-0.48227291891423885,-0.18325998013560668,0.17768001861196184,0.7980105007073827
2000,-0.1819560727921979,0.8167328297027819,0.16059734251536145,-0.2649770136397166,-6.198606669341106e-05,0.7980105007073827
2000,0.40268761946399007,1.9809740581940354,-0.26798283177103865,-0.5101281141520461,0.6103341399601393,0.5817541557889059
2000,-0.5995587101180465,1.4635335121979243,0.2677423860869616,1.2876466229383705,1.104795992929485,0.5817541557889059
2000,0.23564656453365068,1.3341733756988943,0.6963225603733617,0.2253251873849425,1.104795992929485,0.5817541557889059
2000,0.23564656453365068,2.7571348771882067,-0.26798283177103865,-0.5101281141520461,1.104795992929485,0.5817541557889059
2000,0.6532492018594992,3.274575423184318,7.446460305384165,6.10895159968085,1.4756423826564942,0.5817541557889059
2000,-0.0006595061459157986,-0.0005492804851685446,-0.0003393619650962224,0.0006992739401450925,-6.198606669341106e-05,-0.12648537474360178
2000,0.23564656453365068,1.0754531027008387,-0.6965630060574389,-0.9187132816725954,-0.3785895659785521,-0.12107896665587438
2000,-0.1819560727921979,1.0754531027008387,-0.053692744627838615,-0.4284110806479362,-0.3785895659785521,-0.12107896665587438
2000,-0.5995587101180465,1.3341733756988943,-0.910853093200639,1.3693636564424803,-0.3785895659785521,-0.553591656492828
2000,-0.1819560727921979,0.8167328297027819,0.2677423860869616,-0.18325998013560668,-0.3785895659785521,-0.12107896665587438
2000,0.23564656453365068,3.0158551501862623,-0.26798283177103865,-0.5918451476561558,1.2284114561718213,0.6898823282481443
2000,-0.5995587101180465,0.6873726932037542,0.48203247323016163,1.0424955224260406,-6.198606669341106e-05,1.003454028477251
2000,0.23564656453365068,1.0754531027008387,-0.16083778819943864,-0.34669404714382634,1.104795992929485,0.6358182415319481
2000,0.23564656453365068,1.8516139216950076,-0.803708049629039,-0.5918451476561558,1.104795992929485,0.6358182415319481
2000,0.6532492018594992,1.592893648696952,-0.26798283177103865,-0.19960338683642867,0.9811805296871485,0.7277271887548509
2000,-0.5995587101180465,1.3341733756988943,0.5891775168017618,1.3693636564424803,1.3520269194141579,1.100769383787881
2000,0.23564656453365068,2.1103341946930656,-1.017998136772239,-1.0821473486808149,1.4756423826564942,1.198084739098511
2000,0.23564656453365068,2.1103341946930656,-0.053692744627838615,-0.4284110806479362,1.3520269194141579,1.198084739098511
2000,0.23564656453365068,1.0754531027008387,0.05345229894376153,-0.34669404714382634,1.5374501142776624,1.2954000944091408
2000,0.6532492018594992,1.7222537851959798,-0.053692744627838615,0.1436081538808326,0.9811805296871485,1.2305231905443363
2000,-0.5995587101180465,1.8516139216950076,0.2677423860869616,1.3693636564424803,1.104795992929485,1.003454028477251
2000,0.06860550960331128,1.2048132391998665,-0.33226985791399877,0.06189112037672286,1.5992578458988307,1.100769383787881
2000,-0.5912066573715294,1.3341733756988943,-0.053692744627838615,-0.4284110806479362,1.722873309141167,1.100769383787881
2000,0.23564656453365068,0.5580125567047253,-0.803708049629039,-1.000430315176705,1.5992578458988307,1.4900308050304008
2000,0.23564656453365068,1.8516139216950076,-0.26798283177103865,0.06189112037672286,1.104795992929485,0.9061386731666211
2000,-0.5577984463854616,1.0754531027008387,0.05345229894376153,-0.34669404714382634,0.8575650664448121,0.9602027598828169
2000,-0.5995587101180465,1.2048132391998665,0.3748874296585615,0.1436081538808326,0.8575650664448121,0.9602027598828169
2000,0.23564656453365068,0.4286524202056975,-1.1251431803438392,-1.000430315176705,0.7339496032024757,0.9602027598828169
2000,-0.1819560727921979,1.0754531027008387,-0.16083778819943864,-0.5101281141520461,0.8575650664448121,0.9602027598828169
2000,0.23564656453365068,1.3341733756988943,-0.26798283177103865,-0.34669404714382634,0.8575650664448121,0.9602027598828169
2000,-0.5995587101180465,-0.9943090812836126,0.2677423860869616,-0.18325998013560668,1.3520269194141579,1.2305231905443363
2000,-0.5995587101180465,-2.0291901732758393,0.2677423860869616,1.3693636564424803,1.2284114561718213,1.2305231905443363
2000,0.6532492018594992,1.2048132391998665,0.16059734251536145,-0.13422976003314074,1.2284114561718213,1.2305231905443363
2000,0.23564656453365068,-1.1236692177826415,-0.6322759799144789,-0.8696830615701294,1.3520269194141579,1.2305231905443363
2000,-0.5995587101180465,-0.6062286717865281,0.16059734251536145,-0.2649770136397166,1.3520269194141579,1.2305231905443363
2000,0.23564656453365068,1.9809740581940354,-0.48227291891423885,-0.5101281141520461,0.4867186767178029,0.5817541557889059
2000,-0.5995587101180465,1.4635335121979243,0.16059734251536145,1.2059295894342605,0.7339496032024757,0.5817541557889059
2000,-0.5995587101180465,0.8167328297027819,-0.3751278753426388,-0.6735621811602658,0.4867186767178029,0.5817541557889059
2000,-0.5995587101180465,1.4635335121979243,-0.053692744627838615,-0.4284110806479362,0.7339496032024757,0.5817541557889059
2000,-0.5995587101180465,0.4286524202056975,0.2677423860869616,-0.18325998013560668,0.8575650664448121,0.6358182415319481
2000,-0.5995587101180465,1.0754531027008387,0.8034676039449619,0.2253251873849425,0.3631032134754665,0.6358182415319481
2000,-0.5995587101180465,1.2048132391998665,0.05345229894376153,-0.34669404714382634,0.3631032134754665,0.6358182415319481
2000,-0.5995587101180465,1.7222537851959798,0.3748874296585615,1.4510806899465898,0.3631032134754665,0.6141926072347312
2000,-0.5995587101180465,0.9460929662018109,-0.16083778819943864,-0.5101281141520461,0.3631032134754665,0.6358182415319481
2000,0.23564656453365068,1.8516139216950076,-0.6965630060574389,-0.5101281141520461,0.23948775023313004,0.6358182415319481
2000,-0.5995587101180465,1.8516139216950076,0.16059734251536145,1.2386164028359046,0.23948775023313004,0.4195618966134714
2000,-0.5995587101180465,-0.0005492804851685446,-0.26798283177103865,-0.019825913127387046,0.4867186767178029,0.5276900690727098
2000,-0.5995587101180465,1.2048132391998665,-0.3751278753426388,-0.6735621811602658,0.3631032134754665,0.4195618966134714
2000,0.23564656453365068,-0.0005492804851685446,-0.3751278753426388,-0.34669404714382634,0.23948775023313004,0.36549780989727554
2000,0.06860550960331128,0.9460929662018109,-0.910853093200639,-1.0821473486808149,0.23948775023313004,0.5276900690727098
2000,0.06860550960331128,1.8516139216950076,-0.48227291891423885,-0.10154294663149696,1.104795992929485,1.2305231905443363
2000,0.23564656453365068,1.8516139216950076,0.5891775168017618,1.6962317904589197,1.104795992929485,1.2305231905443363
2000,0.23564656453365068,1.7222537851959798,-0.910853093200639,-1.0821473486808149,1.4756423826564942,1.2845872772605325
2000,0.3191670919988205,1.4635335121979243,0.05345229894376153,-0.10154294663149696,2.0937196988681763,1.2845872772605325
2000,0.6532492018594992,1.2048132391998665,-0.3751278753426388,-0.6735621811602658,0.9811805296871485,1.2305231905443363
2000,-0.5995587101180465,2.1103341946930656,0.3748874296585615,0.470476287897272,0.17768001861196184,0.311433724154233
2000,1.0708518391853477,1.9809740581940354,-0.910853093200639,-0.8369962481684854,0.4867186767178029,0.36549780989727554
2000,0.23564656453365068,1.9809740581940354,0.22488436865832154,-0.21594679353725066,0.3631032134754665,0.36549780989727554
2000,0.23564656453365068,2.1103341946930656,-0.5679889537715188,-0.6735621811602658,0.17768001861196184,0.311433724154233
2000,-0.1819560727921979,1.592893648696952,-0.5894179624858389,-0.8369962481684854,0.4249109450966347,0.36549780989727554
2000,-0.5995587101180465,1.3341733756988943,0.2677423860869616,-0.18325998013560668,-0.2549741027362156,-0.12107896665587438
2000,0.23564656453365068,1.4635335121979243,-0.26798283177103865,-0.5918451476561558,-0.3785895659785521,-0.12107896665587438
2000,-0.5995587101180465,2.1103341946930656,1.446337865374562,1.0424955224260406,-0.4403972975997203,-0.12107896665587438
2000,0.23564656453365068,2.6277747406891767,-0.48227291891423885,-0.7552792146643756,-0.2549741027362156,-0.1372981918922104
2000,0.23564656453365068,1.2048132391998665,-0.910853093200639,-1.065803941979993,-0.5022050292208885,-0.12107896665587438
2000,-0.5995587101180465,2.369054467691121,0.3748874296585615,1.0424955224260406,-0.6258204924632249,-0.2832712248581553
2000,0.6532492018594992,0.8167328297027819,-0.3751278753426388,-0.6735621811602658,-0.5022050292208885,-0.2832712248581553
2000,0.23564656453365068,3.5332956961823756,-0.26798283177103865,-0.2649770136397166,-0.6258204924632249,-0.2832712248581553
2000,0.23564656453365068,0.4286524202056975,-0.053692744627838615,-0.019825913127387046,-0.6258204924632249,-0.2832712248581553
2000,0.23564656453365068,0.2992922837066697,-0.48227291891423885,-0.7552792146643756,-0.6258204924632249,-0.2832712248581553
2000,0.23564656453365068,-0.0005492804851685446,-0.48227291891423885,-0.4284110806479362,-1.305705540296075,-0.8239120879328703
2000,0.23564656453365068,1.0754531027008387,0.48203247323016163,-0.019825913127387046,-1.305705540296075,-0.8239120879328703
2000,-0.5995587101180465,2.7571348771882067,1.2320477782313621,0.8790614554178212,-1.3675132719172434,-0.8239120879328703
2000,0.23564656453365068,1.2048132391998665,-0.910853093200639,-1.0821473486808149,-1.305705540296075,-0.8239120879328703
2000,0.6532492018594992,0.8167328297027819,-0.48227291891423885,-0.18325998013560668,-1.243897808674907,-0.8239120879328703
2000,-0.5995587101180465,2.1103341946930656,1.124902734659762,1.1242125559301506,-0.9966668821902341,-0.9212274432435003
2000,0.23564656453365068,0.9460929662018109,-0.3751278753426388,-0.6735621811602658,-0.8730514189478977,-0.9104146259975765
2000,0.6532492018594992,0.9460929662018109,-0.6965630060574389,-0.5918451476561558,-1.305705540296075,-0.9104146259975765
2000,0.23564656453365068,2.1103341946930656,-0.7822790409147189,0.0006992739401450925,-1.0584746138114023,-0.9212274432435003
2000,0.23564656453365068,1.3341733756988943,0.3748874296585615,-0.10154294663149696,-1.1202823454325705,-0.8779761741624893
2001,-0.5995587101180465,2.1103341946930656,1.0177576910881618,0.7973444219137114,-1.4911287351595799,-0.9320402604894241
2001,0.23564656453365068,0.9460929662018109,0.5891775168017618,0.06189112037672286,-1.6147441984019162,-0.8779761741624893
2001,0.23564656453365068,2.6277747406891767,-0.3536988666283188,-0.6572187744594438,-1.3675132719172434,-0.9320402604894241
2001,1.0708518391853477,0.9460929662018109,-0.22512481434239873,-0.559158334254512,-1.4911287351595799,-0.8779761741624893
2001,0.23564656453365068,1.4635335121979243,0.05345229894376153,-0.34669404714382634,-1.6147441984019162,-0.9320402604894241
2001,-0.5995587101180465,2.6277747406891767,1.2320477782313621,0.9607784889219312,-1.6147441984019162,-1.1591094228484553
2001,0.23564656453365068,2.7571348771882067,-0.910853093200639,-1.0821473486808149,-1.243897808674907,-1.1861414660119227
2001,0.23564656453365068,1.0754531027008387,-0.48227291891423885,-0.7552792146643756,-1.4911287351595799,-1.1591094228484553
2001,0.23564656453365068,1.592893648696952,0.3748874296585615,-0.10154294663149696,-1.6147441984019162,-1.1591094228484553
2001,0.23564656453365068,1.4635335121979243,0.16059734251536145,-0.2649770136397166,-1.7383596616442527,-1.1591094228484553
2001,0.23564656453365068,0.9460929662018109,0.16059734251536145,-0.2649770136397166,-0.9966668821902341,-0.4454634840335897
2001,0.23564656453365068,2.1103341946930656,-0.6322759799144789,-0.7062489945619096,-0.8730514189478977,-0.4995275697766321
2001,0.6532492018594992,0.8167328297027819,-0.5894179624858389,-0.8369962481684854,-0.9966668821902341,-0.4454634840335897
2001,0.23564656453365068,1.0754531027008387,0.5891775168017618,0.06189112037672286,-0.8730514189478977,-0.4454634840335897
2001,-0.5995587101180465,1.9809740581940354,1.2320477782313621,1.0424955224260406,-0.9966668821902341,-0.4454634840335897
2001,-0.5995587101180465,1.8516139216950076,0.2677423860869616,0.30704222088905225,-0.5022050292208885,0.0951773792357562
2001,0.23564656453365068,0.6873726932037542,0.05345229894376153,-0.34669404714382634,-0.7494359557055613,0.0951773792357562
2001,0.23564656453365068,2.498414604190149,-0.6965630060574389,-0.6735621811602658,-0.8730514189478977,0.06814533587765811
2001,0.6532492018594992,0.6873726932037542,-0.26798283177103865,-0.5918451476561558,-0.7494359557055613,0.0951773792357562
2001,0.23564656453365068,0.8167328297027819,0.48203247323016163,-0.019825913127387046,-0.9966668821902341,0.0951773792357562
2001,-0.5995587101180465,1.9809740581940354,0.16059734251536145,1.0424955224260406,-0.6258204924632249,-0.4454634840335897
2001,0.40268761946399007,2.6277747406891767,-0.3751278753426388,-0.2649770136397166,-0.5022050292208885,-0.45627630118219814
2001,0.23564656453365068,0.8167328297027819,-0.48227291891423885,-0.2649770136397166,-0.6258204924632249,-0.4454634840335897
2001,-0.1819560727921979,1.0754531027008387,0.2677423860869616,0.1436081538808326,-0.5640127608420566,-0.4454634840335897
2001,-0.0006595061459157986,0.8167328297027819,-0.26798283177103865,-0.5918451476561558,-6.198606669341106e-05,-0.4454634840335897
2001,0.23564656453365068,0.2992922837066697,0.6963225603733617,0.1436081538808326,-0.9966668821902341,-1.0401684330459777
2001,0.23564656453365068,1.4635335121979243,0.16059734251536145,-0.2649770136397166,-1.1202823454325705,-1.0401684330459777
2001,-0.5995587101180465,2.369054467691121,0.3748874296585615,1.2059295894342605,-0.9966668821902341,-1.0401684330459777
2001,0.23564656453365068,2.8864950136872345,-0.5894179624858389,-0.5101281141520461,-0.9966668821902341,-1.0023235726365867
2001,0.6532492018594992,0.6873726932037542,0.16059734251536145,-0.2649770136397166,-1.1202823454325705,-1.0401684330459777
2001,0.6532492018594992,-0.0005492804851685446,-0.48227291891423885,-0.7552792146643756,1.104795992929485,0.6358182415319481
2001,-0.5995587101180465,-0.0005492804851685446,0.2677423860869616,0.552193321401382,0.4867186767178029,0.5276900690727098
2001,0.23564656453365068,-0.0005492804851685446,-0.48227291891423885,-0.18325998013560668,0.3631032134754665,0.4736259833296672
2001,0.23564656453365068,-0.0005492804851685446,0.16059734251536145,0.30704222088905225,0.4867186767178029,0.6358182415319481
2001,0.23564656453365068,-0.0005492804851685446,0.05345229894376153,-0.34669404714382634,0.6103341399601393,0.5276900690727098
2001,1.0708518391853477,2.7571348771882067,-0.48227291891423885,0.06189112037672286,0.23948775023313004,0.5817541557889059
2001,0.23564656453365068,1.592893648696952,0.5891775168017618,0.06189112037672286,0.3631032134754665,0.6358182415319481
2001,-0.5995587101180465,2.7571348771882067,0.5891775168017618,1.0424955224260406,0.17768001861196184,0.6358182415319481
2001,1.0708518391853477,1.0754531027008387,-0.6965630060574389,-0.9187132816725954,0.4867186767178029,0.6358182415319481
2001,0.23564656453365068,1.2048132391998665,-0.26798283177103865,-0.5918451476561558,0.6103341399601393,0.6898823282481443
2001,1.0708518391853477,1.8516139216950076,-0.803708049629039,-1.000430315176705,0.3631032134754665,0.2033055516949946
2001,0.23564656453365068,1.7222537851959798,-0.26798283177103865,-0.5918451476561558,0.17768001861196184,0.2033055516949946
2001,0.23564656453365068,2.498414604190149,-0.6965630060574389,-0.18325998013560668,0.4867186767178029,0.2573696374380368
2001,1.0708518391853477,1.9809740581940354,-1.1037141716295191,-1.2292380089882127,0.8575650664448121,0.2573696374380368
2001,-0.5995587101180465,1.9809740581940354,0.3748874296585615,0.8790614554178212,0.17768001861196184,0.2033055516949946
2001,1.9060571138370448,0.5580125567047253,-0.43941490148559875,-0.7225924012627316,0.7339496032024757,0.6358182415319481
2001,-0.5995587101180465,1.2048132391998665,0.3748874296585615,0.7156273884096014,0.6103341399601393,0.5817541557889059
2001,1.9060571138370448,1.3341733756988943,-0.16083778819943864,0.06189112037672286,0.7339496032024757,0.7439464139911866
2001,1.9060571138370448,1.4635335121979243,-0.910853093200639,-1.0821473486808149,0.9811805296871485,0.7439464139911866
2001,0.23564656453365068,2.1103341946930656,-0.26798283177103865,0.06189112037672286,0.23948775023313004,0.5276900690727098
2001,0.23564656453365068,1.9809740581940354,0.5891775168017618,0.06189112037672286,0.7339496032024757,0.5817541557889059
2001,1.0708518391853477,1.7222537851959798,-0.910853093200639,-1.0821473486808149,0.7339496032024757,0.5817541557889059
2001,1.0708518391853477,1.4635335121979243,-0.48227291891423885,-0.7552792146643756,0.6103341399601393,0.5817541557889059
2001,1.0708518391853477,2.6277747406891767,-0.26798283177103865,-0.5918451476561558,0.6103341399601393,0.5763477467280247
2001,-0.5995587101180465,2.498414604190149,0.16059734251536145,0.7973444219137114,0.6103341399601393,0.5817541557889059
2001,-0.5995587101180465,1.9809740581940354,-0.053692744627838615,0.2253251873849425,0.9811805296871485,0.9061386731666211
2001,1.0708518391853477,1.4635335121979243,-0.910853093200639,-1.0821473486808149,1.3520269194141579,0.9602027598828169
2001,0.23564656453365068,1.8516139216950076,0.48203247323016163,-0.019825913127387046,1.2284114561718213,0.9602027598828169
2001,1.0708518391853477,1.8516139216950076,-0.26798283177103865,-0.5918451476561558,0.8575650664448121,0.9061386731666211
2001,1.0708518391853477,1.592893648696952,-0.48227291891423885,-0.7552792146643756,1.104795992929485,0.9061386731666211
2001,-0.5995587101180465,2.2396943311920934,-0.26798283177103865,0.8790614554178212,1.0429882613083168,0.7980105007073827
2001,2.3236597511628934,1.9809740581940354,-0.5894179624858389,-0.019825913127387046,0.9811805296871485,0.7980105007073827
2001,1.9060571138370448,1.4635335121979243,-0.26798283177103865,-0.18325998013560668,1.104795992929485,0.8520745864504252
2001,1.4884544765111962,0.9460929662018109,-0.5894179624858389,-0.8369962481684854,0.9811805296871485,0.7980105007073827
2001,1.9060571138370448,1.2048132391998665,-0.6322759799144789,-0.8696830615701294,-6.198606669341106e-05,0.7980105007073827
2001,-0.0006595061459157986,-0.0005492804851685446,-0.0003393619650962224,0.0006992739401450925,-6.198606669341106e-05,0.6898823282481443
2001,1.9060571138370448,3.403935559683348,-0.48227291891423885,-0.7552792146643756,0.6103341399601393,0.6358182415319481
2001,-0.5995587101180465,2.7571348771882067,-1.017998136772239,0.552193321401382,0.7339496032024757,0.6898823282481443
2001,-0.0006595061459157986,-0.0005492804851685446,-0.0003393619650962224,0.0006992739401450925,-6.198606669341106e-05,-3.25679597089325
2001,0.6532492018594992,2.6277747406891767,-0.053692744627838615,-0.4284110806479362,0.9811805296871485,0.6358182415319481
2001,-0.5995587101180465,2.7571348771882067,-0.053692744627838615,0.470476287897272,1.5992578458988307,1.176459104801294
2001,1.9060571138370448,2.498414604190149,-0.26798283177103865,-0.10154294663149696,1.4756423826564942,1.0683309323420556
2001,1.9060571138370448,1.4635335121979243,-0.6965630060574389,-0.9187132816725954,1.4756423826564942,1.2845872772605325
2001,1.9060571138370448,1.7222537851959798,-0.5894179624858389,-0.8369962481684854,1.5992578458988307,1.176459104801294
2001,1.9060571138370448,1.7222537851959798,-0.3751278753426388,0.552193321401382,1.4756423826564942,1.5008436221790091
2001,-0.5995587101180465,2.2396943311920934,-0.6965630060574389,1.0424955224260406,1.104795992929485,1.0683309323420556
2001,1.9060571138370448,0.6873726932037542,-0.48227291891423885,-0.7552792146643756,1.104795992929485,1.0683309323420556
2001,2.1566186962325538,0.9460929662018109,-0.26798283177103865,0.8790614554178212,1.166603724550653,1.0683309323420556
2001,1.4884544765111962,0.9460929662018109,-0.48227291891423885,-0.7552792146643756,1.2284114561718213,1.0683309323420556
2001,1.9060571138370448,1.9809740581940354,-0.48227291891423885,0.1436081538808326,0.9811805296871485,1.030486071835349
2001,1.9060571138370448,-8.885277407724335,-0.3751278753426388,0.552193321401382,0.9811805296871485,0.8520745864504252
2001,1.4884544765111962,0.8167328297027819,-0.910853093200639,-0.8369962481684854,0.8575650664448121,0.8520745864504252
2001,1.9060571138370448,0.9460929662018109,-0.6965630060574389,-0.9187132816725954,0.8575650664448121,0.8520745864504252
2001,1.9060571138370448,1.7222537851959798,-0.3751278753426388,-0.34669404714382634,0.8575650664448121,0.8520745864504252
2001,-0.5995587101180465,1.7222537851959798,0.16059734251536145,0.7156273884096014,0.8575650664448121,0.8520745864504252
2001,2.3236597511628934,0.6873726932037542,-0.803708049629039,-1.000430315176705,0.6103341399601393,0.9602027598828169
2001,1.0708518391853477,2.2396943311920934,0.2677423860869616,0.2253251873849425,0.7339496032024757,0.9061386731666211
2001,1.0708518391853477,1.9809740581940354,-0.6965630060574389,-0.9187132816725954,0.7339496032024757,0.9602027598828169
2001,-0.5995587101180465,2.2396943311920934,0.6963225603733617,0.3887592543931621,0.6103341399601393,0.9602027598828169
2001,1.9060571138370448,1.7222537851959798,-0.5894179624858389,-0.6735621811602658,0.6103341399601393,0.9602027598828169
2001,1.9060571138370448,0.6873726932037542,-0.48227291891423885,-0.7552792146643756,0.6103341399601393,0.6898823282481443
2001,1.9060571138370448,1.4635335121979243,-0.5894179624858389,-0.8369962481684854,0.6103341399601393,0.6898823282481443
2001,1.0708518391853477,0.8167328297027819,-0.053692744627838615,0.552193321401382,0.3631032134754665,0.6898823282481443
2001,1.9060571138370448,-0.0005492804851685446,-0.803708049629039,-1.000430315176705,0.4867186767178029,0.6844759191872631
2001,-0.5995587101180465,1.9809740581940354,0.3748874296585615,0.552193321401382,0.11587228699079362,0.6898823282481443
2001,1.9060571138370448,1.592893648696952,0.16059734251536145,0.1436081538808326,0.11587228699079362,0.5276900690727098
2001,1.9060571138370448,1.8516139216950076,0.16059734251536145,-0.2649770136397166,0.11587228699079362,0.38171703610676483
2001,-0.5995587101180465,2.1103341946930656,0.5891775168017618,0.7973444219137114,0.3631032134754665,-3.25679597089325
2001,1.9060571138370448,1.3341733756988943,-0.6965630060574389,-0.9187132816725954,0.23948775023313004,0.4736259833296672
2001,1.9060571138370448,1.3341733756988943,-0.5894179624858389,-0.8369962481684854,0.23948775023313004,0.4195618966134714
2001,-0.5995587101180465,2.498414604190149,1.0177576910881618,0.3887592543931621,-0.8112436873267296,-0.39680580637827473
2001,1.9060571138370448,1.3341733756988943,0.16059734251536145,0.06189112037672286,-0.5022050292208885,-0.39680580637827473
2001,2.3236597511628934,1.4635335121979243,-0.6965630060574389,-0.9187132816725954,-0.6258204924632249,-0.39680580637827473
2001,1.9060571138370448,3.0158551501862623,-0.5894179624858389,-0.8369962481684854,-0.6258204924632249,-0.39680580637827473
2001,1.9060571138370448,1.4635335121979243,-0.48227291891423885,-0.7552792146643756,-0.6258204924632249,-0.39680580637827473
2001,-0.5995587101180465,-0.0005492804851685446,0.8034676039449619,0.30704222088905225,-0.5022050292208885,-0.4454634840335897
2001,1.9060571138370448,-0.0005492804851685446,-0.910853093200639,-0.7552792146643756,-0.6258204924632249,-0.4454634840335897
2001,2.3236597511628934,-0.0005492804851685446,-0.48227291891423885,-0.6735621811602658,-0.3785895659785521,-0.4454634840335897
2001,2.741262388488742,-0.0005492804851685446,-0.6965630060574389,0.1436081538808326,-0.7494359557055613,-0.4454634840335897
2001,1.9060571138370448,-0.0005492804851685446,-0.6965630060574389,-0.9187132816725954,-0.6258204924632249,-0.4454634840335897
2001,-0.0006595061459157986,1.592893648696952,-0.48227291891423885,-0.6735621811602658,-0.2549741027362156,-0.3211160853648617
2001,-0.0006595061459157986,1.2048132391998665,-0.053692744627838615,0.3887592543931621,-0.007743176251542805,-0.2832712248581553
2001,-0.0006595061459157986,1.4635335121979243,-0.803708049629039,-1.000430315176705,0.11587228699079362,-0.29949045106764477
2001,-0.0006595061459157986,1.3341733756988943,-0.803708049629039,-0.9187132816725954,-0.2549741027362156,-0.2832712248581553
2001,-0.0006595061459157986,2.498414604190149,0.8034676039449619,0.3887592543931621,-0.007743176251542805,-0.29949045106764477
2002,1.9060571138370448,-0.3475083987884714,-0.6965630060574389,-0.34669404714382634,-6.198606669341106e-05,-0.48871475262802366
2002,1.9060571138370448,0.6873726932037542,1.0177576910881618,0.3887592543931621,-1.3675132719172434,-0.2832712248581553
2002,-0.5995587101180465,-0.47686853528750034,1.8749180396609622,1.0424955224260406,-1.1202823454325705,-0.4454634840335897
2002,1.9060571138370448,-0.21814826228944365,-0.26798283177103865,-0.5918451476561558,-1.0584746138114023,-0.33733531157435115
2002,2.2401392236977236,0.4286524202056975,-0.48227291891423885,-0.7552792146643756,-0.9966668821902341,-0.2832712248581553
2002,-0.5995587101180465,2.2396943311920934,1.6606279525177623,1.0424955224260406,-1.1202823454325705,-0.553591656492828
2002,1.4884544765111962,0.9460929662018109,-0.16083778819943864,-0.5101281141520461,-1.243897808674907,-0.553591656492828
2002,1.4884544765111962,0.9460929662018109,-0.16083778819943864,-0.5101281141520461,-1.243897808674907,-0.553591656492828
2002,1.9060571138370448,2.369054467691121,-0.48227291891423885,-0.6735621811602658,5.060490816684251,-0.5589980651644477
2002,1.9060571138370448,0.8167328297027819,0.5891775168017618,0.8790614554178212,-1.1202823454325705,-0.4995275697766321
2002,-0.5995587101180465,3.14521528668529,1.6606279525177623,1.1242125559301506,-0.8730514189478977,-3.25679597089325
2002,1.9060571138370448,3.5332956961823756,-0.910853093200639,-0.7552792146643756,-0.7494359557055613,-3.25679597089325
2002,1.0708518391853477,1.592893648696952,0.6963225603733617,0.9607784889219312,-0.9966668821902341,-3.25679597089325
2002,1.0708518391853477,1.3341733756988943,-0.16083778819943864,-0.5101281141520461,-0.7494359557055613,-3.25679597089325
2002,1.0708518391853477,1.3341733756988943,0.16059734251536145,-0.2649770136397166,-0.7494359557055613,-3.25679597089325
2002,1.9060571138370448,1.3341733756988943,-0.16083778819943864,-0.5101281141520461,-0.7494359557055613,-0.12107896665587438
2002,-0.5995587101180465,2.6277747406891767,1.5534829089461621,0.9607784889219312,-0.8730514189478977,-0.17514305239891675
2002,1.9060571138370448,2.6277747406891767,-0.48227291891423885,-0.6735621811602658,-0.8730514189478977,-0.17514305239891675
2002,1.0708518391853477,1.2048132391998665,-0.053692744627838615,-0.4284110806479362,-0.8730514189478977,-0.17514305239891675
2002,1.0708518391853477,1.3341733756988943,1.3391928218029618,0.6339103549054915,-0.7494359557055613,-0.06701487993967836
2002,-0.5995587101180465,-0.0005492804851685446,0.5891775168017618,1.2059295894342605,-0.7494359557055613,-0.8239120879328703
2002,1.4884544765111962,-0.0005492804851685446,0.16059734251536145,-0.2649770136397166,-0.8112436873267296,-0.8239120879328703
2002,0.23564656453365068,-0.0005492804851685446,0.3748874296585615,0.3887592543931621,-0.6258204924632249,-0.8239120879328703
2002,1.9060571138370448,-0.0005492804851685446,-0.5894179624858389,-0.6735621811602658,-0.7494359557055613,-0.8239120879328703
2002,1.0708518391853477,-0.0005492804851685446,0.05345229894376153,-0.34669404714382634,-0.7494359557055613,-0.8239120879328703
2002,-0.5995587101180465,-1.511749627279726,-0.910853093200639,-0.5918451476561558,0.8575650664448121,1.176459104801294
2002,1.0708518391853477,0.4286524202056975,0.05345229894376153,0.3887592543931621,1.2284114561718213,1.2305231905443363
2002,1.9060571138370448,0.4286524202056975,-0.48227291891423885,-0.10154294663149696,0.8575650664448121,1.0683309323420556
2002,0.23564656453365068,1.0754531027008387,-0.053692744627838615,-0.4284110806479362,0.9811805296871485,1.176459104801294
2002,1.0708518391853477,1.0754531027008387,-0.910853093200639,-0.9187132816725954,1.104795992929485,1.2305231905443363
2002,0.23564656453365068,1.0754531027008387,-0.48227291891423885,-0.7552792146643756,0.4867186767178029,-0.06701487993967836
2002,1.9060571138370448,0.4286524202056975,-0.26798283177103865,-0.18325998013560668,0.05406455536962541,-0.12107896665587438
2002,1.0708518391853477,1.7222537851959798,-0.053692744627838615,-0.4284110806479362,-0.007743176251542805,-0.012950793223482356
2002,0.23564656453365068,0.4286524202056975,-0.26798283177103865,0.552193321401382,0.4867186767178029,-0.012950793223482356
2002,-0.5995587101180465,-1.511749627279726,0.16059734251536145,1.0424955224260406,0.3631032134754665,-0.012950793223482356
2002,-0.5995587101180465,-0.0005492804851685446,0.8034676039449619,1.2059295894342605,-0.007743176251542805,0.2033055516949946
2002,1.4884544765111962,0.4286524202056975,-0.6965630060574389,-0.10154294663149696,0.23948775023313004,0.0951773792357562
2002,-0.0006595061459157986,2.369054467691121,-0.910853093200639,-1.0821473486808149,-6.198606669341106e-05,0.4195618966134714
2002,-0.0006595061459157986,0.4286524202056975,-0.48227291891423885,0.2253251873849425,-6.198606669341106e-05,0.4195618966134714
2002,-0.0006595061459157986,1.7222537851959798,-0.5894179624858389,-0.8369962481684854,-6.198606669341106e-05,0.2573696374380368
2002,0.23564656453365068,-0.21814826228944365,-0.053692744627838615,0.2253251873849425,0.9811805296871485,0.6358182415319481
2002,1.9060571138370448,1.7222537851959798,-0.6965630060574389,-0.9187132816725954,0.7339496032024757,0.6358182415319481
2002,1.9060571138370448,0.4286524202056975,-0.48227291891423885,-0.34669404714382634,0.7339496032024757,0.5276900690727098
2002,2.3236597511628934,1.0754531027008387,-0.6965630060574389,-0.9187132816725954,0.8575650664448121,0.5276900690727098
2002,-0.5995587101180465,-0.8649489447845848,-0.48227291891423885,0.8790614554178212,0.7339496032024757,0.5276900690727098
2002,1.822536586371875,1.0754531027008387,4.232108998236163,2.840270259516457,0.8575650664448121,0.5817541557889059
2002,-0.5995587101180465,-0.8649489447845848,-0.6965630060574389,1.0424955224260406,0.8575650664448121,0.5817541557889059
2002,1.0708518391853477,-0.21814826228944365,0.3748874296585615,-0.10154294663149696,0.9811805296871485,0.6358182415319481
2002,1.9060571138370448,1.7222537851959798,-0.48227291891423885,-0.18325998013560668,0.6721418715813076,0.5276900690727098
2002,1.9060571138370448,-0.21814826228944365,-0.910853093200639,-1.0821473486808149,0.8575650664448121,0.5817541557889059
2002,2.741262388488742,0.4286524202056975,-0.26798283177103865,-0.019825913127387046,1.104795992929485,1.176459104801294
2002,1.9060571138370448,1.7222537851959798,-0.6965630060574389,-0.9187132816725954,1.2284114561718213,1.2305231905443363
2002,-0.0006595061459157986,-0.8649489447845848,-0.803708049629039,0.9607784889219312,-6.198606669341106e-05,1.176459104801294
2002,-0.0006595061459157986,-0.21814826228944365,0.8034676039449619,0.2253251873849425,-6.198606669341106e-05,1.2305231905443363
2002,0.23564656453365068,-0.21814826228944365,-0.910853093200639,-0.6735621811602658,-6.198606669341106e-05,1.2305231905443363
2002,2.741262388488742,1.0754531027008387,-0.26798283177103865,-0.5918451476561558,-6.198606669341106e-05,0.6898823282481443
2002,-0.5995587101180465,2.369054467691121,-0.3751278753426388,-0.6735621811602658,-6.198606669341106e-05,0.6898823282481443
2002,1.0708518391853477,-0.21814826228944365,0.2677423860869616,-0.10154294663149696,-6.198606669341106e-05,0.7439464139911866
2002,-0.5995587101180465,-0.8649489447845848,0.05345229894376153,-0.10154294663149696,-6.198606669341106e-05,0.7439464139911866
2002,1.9060571138370448,-0.0005492804851685446,-0.48227291891423885,-0.6735621811602658,-6.198606669341106e-05,0.6898823282481443
2002,-0.5995587101180465,-0.21814826228944365,0.6963225603733617,0.7156273884096014,-6.198606669341106e-05,1.2305231905443363
2002,2.741262388488742,-0.21814826228944365,-0.6965630060574389,-0.9187132816725954,-6.198606669341106e-05,1.2845872772605325
2002,2.741262388488742,-0.21814826228944365,-0.6965630060574389,-0.9187132816725954,-6.198606669341106e-05,0.8088233178559912
2002,2.741262388488742,0.4286524202056975,-0.26798283177103865,-0.2649770136397166,-6.198606669341106e-05,1.2305231905443363
2002,1.9060571138370448,0.4286524202056975,-0.48227291891423885,-0.7552792146643756,-6.198606669341106e-05,1.2845872772605325
2002,1.0708518391853477,0.4286524202056975,0.16059734251536145,0.8790614554178212,-6.198606669341106e-05,1.338651363003575
2002,1.9060571138370448,-0.21814826228944365,-0.5894179624858389,-0.8369962481684854,-6.198606669341106e-05,1.4467795364359666
2002,1.9060571138370448,-0.21814826228944365,-0.5894179624858389,-0.8369962481684854,-6.198606669341106e-05,1.4467795364359666
2002,2.741262388488742,0.4286524202056975,0.16059734251536145,-0.2649770136397166,-6.198606669341106e-05,1.338651363003575
2002,1.0708518391853477,-0.21814826228944365,-0.053692744627838615,-0.10154294663149696,-6.198606669341106e-05,1.4467795364359666
2002,-0.5995587101180465,-0.0005492804851685446,-0.48227291891423885,0.30704222088905225,-6.198606669341106e-05,1.0683309323420556
2002,2.741262388488742,0.4286524202056975,-0.26798283177103865,-0.5918451476561558,-6.198606669341106e-05,1.0683309323420556
2002,3.576467663140439,-0.21814826228944365,-0.053692744627838615,-0.2649770136397166,-6.198606669341106e-05,1.176459104801294
2002,2.741262388488742,-0.21814826228944365,-0.910853093200639,-1.0821473486808149,-6.198606669341106e-05,1.176459104801294
2002,2.741262388488742,2.369054467691121,-0.910853093200639,-1.0821473486808149,-6.198606669341106e-05,1.176459104801294
2002,-0.5995587101180465,-0.21814826228944365,0.48203247323016163,1.6145147569548097,1.0429882613083168,1.122395018085098
2002,1.9060571138370448,0.4286524202056975,-0.053692744627838615,-0.10154294663149696,1.104795992929485,1.0683309323420556
2002,-0.5995587101180465,-0.21814826228944365,0.16059734251536145,0.06189112037672286,0.9811805296871485,1.122395018085098
2002,-0.5995587101180465,0.4286524202056975,-0.5251309363428788,-0.7552792146643756,1.104795992929485,1.122395018085098
2002,-0.5995587101180465,1.7222537851959798,-0.3751278753426388,-0.6735621811602658,1.2284114561718213,1.122395018085098
2002,1.0708518391853477,-0.21814826228944365,0.16059734251536145,0.06189112037672286,-6.198606669341106e-05,1.176459104801294
2002,2.741262388488742,-0.21814826228944365,-0.26798283177103865,-0.4284110806479362,-6.198606669341106e-05,1.122395018085098
2002,1.0708518391853477,1.0754531027008387,-0.910853093200639,-1.0821473486808149,-6.198606669341106e-05,1.176459104801294
2002,-0.5995587101180465,1.0754531027008387,-0.6965630060574389,-0.9187132816725954,-6.198606669341106e-05,1.176459104801294
2002,-0.5995587101180465,-0.21814826228944365,0.3748874296585615,0.7156273884096014,0.9811805296871485,1.122395018085098
2002,0.23564656453365068,-0.21814826228944365,0.16059734251536145,-0.2649770136397166,-6.198606669341106e-05,-0.012950793223482356
2002,0.23564656453365068,-0.8649489447845848,-0.48227291891423885,-0.7552792146643756,-6.198606669341106e-05,-0.012950793223482356
2002,-0.5995587101180465,-0.8649489447845848,0.2677423860869616,1.2059295894342605,-6.198606669341106e-05,-0.12107896665587438
2002,1.9060571138370448,-0.21814826228944365,-0.3751278753426388,-0.10154294663149696,-6.198606669341106e-05,-0.12107896665587438
2002,-0.5995587101180465,-0.8649489447845848,0.05345229894376153,0.1436081538808326,-6.198606669341106e-05,-0.012950793223482356
2002,0.23564656453365068,-0.21814826228944365,-0.0003393619650962224,0.0006992739401450925,-0.9595822432175332,-0.6076557428197626
2002,0.23564656453365068,-0.0005492804851685446,2.0892081268041625,1.2059295894342605,-0.934859150569066,-0.6617198290493819
2002,-0.5995587101180465,-0.8649489447845848,-0.0003393619650962224,0.0006992739401450925,-0.9595822432175332,-0.6076557428197626
2002,2.741262388488742,0.4286524202056975,-0.053692744627838615,-0.4284110806479362,-0.9966668821902341,-0.6725326462953056
2002,-0.5995587101180465,-0.21814826228944365,-0.0003393619650962224,0.0006992739401450925,-0.7494359557055613,-0.33733531157435115
2002,-0.5995587101180465,0.4286524202056975,-0.0003393619650962224,3.003704326524677,-0.5022050292208885,-0.22920713911511276
2002,-0.5995587101180465,-0.21814826228944365,-0.0003393619650962224,0.0006992739401450925,-0.007743176251542805,-0.22920713911511276
2002,-0.5995587101180465,-0.8649489447845848,-0.0003393619650962224,2.6768361925082376,-0.6258204924632249,-0.17514305239891675
2002,-0.5995587101180465,-0.8649489447845848,-0.0003393619650962224,0.0006992739401450925,-0.5022050292208885,-0.33733531157435115
2002,1.0708518391853477,-0.21814826228944365,-0.910853093200639,-1.0821473486808149,-1.6147441984019162,-1.2564247781590854
2002,1.0708518391853477,-0.21814826228944365,-0.053692744627838615,-0.4284110806479362,-1.6147441984019162,-1.202360691929466
2002,0.23564656453365068,-0.8649489447845848,0.48203247323016163,1.0424955224260406,3.7007207210185498,-1.202360691929466
2002,1.0708518391853477,-0.21814826228944365,-0.053692744627838615,0.3887592543931621,-1.6147441984019162,-1.202360691929466
2002,-0.5995587101180465,-0.21814826228944365,0.3748874296585615,-0.10154294663149696,-1.305705540296075,-3.25679597089325
2002,-0.5995587101180465,-0.21814826228944365,0.5891775168017618,0.06189112037672286,-1.305705540296075,-3.25679597089325
2002,-0.5995587101180465,-0.21814826228944365,-0.0003393619650962224,0.0006992739401450925,-1.305705540296075,-3.25679597089325
2002,-0.5995587101180465,-1.511749627279726,1.2320477782313621,0.9607784889219312,-1.4293210035384116,-3.25679597089325
2002,1.0708518391853477,-0.21814826228944365,-0.48227291891423885,-0.2649770136397166,-1.305705540296075,-0.6076557428197626
2003,-0.5995587101180465,-0.21814826228944365,-0.48227291891423885,-0.2649770136397166,-0.5022050292208885,-0.4454634840335897
2003,-0.5995587101180465,-0.21814826228944365,0.05345229894376153,-0.34669404714382634,-0.6258204924632249,-0.3913993973173937
2003,-0.5995587101180465,-0.21814826228944365,-0.6965630060574389,-0.9187132816725954,-0.6258204924632249,-0.3913993973173937
2003,-0.5995587101180465,-0.8649489447845848,1.0177576910881618,1.859665857467139,-0.7494359557055613,-0.3913993973173937
2003,-0.5995587101180465,-0.8649489447845848,0.8034676039449619,0.552193321401382,-0.3785895659785521,-0.3913993973173937
2003,-0.5995587101180465,-0.21814826228944365,-0.26798283177103865,-0.5918451476561558,-1.3675132719172434,-0.7752544102775553
2003,-0.5995587101180465,-1.511749627279726,1.446337865374562,1.2059295894342605,-1.4911287351595799,-0.7698480016059357
2003,-0.5995587101180465,-0.21814826228944365,0.16059734251536145,-0.2649770136397166,-1.4911287351595799,-0.553591656492828
2003,-0.5995587101180465,-0.21814826228944365,-0.053692744627838615,-0.4284110806479362,-1.4911287351595799,-0.553591656492828
2003,-0.5995587101180465,-0.8649489447845848,-0.053692744627838615,0.552193321401382,-1.4911287351595799,-0.553591656492828
2003,-0.5995587101180465,-0.21814826228944365,0.5891775168017618,0.06189112037672286,-1.3675132719172434,-0.8239120879328703
2003,-0.5995587101180465,-0.8649489447845848,0.5891775168017618,0.9607784889219312,-1.3675132719172434,-0.9320402604894241
2003,-0.0006595061459157986,-0.8649489447845848,-0.0003393619650962224,0.0006992739401450925,-1.3675132719172434,-0.8239120879328703
2003,-0.5995587101180465,0.4286524202056975,-0.053692744627838615,-0.4284110806479362,-1.3675132719172434,-0.8779761741624893
2003,-0.5995587101180465,-0.21814826228944365,-0.5894179624858389,-0.5101281141520461,-1.3675132719172434,-0.9320402604894241
2003,0.23564656453365068,-0.21814826228944365,0.3748874296585615,-0.10154294663149696,-0.5022050292208885,-0.12107896665587438
2003,0.23564656453365068,-0.8649489447845848,0.3748874296585615,1.2059295894342605,-6.198606669341106e-05,-0.12107896665587438
2003,0.23564656453365068,0.4286524202056975,-0.09655076205647867,-0.4610978940495802,-0.3785895659785521,-0.12107896665587438
2003,0.23564656453365068,-0.8649489447845848,0.5891775168017618,1.0424955224260406,-0.5022050292208885,-0.12107896665587438
2003,0.23564656453365068,-0.8649489447845848,-0.48227291891423885,0.2253251873849425,-0.5022050292208885,-0.018357202284363393
2003,1.0708518391853477,-1.511749627279726,1.446337865374562,1.0424955224260406,-0.7494359557055613,-0.3913993973173937
2003,1.0708518391853477,-0.0005492804851685446,-0.48227291891423885,-0.7552792146643756,-0.7494359557055613,-1.472681123272193
2003,0.23564656453365068,-0.8649489447845848,0.16059734251536145,0.3887592543931621,-0.7494359557055613,-0.3913993973173937
2003,1.0708518391853477,-0.21814826228944365,-0.6965630060574389,-0.7552792146643756,-0.8730514189478977,-0.39680580637827473
2003,1.0708518391853477,-0.21814826228944365,-0.26798283177103865,-0.5918451476561558,-0.7494359557055613,-0.3913993973173937
2003,0.23564656453365068,-0.21814826228944365,-0.48227291891423885,-0.2649770136397166,-0.2549741027362156,0.25196322935030957
2003,-0.5995587101180465,0.4286524202056975,-0.48227291891423885,-0.7552792146643756,0.23948775023313004,0.36549780989727554
2003,-0.5995587101180465,-0.21814826228944365,-0.26798283177103865,-0.5918451476561558,-0.007743176251542805,0.2573696374380368
2003,-0.5995587101180465,-2.158550309774867,-0.48227291891423885,0.06189112037672286,-0.13135863949387921,0.36549780989727554
2003,-0.5995587101180465,-0.0005492804851685446,1.2320477782313621,1.2059295894342605,-0.2549741027362156,0.2573696374380368
2003,0.23564656453365068,-0.21814826228944365,-0.26798283177103865,-0.5918451476561558,0.7339496032024757,0.8520745864504252
2003,-0.5995587101180465,-0.8649489447845848,1.0177576910881618,1.2059295894342605,0.8575650664448121,0.7980105007073827
2003,-0.5995587101180465,0.4286524202056975,0.16059734251536145,-0.2649770136397166,0.8575650664448121,0.8520745864504252
2003,-0.5995587101180465,-0.8649489447845848,-0.26798283177103865,0.06189112037672286,-6.198606669341106e-05,0.7980105007073827
2003,-0.5995587101180465,-0.8649489447845848,-0.16083778819943864,0.6339103549054915,0.6103341399601393,0.7980105007073827
2003,0.23564656453365068,-0.21814826228944365,0.3748874296585615,-0.10154294663149696,-6.198606669341106e-05,-0.012950793223482356
2003,1.0708518391853477,-0.8649489447845848,-0.48227291891423885,-0.4284110806479362,0.23948775023313004,0.008674841073734525
2003,-0.5995587101180465,-0.8649489447845848,0.5891775168017618,1.2059295894342605,-6.198606669341106e-05,0.008674841073734525
2003,0.23564656453365068,-0.8649489447845848,-0.053692744627838615,0.06189112037672286,-6.198606669341106e-05,0.008674841073734525
2003,-0.5995587101180465,-0.8649489447845848,-0.48227291891423885,1.2059295894342605,0.8575650664448121,0.6358182415319481
2003,-0.5995587101180465,-0.21814826228944365,7.446460305384165,5.291781264639752,-6.198606669341106e-05,0.6358182415319481
2003,-0.5995587101180465,3.0158551501862623,-0.910853093200639,-1.0821473486808149,0.8699266127690459,0.6358182415319481
2003,1.0708518391853477,-0.8649489447845848,-0.26798283177103865,0.06189112037672286,-6.198606669341106e-05,0.4898452085660032
2003,-0.5995587101180465,-0.8649489447845848,-0.053692744627838615,0.1436081538808326,0.7339496032024757,0.5276900690727098
2003,-0.5995587101180465,-0.8649489447845848,-0.26798283177103865,0.552193321401382,0.8575650664448121,0.6898823282481443
2003,-0.5995587101180465,-0.21814826228944365,-0.26798283177103865,0.06189112037672286,0.7339496032024757,0.6412246505928293
2003,-0.5995587101180465,-0.21814826228944365,-0.6965630060574389,-0.9187132816725954,0.9811805296871485,0.6898823282481443
2003,-0.5995587101180465,-1.511749627279726,-0.053692744627838615,1.2059295894342605,0.8575650664448121,0.6736631020386546
2003,-0.5995587101180465,-0.21814826228944365,-0.053692744627838615,-0.4284110806479362,0.7339496032024757,0.6898823282481443
2003,-0.5995587101180465,-0.8649489447845848,-0.26798283177103865,-0.10154294663149696,1.104795992929485,-1.8240976842026368
2003,-0.5995587101180465,-1.511749627279726,-0.26798283177103865,1.0424955224260406,1.104795992929485,0.9061386731666211
2003,-0.5995587101180465,-0.8649489447845848,-0.26798283177103865,0.3887592543931621,1.2284114561718213,0.8791066298085229
2003,-0.5995587101180465,-0.0005492804851685446,-0.48227291891423885,-0.7552792146643756,0.9811805296871485,0.9061386731666211
2003,-0.5995587101180465,0.4286524202056975,-0.48227291891423885,-0.7552792146643756,1.104795992929485,0.9061386731666211
2003,-0.5995587101180465,-0.21814826228944365,-0.3751278753426388,-0.6735621811602658,1.2284114561718213,0.7980105007073827
2003,-0.5995587101180465,-0.8649489447845848,-0.26798283177103865,0.06189112037672286,0.9811805296871485,0.7439464139911866
2003,-0.5995587101180465,-0.21814826228944365,0.16059734251536145,0.1436081538808326,1.3520269194141579,0.8520745864504252
2003,-0.5995587101180465,-0.8649489447845848,-0.053692744627838615,1.0424955224260406,1.2284114561718213,0.7980105007073827
2003,-0.5995587101180465,0.4286524202056975,-0.910853093200639,-1.0821473486808149,1.2284114561718213,0.8520745864504252
2003,-0.5995587101180465,0.04057201070861305,-0.053692744627838615,0.2253251873849425,0.8575650664448121,0.9061386731666211
2003,-0.5995587101180465,-0.8649489447845848,-0.16083778819943864,0.3887592543931621,0.8575650664448121,1.100769383787881
2003,0.23564656453365068,-0.8649489447845848,0.16059734251536145,1.3693636564424803,0.8575650664448121,0.9061386731666211
2003,-0.5995587101180465,-0.21814826228944365,-0.6965630060574389,-0.9187132816725954,0.8575650664448121,0.9061386731666211
2003,-0.5995587101180465,-0.21814826228944365,-0.053692744627838615,-0.4284110806479362,0.8575650664448121,0.9061386731666211
2003,-0.5995587101180465,0.4286524202056975,-0.910853093200639,-1.0821473486808149,1.3520269194141579,1.2305231905443363
2003,-0.5995587101180465,-0.8649489447845848,0.5891775168017618,0.2253251873849425,1.3520269194141579,1.2305231905443363
2003,2.741262388488742,-0.21814826228944365,-0.053692744627838615,-0.019825913127387046,1.104795992929485,1.1710526957404128
2003,-0.5995587101180465,-0.8649489447845848,-0.053692744627838615,1.2059295894342605,1.2284114561718213,1.176459104801294
2003,-0.5995587101180465,-0.21814826228944365,-0.803708049629039,-1.000430315176705,1.104795992929485,1.2305231905443363
2003,-0.5995587101180465,-0.8649489447845848,0.16059734251536145,0.2253251873849425,0.23948775023313004,0.2033055516949946
2003,-0.1819560727921979,-0.21814826228944365,-0.803708049629039,-1.000430315176705,-0.007743176251542805,0.2033055516949946
2003,0.23564656453365068,-0.21814826228944365,0.16059734251536145,-0.2649770136397166,0.23948775023313004,0.2033055516949946
2003,0.23564656453365068,-0.8649489447845848,-0.053692744627838615,-0.10154294663149696,-6.198606669341106e-05,0.2033055516949946
2003,0.23564656453365068,-0.8649489447845848,-0.053692744627838615,1.3693636564424803,0.11587228699079362,0.2033055516949946
2003,0.23564656453365068,0.4286524202056975,-0.803708049629039,-1.000430315176705,-0.5022050292208885,-0.12107896665587438
2003,0.23564656453365068,1.0754531027008387,-0.6965630060574389,-0.9187132816725954,-0.8730514189478977,-0.12107896665587438
2003,0.23564656453365068,-0.8649489447845848,-0.26798283177103865,-0.34669404714382634,-0.5022050292208885,-0.17514305239891675
2003,-0.0006595061459157986,-0.0005492804851685446,-0.053692744627838615,0.06189112037672286,-6.198606669341106e-05,-0.12107896665587438
2003,0.23564656453365068,-0.8649489447845848,1.2320477782313621,1.2059295894342605,-0.5022050292208885,-0.17514305239891675
2003,0.23564656453365068,-0.8649489447845848,0.48203247323016163,-0.019825913127387046,0.6103341399601393,0.8682938126599146
2003,0.23564656453365068,-0.21814826228944365,-0.48227291891423885,-0.7552792146643756,0.7339496032024757,0.8520745864504252
2003,0.23564656453365068,-0.21814826228944365,-0.803708049629039,-1.000430315176705,0.8575650664448121,0.8520745864504252
2003,-0.5995587101180465,-0.8649489447845848,-0.910853093200639,0.06189112037672286,0.7339496032024757,0.8520745864504252
2003,-0.0006595061459157986,0.4286524202056975,-0.6965630060574389,-0.9187132816725954,-6.198606669341106e-05,-0.22920713911511276
2003,1.9060571138370448,-0.8649489447845848,-0.26798283177103865,-0.2649770136397166,-0.5022050292208885,-0.22920713911511276
2003,0.23564656453365068,0.4286524202056975,-0.053692744627838615,-0.10154294663149696,-0.5022050292208885,-0.22920713911511276
2003,0.23564656453365068,1.0754531027008387,-0.6965630060574389,-0.9187132816725954,-0.5640127608420566,-0.22920713911511276
2003,0.23564656453365068,-0.8649489447845848,1.446337865374562,1.0424955224260406,-0.4403972975997203,-0.22920713911511276
2003,0.23564656453365068,0.4286524202056975,-0.5894179624858389,-0.8369962481684854,-0.6258204924632249,-0.06701487993967836
2003,0.23564656453365068,-1.511749627279726,2.0892081268041625,1.2059295894342605,-0.8730514189478977,-0.06701487993967836
2003,0.23564656453365068,0.4286524202056975,0.48203247323016163,-0.9187132816725954,-0.7494359557055613,-0.12107896665587438
2003,1.9060571138370448,-0.8649489447845848,-0.6965630060574389,-0.019825913127387046,-0.8730514189478977,-0.12107896665587438
2003,0.23564656453365068,-0.21814826228944365,-0.16083778819943864,0.06189112037672286,-6.198606669341106e-05,-0.06701487993967836
2003,1.0708518391853477,-0.21814826228944365,0.3748874296585615,0.30704222088905225,-1.1202823454325705,-0.6617198290493819
2003,1.0708518391853477,-1.511749627279726,2.0892081268041625,1.5327977234506998,-0.7494359557055613,-0.6617198290493819
2003,-0.0006595061459157986,-0.21814826228944365,-0.053692744627838615,-0.4284110806479362,-1.243897808674907,-0.6617198290493819
2003,1.0708518391853477,-0.21814826228944365,-0.48227291891423885,-0.7552792146643756,-1.1202823454325705,-0.6617198290493819
2003,1.0708518391853477,-1.511749627279726,-0.26798283177103865,-0.10154294663149696,-1.243897808674907,-0.7157839153763164
2004,0.23564656453365068,-0.21814826228944365,-0.6965630060574389,-0.9187132816725954,-1.7383596616442527,-1.472681123272193
2004,0.23564656453365068,-0.21814826228944365,-0.053692744627838615,-0.4284110806479362,-1.6147441984019162,-1.472681123272193
2004,0.23564656453365068,-0.8649489447845848,1.2320477782313621,0.552193321401382,-1.6147441984019162,-1.472681123272193
2004,0.23564656453365068,-0.21814826228944365,0.2677423860869616,0.470476287897272,-1.6147441984019162,-1.472681123272193
2004,0.23564656453365068,-0.8649489447845848,-0.26798283177103865,-0.5918451476561558,-1.4911287351595799,-1.472681123272193
2004,1.0708518391853477,1.0754531027008387,-0.6965630060574389,-0.9187132816725954,-1.861975124886589,-1.0942325193729123
2004,1.0708518391853477,-0.0005492804851685446,-0.053692744627838615,-0.4284110806479362,-1.861975124886589,-1.0942325193729123
2004,-0.5995587101180465,-0.8649489447845848,1.8749180396609622,1.0424955224260406,-1.7383596616442527,-1.0942325193729123
2004,1.0708518391853477,-0.21814826228944365,0.16059734251536145,0.2253251873849425,-1.7383596616442527,-1.0942325193729123
2004,0.23564656453365068,-0.8649489447845848,-0.6965630060574389,-0.7552792146643756,-1.3675132719172434,-1.0942325193729123
2004,0.23564656453365068,-0.21814826228944365,-0.5894179624858389,-0.8369962481684854,-1.6147441984019162,-0.9320402604894241
2004,0.23564656453365068,-0.21814826228944365,0.5891775168017618,0.552193321401382,5.184106279926587,-0.9320402604894241
2004,0.23564656453365068,-0.21814826228944365,0.16059734251536145,-0.2649770136397166,-1.3675132719172434,-0.9320402604894241
2004,0.23564656453365068,-1.511749627279726,2.0892081268041625,1.2059295894342605,-1.6147441984019162,-0.9320402604894241
2004,-0.5995587101180465,-0.8649489447845848,-0.6965630060574389,-0.8369962481684854,-0.31678183435738383,-0.9320402604894241
2004,0.23564656453365068,-0.21814826228944365,-0.48227291891423885,-0.7552792146643756,-1.4293210035384116,-2.689123064265806
2004,0.23564656453365068,-0.21814826228944365,-0.910853093200639,-1.0821473486808149,-1.4911287351595799,-1.2564247781590854
2004,0.23564656453365068,-0.21814826228944365,0.3748874296585615,0.7156273884096014,-1.243897808674907,-2.4728667195419596
2004,0.23564656453365068,-0.21814826228944365,-0.053692744627838615,-0.2649770136397166,-1.4911287351595799,-2.6350589785227636
2004,0.23564656453365068,-0.8649489447845848,2.0892081268041625,1.2059295894342605,-1.4911287351595799,-1.2564247781590854
2004,0.23564656453365068,-0.8649489447845848,-0.910853093200639,-0.4284110806479362,-0.3785895659785521,0.2033055516949946
2004,-0.5995587101180465,-0.21814826228944365,0.16059734251536145,-0.2649770136397166,-0.13135863949387921,-2.0673860724792115
2004,-0.5995587101180465,-0.21814826228944365,-0.6965630060574389,-0.9187132816725954,-0.2549741027362156,0.2573696374380368
2004,-0.5995587101180465,-0.21814826228944365,1.0177576910881618,0.7156273884096014,-0.2549741027362156,0.2033055516949946
2004,-0.5995587101180465,-0.8649489447845848,1.446337865374562,0.7156273884096014,-0.007743176251542805,-2.121450158708831
2004,0.23564656453365068,-0.21814826228944365,0.16059734251536145,-0.2649770136397166,-0.9966668821902341,-0.8239120879328703
2004,0.23564656453365068,-0.21814826228944365,-0.48227291891423885,-0.7552792146643756,-1.1202823454325705,-0.9320402604894241
2004,0.23564656453365068,-0.21814826228944365,1.0177576910881618,0.7156273884096014,-0.9966668821902341,-1.0942325193729123
2004,0.23564656453365068,-0.8649489447845848,1.0177576910881618,1.2059295894342605,-6.198606669341106e-05,-0.8779761741624893
2004,-0.5995587101180465,-0.8649489447845848,-0.6965630060574389,-0.5101281141520461,-1.1202823454325705,-0.9158210345718805
2004,-0.5995587101180465,-0.21814826228944365,-0.910853093200639,-1.0821473486808149,-0.5022050292208885,-0.4184314406754916
2004,-0.5995587101180465,-0.21814826228944365,0.16059734251536145,0.3887592543931621,-0.6258204924632249,-0.33733531157435115
2004,0.23564656453365068,-0.8649489447845848,1.0177576910881618,1.3693636564424803,-0.7494359557055613,-0.2832712248581553
2004,0.23564656453365068,-0.21814826228944365,0.16059734251536145,-0.2649770136397166,-0.7494359557055613,-0.2832712248581553
2004,0.23564656453365068,1.0754531027008387,-0.48227291891423885,-0.7552792146643756,-0.6258204924632249,-0.33733531157435115
2004,0.23564656453365068,0.4286524202056975,-0.26798283177103865,-0.5918451476561558,-0.5022050292208885,-0.4454634840335897
2004,0.23564656453365068,-0.8649489447845848,-0.6965630060574389,-0.4284110806479362,-0.6258204924632249,-0.4454634840335897
2004,0.23564656453365068,-0.21814826228944365,0.5891775168017618,0.2253251873849425,-6.198606669341106e-05,-0.3913993973173937
2004,0.23564656453365068,-0.8649489447845848,0.8034676039449619,1.2059295894342605,-0.5022050292208885,-0.4454634840335897
2004,0.23564656453365068,1.0754531027008387,-0.6965630060574389,-0.9187132816725954,-0.6258204924632249,-0.3913993973173937
2004,-0.5995587101180465,-0.8649489447845848,1.2320477782313621,0.9607784889219312,0.11587228699079362,0.0951773792357562
2004,-0.5995587101180465,-0.8649489447845848,-0.3751278753426388,-0.5101281141520461,-0.2549741027362156,0.0951773792357562
2004,-0.5995587101180465,0.4286524202056975,0.3748874296585615,-0.10154294663149696,0.4867186767178029,0.2033055516949946
2004,-0.5995587101180465,1.7222537851959798,-0.910853093200639,-1.0821473486808149,0.4867186767178029,0.1492414649787984
2004,-0.5995587101180465,-0.21814826228944365,-0.48227291891423885,-0.7552792146643756,-6.198606669341106e-05,0.1492414649787984
2004,-0.5995587101180465,-1.511749627279726,0.3748874296585615,0.06189112037672286,0.9811805296871485,0.9061386731666211
2004,-0.5995587101180465,-0.21814826228944365,1.0177576910881618,1.0424955224260406,1.2284114561718213,0.9602027598828169
2004,-0.5995587101180465,2.369054467691121,-0.6965630060574389,-0.9187132816725954,1.2284114561718213,-1.8511297272687888
2004,-0.5995587101180465,-0.8649489447845848,-0.26798283177103865,-0.019825913127387046,-6.198606669341106e-05,0.830448952153208
2004,1.0708518391853477,-0.21814826228944365,-0.26798283177103865,-0.5918451476561558,1.104795992929485,0.9602027598828169
2004,-0.5995587101180465,-0.8649489447845848,-0.0003393619650962224,0.0006992739401450925,0.9811805296871485,1.122395018085098
2004,-0.5995587101180465,0.4286524202056975,-0.48227291891423885,-0.7552792146643756,0.9811805296871485,1.0683309323420556
2004,-0.5995587101180465,-0.8649489447845848,-0.053692744627838615,-0.10154294663149696,0.9811805296871485,0.9061386731666211
2004,-0.5995587101180465,1.0754531027008387,-0.910853093200639,-1.0821473486808149,1.104795992929485,1.0683309323420556
2004,-0.5995587101180465,-0.8649489447845848,0.3748874296585615,0.8790614554178212,0.9811805296871485,0.9602027598828169
2004,-0.5995587101180465,-0.21814826228944365,-0.26798283177103865,-0.5918451476561558,0.8575650664448121,1.0142668456258594
2004,-0.5995587101180465,-0.8649489447845848,-0.053692744627838615,-0.4284110806479362,0.9811805296871485,0.9061386731666211
2004,-0.5995587101180465,-0.21814826228944365,-0.910853093200639,-1.0821473486808149,0.9811805296871485,0.9602027598828169
2004,-0.5995587101180465,-0.8649489447845848,-0.053692744627838615,0.06189112037672286,0.8575650664448121,0.9061386731666211
2004,-0.5995587101180465,-0.8649489447845848,0.16059734251536145,1.2059295894342605,-6.198606669341106e-05,1.0683309323420556
2004,-0.5995587101180465,-0.8649489447845848,0.16059734251536145,1.4510806899465898,1.3520269194141579,0.9602027598828169
2004,-0.5995587101180465,0.4286524202056975,-0.053692744627838615,-0.4284110806479362,1.3520269194141579,1.0683309323420556
2004,0.23564656453365068,-0.8649489447845848,-0.053692744627838615,-0.2649770136397166,1.104795992929485,0.9061386731666211
2004,-0.5995587101180465,-0.8649489447845848,1.0177576910881618,0.3887592543931621,1.3520269194141579,1.0683309323420556
2004,-0.5995587101180465,-0.21814826228944365,-0.6965630060574389,-0.9187132816725954,1.3520269194141579,1.0683309323420556
2004,-0.5995587101180465,1.0754531027008387,-0.910853093200639,-1.0821473486808149,1.2902191877929896,1.122395018085098
2004,-0.5995587101180465,-0.21814826228944365,0.05345229894376153,-0.34669404714382634,1.4756423826564942,1.122395018085098
2004,1.0708518391853477,-0.8649489447845848,-0.053692744627838615,-0.34669404714382634,1.104795992929485,1.0142668456258594
2004,-0.5995587101180465,-0.8649489447845848,-0.053692744627838615,1.2059295894342605,1.4756423826564942,1.176459104801294
2004,-0.5995587101180465,-0.8649489447845848,-0.053692744627838615,1.3693636564424803,1.2284114561718213,1.176459104801294
2004,-0.5995587101180465,-0.8649489447845848,0.05345229894376153,-0.2649770136397166,1.104795992929485,1.1494270614431958
2004,-0.5995587101180465,-0.21814826228944365,-0.5894179624858389,-0.8369962481684854,1.722873309141167,1.2305231905443363
2004,-0.5995587101180465,-0.8649489447845848,0.9106126475165618,0.6339103549054915,1.4756423826564942,1.2305231905443363
2004,-0.5995587101180465,-0.8649489447845848,0.16059734251536145,-0.2649770136397166,1.3520269194141579,1.2305231905443363
2004,-0.5995587101180465,-0.8649489447845848,0.5891775168017618,1.2059295894342605,1.3520269194141579,1.2305231905443363
2004,-0.5995587101180465,-0.8649489447845848,-0.6965630060574389,-0.9187132816725954,1.2284114561718213,1.176459104801294
2004,-0.5995587101180465,-0.8649489447845848,0.3748874296585615,-0.10154294663149696,1.2284114561718213,1.176459104801294
2004,-0.5995587101180465,-0.8649489447845848,0.9106126475165618,0.30704222088905225,1.104795992929485,1.0683309323420556
2004,-0.5995587101180465,-0.8649489447845848,-0.26798283177103865,0.06189112037672286,0.9811805296871485,1.0629245232811744
2004,-0.5995587101180465,-0.8649489447845848,0.5891775168017618,0.06189112037672286,0.9811805296871485,1.0683309323420556
2004,-0.5995587101180465,-0.8649489447845848,-0.26798283177103865,1.0424955224260406,0.8822881590932793,0.9602027598828169
2004,-0.5995587101180465,-0.8649489447845848,-0.910853093200639,-1.0821473486808149,0.9811805296871485,1.0142668456258594
2004,-0.5995587101180465,-0.21814826228944365,-0.48227291891423885,-0.7552792146643756,-6.198606669341106e-05,1.0683309323420556
2004,-0.5995587101180465,-0.8649489447845848,-0.26798283177103865,-0.2649770136397166,0.7339496032024757,0.9602027598828169
2004,-0.5995587101180465,-0.8649489447845848,-0.16083778819943864,-0.18325998013560668,0.7339496032024757,-1.688937468482616
2004,-0.5995587101180465,-0.21814826228944365,-0.5894179624858389,-0.8369962481684854,1.104795992929485,-1.6348733821556813
2004,-0.5995587101180465,-0.8649489447845848,0.8034676039449619,1.2059295894342605,0.9811805296871485,-1.6348733821556813
2004,-0.5995587101180465,-0.21814826228944365,-0.6965630060574389,-0.9187132816725954,0.9811805296871485,-1.688937468482616
2004,-0.5995587101180465,-0.8649489447845848,-0.26798283177103865,0.06189112037672286,0.9811805296871485,-1.688937468482616
2004,0.23564656453365068,-0.21814826228944365,-0.26798283177103865,-0.10154294663149696,0.6103341399601393,0.6250054243833397
2004,0.23564656453365068,-8.367836861728222,-0.26798283177103865,-0.10154294663149696,0.7339496032024757,0.6358182415319481
2004,-0.5995587101180465,-0.8649489447845848,0.16059734251536145,1.2059295894342605,0.7339496032024757,0.6358182415319481
2004,-0.5995587101180465,0.4286524202056975,-0.48227291891423885,-0.7552792146643756,0.6103341399601393,0.6358182415319481
2004,-0.5995587101180465,1.0754531027008387,-0.803708049629039,-1.000430315176705,0.6103341399601393,0.6358182415319481
2004,0.23564656453365068,-0.8649489447845848,1.0177576910881618,1.2059295894342605,-0.2549741027362156,0.1492414649787984
2004,0.23564656453365068,-0.8649489447845848,0.16059734251536145,-0.10154294663149696,-0.007743176251542805,0.1492414649787984
2004,1.0708518391853477,-0.21814826228944365,-0.48227291891423885,-0.7552792146643756,-0.13135863949387921,0.1492414649787984
2004,1.0708518391853477,-0.21814826228944365,-0.053692744627838615,-0.4284110806479362,-0.13135863949387921,0.1492414649787984
2004,0.23564656453365068,-0.8649489447845848,0.5891775168017618,0.06189112037672286,-0.13135863949387921,0.1492414649787984
2004,-0.5995587101180465,-0.8649489447845848,1.446337865374562,1.0424955224260406,-6.198606669341106e-05,-0.17514305239891675
2004,-0.5995587101180465,-0.21814826228944365,-0.5894179624858389,-0.8369962481684854,-0.3785895659785521,-0.12107896665587438
2004,0.23564656453365068,-0.8649489447845848,-0.053692744627838615,-0.2649770136397166,-0.5022050292208885,-0.17514305239891675
2004,-0.5995587101180465,-0.21814826228944365,0.3748874296585615,0.06189112037672286,-0.2549741027362156,-0.17514305239891675
2004,-0.5995587101180465,-0.21814826228944365,-0.053692744627838615,-0.4284110806479362,-0.3785895659785521,-0.17514305239891675
2004,-0.5995587101180465,-0.8649489447845848,-0.053692744627838615,-0.4284110806479362,-0.8730514189478977,-0.4995275697766321
2004,-0.5995587101180465,-0.21814826228944365,-0.6965630060574389,-0.9187132816725954,-0.8730514189478977,-3.25679597089325
2004,-0.5995587101180465,-0.21814826228944365,0.16059734251536145,-0.2649770136397166,-0.9966668821902341,-0.4995275697766321
2004,-0.5995587101180465,-0.21814826228944365,-0.053692744627838615,-0.4284110806479362,-0.8730514189478977,-0.3913993973173937
2004,-0.5995587101180465,-0.8649489447845848,1.8749180396609622,1.0424955224260406,-0.7494359557055613,-0.3913993973173937
2004,0.23564656453365068,-0.21814826228944365,-0.053692744627838615,-0.4284110806479362,-0.7494359557055613,-0.2832712248581553
2004,-0.5995587101180465,-0.8649489447845848,-0.26798283177103865,-0.18325998013560668,-0.8730514189478977,-0.3589609458715682
2004,0.23564656453365068,0.4286524202056975,-0.6965630060574389,-0.9187132816725954,-0.6258204924632249,-0.2832712248581553
2004,-0.5995587101180465,-0.21814826228944365,2.3034982139473628,1.6962317904589197,-0.6258204924632249,-0.22920713911511276
2004,-0.5995587101180465,-0.8649489447845848,2.0892081268041625,1.2059295894342605,-0.7494359557055613,-0.33733531157435115
2004,1.0708518391853477,-0.8649489447845848,-0.48227291891423885,-0.7552792146643756,-1.7383596616442527,-1.472681123272193
2004,1.9060571138370448,-0.21814826228944365,-0.053692744627838615,-0.4284110806479362,-1.7383596616442527,-1.3645529507156393
2004,-0.0006595061459157986,-0.8649489447845848,2.0892081268041625,1.2059295894342605,-1.6147441984019162,-1.3645529507156393
2004,2.741262388488742,0.4286524202056975,-0.6965630060574389,-0.9187132816725954,-1.7383596616442527,-1.3645529507156393
2004,1.0708518391853477,-0.21814826228944365,0.8034676039449619,0.3887592543931621,-1.6147441984019162,-1.4186170370425737
2005,-0.5995587101180465,-0.21814826228944365,-0.6965630060574389,-0.9187132816725954,-0.6258204924632249,-0.06701487993967836
2005,-0.5995587101180465,-0.8649489447845848,1.0177576910881618,0.3887592543931621,-0.7494359557055613,-0.06701487993967836
2005,-0.5995587101180465,-0.8649489447845848,1.8749180396609622,1.0424955224260406,-0.6258204924632249,-0.12107896665587438
2005,0.23564656453365068,-0.21814826228944365,-0.26798283177103865,-0.5918451476561558,-0.6258204924632249,-0.12107896665587438
2005,0.23564656453365068,-1.511749627279726,-0.26798283177103865,-0.4284110806479362,-0.7494359557055613,-0.1372981918922104
2005,-0.5995587101180465,-0.8649489447845848,1.2320477782313621,1.1242125559301506,-1.3427901792687762,-1.202360691929466
2005,-0.5995587101180465,-0.21814826228944365,0.16059734251536145,-0.2649770136397166,-1.6765519300230844,-1.202360691929466
2005,-0.5995587101180465,-0.21814826228944365,-0.48227291891423885,-0.7552792146643756,2.0319119672470083,-1.202360691929466
2005,-0.5995587101180465,-0.8649489447845848,-0.803708049629039,-1.000430315176705,-1.4911287351595799,-1.2347991436672376
2005,-0.5995587101180465,-0.21814826228944365,0.5891775168017618,0.06189112037672286,-1.6147441984019162,-1.202360691929466
2005,1.0708518391853477,-0.21814826228944365,-0.0003393619650962224,0.0006992739401450925,-0.9966668821902341,-0.8239120879328703
2005,-0.5995587101180465,-0.8649489447845848,1.6606279525177623,1.2059295894342605,-0.9966668821902341,-0.8779761741624893
2005,0.23564656453365068,-0.21814826228944365,0.16059734251536145,-0.2649770136397166,-0.7494359557055613,-0.8239120879328703
2005,1.0708518391853477,-0.21814826228944365,1.0177576910881618,0.3887592543931621,-0.9966668821902341,-0.8239120879328703
2005,-0.5995587101180465,-0.8649489447845848,-0.48227291891423885,-0.4284110806479362,-1.1202823454325705,-0.8779761741624893
2005,1.0708518391853477,-0.21814826228944365,0.16059734251536145,-0.2649770136397166,-1.6147441984019162,-1.4186170370425737
2005,0.23564656453365068,-0.8649489447845848,2.0892081268041625,1.3693636564424803,-1.4911287351595799,-1.3645529507156393
2005,0.23564656453365068,-0.8649489447845848,-0.6965630060574389,-0.5101281141520461,-1.6147441984019162,-3.25679597089325
2005,1.0708518391853477,-0.21814826228944365,-0.48227291891423885,-0.7552792146643756,-1.6147441984019162,-1.4186170370425737
2005,0.23564656453365068,-0.21814826228944365,1.2320477782313621,0.552193321401382,-1.6147441984019162,-1.4186170370425737
2005,1.0708518391853477,0.4286524202056975,-0.26798283177103865,-0.5918451476561558,-1.3675132719172434,-0.8239120879328703
2005,0.23564656453365068,-0.21814826228944365,0.3748874296585615,-0.10154294663149696,-1.4911287351595799,-0.8239120879328703
2005,0.23564656453365068,-1.511749627279726,-0.6965630060574389,-0.5918451476561558,-1.4911287351595799,-0.8779761741624893
2005,0.23564656453365068,-0.8649489447845848,1.446337865374562,1.0424955224260406,-1.4911287351595799,-0.8779761741624893
2005,0.23564656453365068,-0.21814826228944365,0.3748874296585615,-0.10154294663149696,-2.146290690343963,-0.8239120879328703
2005,-0.5995587101180465,1.0754531027008387,0.16059734251536145,-0.2649770136397166,0.3631032134754665,0.5817541557889059
2005,-0.5995587101180465,-0.21814826228944365,-0.48227291891423885,0.2253251873849425,0.11587228699079362,0.5276900690727098
2005,-0.5995587101180465,-1.511749627279726,-0.6965630060574389,-0.4284110806479362,0.11587228699079362,0.5276900690727098
2005,-0.5995587101180465,1.7222537851959798,-0.6965630060574389,-0.9187132816725954,0.23948775023313004,0.5817541557889059
2005,-0.5995587101180465,-0.8649489447845848,1.2320477782313621,1.0424955224260406,0.3631032134754665,0.6358182415319481
2005,-0.5995587101180465,-0.8649489447845848,-0.26798283177103865,-0.5918451476561558,-0.3785895659785521,-0.12107896665587438
2005,-0.5995587101180465,1.0754531027008387,-0.910853093200639,-1.0821473486808149,-0.13135863949387921,-0.33733531157435115
2005,-0.5995587101180465,-0.21814826228944365,0.16059734251536145,-0.2649770136397166,-0.13135863949387921,-0.33733531157435115
2005,-0.5995587101180465,1.0754531027008387,0.16059734251536145,-0.2649770136397166,-6.198606669341106e-05,-0.12107896665587438
2005,-0.5995587101180465,-0.8649489447845848,1.0177576910881618,1.0424955224260406,-0.13135863949387921,-0.12107896665587438
2005,-0.5995587101180465,-0.8649489447845848,-0.26798283177103865,-0.2649770136397166,0.23948775023313004,0.04111329251956002
2005,-0.5995587101180465,0.4286524202056975,0.3748874296585615,-0.10154294663149696,0.3631032134754665,0.0951773792357562
2005,-0.5995587101180465,2.369054467691121,-0.910853093200639,-1.0821473486808149,0.23948775023313004,0.0951773792357562
2005,-0.5995587101180465,-0.21814826228944365,0.16059734251536145,-0.019825913127387046,0.23948775023313004,0.0951773792357562
2005,-0.5995587101180465,-0.8649489447845848,0.5891775168017618,1.2059295894342605,-6.198606669341106e-05,0.0951773792357562
2005,-0.5995587101180465,-0.8649489447845848,0.16059734251536145,-0.10154294663149696,-0.007743176251542805,0.1492414649787984
2005,-0.5995587101180465,-0.8649489447845848,1.0177576910881618,1.2059295894342605,-0.007743176251542805,0.1492414649787984
2005,-0.5995587101180465,1.0754531027008387,0.3748874296585615,-0.10154294663149696,-0.007743176251542805,0.2033055516949946
2005,-0.0006595061459157986,-0.21814826228944365,0.05345229894376153,-0.18325998013560668,1.4756423826564942,1.4684051707331838
2005,-0.5995587101180465,2.369054467691121,0.9106126475165618,0.0006992739401450925,2.0937196988681763,1.5549077088952055
2005,-0.5995587101180465,-0.8649489447845848,0.5891775168017618,1.0424955224260406,1.9701042356258398,1.5008436221790091
2005,-0.5995587101180465,1.0754531027008387,0.3748874296585615,0.1436081538808326,1.5992578458988307,1.5008436221790091
2005,-0.5995587101180465,1.7222537851959798,0.16059734251536145,-0.2649770136397166,1.9701042356258398,1.5008436221790091
2005,-0.5995587101180465,-0.8649489447845848,-0.975140119343599,-1.1311775687832808,1.104795992929485,-3.25679597089325
2005,-0.5995587101180465,-0.8649489447845848,0.8034676039449619,0.8790614554178212,1.4756423826564942,-3.25679597089325
2005,-0.5995587101180465,-0.21814826228944365,0.5891775168017618,0.06189112037672286,1.4756423826564942,-3.25679597089325
2005,-0.5995587101180465,1.7222537851959798,0.16059734251536145,-0.2649770136397166,1.5992578458988307,-3.25679597089325
2005,-0.5995587101180465,1.0754531027008387,-0.48227291891423885,-0.7552792146643756,1.4756423826564942,-3.25679597089325
2005,-0.5995587101180465,-0.8649489447845848,0.16059734251536145,-0.2649770136397166,1.722873309141167,-3.25679597089325
2005,-0.5995587101180465,-1.511749627279726,0.5891775168017618,0.06189112037672286,1.2284114561718213,-3.25679597089325
2005,-0.5995587101180465,-1.511749627279726,0.16059734251536145,-0.10154294663149696,0.8575650664448121,-1.7970656410391699
2005,-0.5995587101180465,0.4286524202056975,0.8034676039449619,0.8790614554178212,1.4756423826564942,-3.25679597089325
2005,-0.5995587101180465,-1.511749627279726,-0.910853093200639,-1.0821473486808149,1.2284114561718213,-3.25679597089325
2005,-0.5995587101180465,-1.511749627279726,0.16059734251536145,-0.2649770136397166,1.2284114561718213,1.2305231905443363
2005,-0.5995587101180465,-0.8649489447845848,0.3748874296585615,1.2059295894342605,1.722873309141167,1.2305231905443363
2005,-0.5995587101180465,0.4286524202056975,-0.910853093200639,-1.0821473486808149,1.722873309141167,1.392715449719771
2005,-0.5995587101180465,-0.21814826228944365,1.0177576910881618,1.0424955224260406,1.722873309141167,1.392715449719771
2005,-0.5995587101180465,-0.8649489447845848,0.16059734251536145,-0.2649770136397166,1.104795992929485,1.338651363003575
2005,-0.5995587101180465,-0.8649489447845848,-0.26798283177103865,0.06189112037672286,1.5992578458988307,1.338651363003575
2005,-0.5995587101180465,-0.21814826228944365,0.16059734251536145,-0.2649770136397166,1.5992578458988307,1.392715449719771
2005,-0.5995587101180465,-0.21814826228944365,-0.053692744627838615,-0.10154294663149696,1.104795992929485,0.6898823282481443
2005,-0.5995587101180465,-0.0005492804851685446,0.3748874296585615,1.2059295894342605,1.104795992929485,0.6898823282481443
2005,-0.5995587101180465,-1.511749627279726,-0.16083778819943864,-0.5101281141520461,0.8575650664448121,0.6898823282481443
2005,-0.5995587101180465,-0.21814826228944365,-0.48227291891423885,-0.7552792146643756,0.8575650664448121,0.6898823282481443
2005,-0.5995587101180465,0.4286524202056975,-0.6965630060574389,-0.9187132816725954,1.104795992929485,0.6898823282481443
2005,-0.5995587101180465,-0.21814826228944365,-0.910853093200639,-1.0821473486808149,0.9811805296871485,0.7439464139911866
2005,-0.5995587101180465,1.0754531027008387,-0.910853093200639,-1.0821473486808149,0.8575650664448121,0.7439464139911866
2005,-0.5995587101180465,-0.21814826228944365,-0.48227291891423885,-0.4284110806479362,-6.198606669341106e-05,0.6898823282481443
2005,-0.5995587101180465,-0.8649489447845848,0.8034676039449619,1.0424955224260406,0.7339496032024757,0.7439464139911866
2005,-0.5995587101180465,-0.8649489447845848,-0.910853093200639,-1.0821473486808149,6.914722765319297,0.8520745864504252
2005,-0.5995587101180465,-0.8649489447845848,-0.910853093200639,-1.0821473486808149,1.104795992929485,0.9602027598828169
2005,-0.5995587101180465,-0.8649489447845848,0.3748874296585615,0.3887592543931621,0.9811805296871485,0.9602027598828169
2005,-0.5995587101180465,-0.8649489447845848,-0.48227291891423885,-0.4284110806479362,0.9811805296871485,1.0142668456258594
2005,-0.5995587101180465,-0.8649489447845848,-0.6965630060574389,-0.9187132816725954,0.8575650664448121,0.9602027598828169
2005,-0.5995587101180465,-1.511749627279726,-0.053692744627838615,-0.10154294663149696,0.8575650664448121,0.9602027598828169
2005,-0.5995587101180465,-0.8649489447845848,-0.0003393619650962224,0.0006992739401450925,0.8575650664448121,0.9061386731666211
2005,-0.5995587101180465,-0.8649489447845848,0.3748874296585615,0.552193321401382,0.8575650664448121,0.9061386731666211
2005,-0.5995587101180465,-0.8649489447845848,0.16059734251536145,0.06189112037672286,0.7339496032024757,0.9061386731666211
2005,-0.5995587101180465,-0.8649489447845848,0.16059734251536145,-0.10154294663149696,0.7339496032024757,0.6358182415319481
2005,-0.5995587101180465,-0.21814826228944365,-0.910853093200639,-1.0821473486808149,0.8575650664448121,0.9061386731666211
2005,-0.5995587101180465,-0.8649489447845848,-0.053692744627838615,-0.4284110806479362,-0.2549741027362156,-0.4995275697766321
2005,-0.5995587101180465,-0.8649489447845848,-0.910853093200639,-1.0821473486808149,-0.5022050292208885,-0.3913993973173937
2005,-0.5995587101180465,-0.8649489447845848,1.0177576910881618,1.0424955224260406,-0.5022050292208885,-0.4995275697766321
2005,-0.5995587101180465,-0.21814826228944365,-0.3751278753426388,-0.6735621811602658,-0.5022050292208885,-3.25679597089325
2005,-0.5995587101180465,-0.8649489447845848,0.16059734251536145,-0.2649770136397166,-1.1202823454325705,-0.3913993973173937
2005,-0.5995587101180465,-0.8649489447845848,-0.053692744627838615,-0.4284110806479362,-0.5022050292208885,-0.17514305239891675
2005,-0.5995587101180465,-1.511749627279726,1.8749180396609622,1.0424955224260406,-0.2549741027362156,-0.012950793223482356
2005,-0.5995587101180465,0.4286524202056975,-0.48227291891423885,-0.7552792146643756,-0.2549741027362156,-0.012950793223482356
2005,-0.5995587101180465,-0.8649489447845848,-0.803708049629039,-1.000430315176705,-0.6258204924632249,-0.06701487993967836
2005,-0.5995587101180465,-0.21814826228944365,0.5891775168017618,0.06189112037672286,-0.5022050292208885,-0.06701487993967836
2005,-0.5995587101180465,-0.8649489447845848,0.8034676039449619,0.8790614554178212,-0.13135863949387921,-0.06701487993967836
2005,-0.5995587101180465,-0.21814826228944365,-0.48227291891423885,-0.7552792146643756,-0.13135863949387921,-0.06701487993967836
2005,-0.5995587101180465,-0.8649489447845848,-0.053692744627838615,-0.10154294663149696,-0.007743176251542805,-0.06701487993967836
2005,-0.5995587101180465,-0.8649489447845848,-0.6965630060574389,-0.9187132816725954,-0.13135863949387921,-0.06701487993967836
2005,-0.5995587101180465,-0.8649489447845848,0.8034676039449619,0.2253251873849425,-0.13135863949387921,-0.06701487993967836
2005,-0.5995587101180465,-0.8649489447845848,-0.16083778819943864,-0.5101281141520461,-0.8730514189478977,-0.9320402604894241
2005,-0.5995587101180465,-0.8649489447845848,1.6606279525177623,0.8790614554178212,-0.8730514189478977,-0.8239120879328703
2005,-0.5995587101180465,-0.21814826228944365,-0.053692744627838615,-0.4284110806479362,-0.6258204924632249,-0.8239120879328703
2005,-0.5995587101180465,-0.21814826228944365,-0.26798283177103865,-0.5918451476561558,-0.7494359557055613,-0.7698480016059357
2005,-0.5995587101180465,-0.8649489447845848,0.8034676039449619,0.2253251873849425,-0.9966668821902341,-0.8239120879328703
2005,-0.5995587101180465,-0.8649489447845848,0.5891775168017618,0.2253251873849425,-1.6147441984019162,-0.7698480016059357
2005,-0.5995587101180465,-0.8649489447845848,-0.6965630060574389,-0.9187132816725954,-1.4911287351595799,-0.7698480016059357
2006,-0.5995587101180465,-0.21814826228944365,-0.053692744627838615,-0.4284110806479362,-0.9966668821902341,-0.6617198290493819
2006,-0.5995587101180465,-0.8649489447845848,1.446337865374562,1.3693636564424803,-1.1202823454325705,-0.6617198290493819
2006,-0.5995587101180465,-1.511749627279726,0.16059734251536145,-0.2649770136397166,-1.1202823454325705,-3.25679597089325
2006,-0.5995587101180465,-1.511749627279726,0.3748874296585615,0.2253251873849425,-0.8730514189478977,-0.6617198290493819
2006,-0.5995587101180465,-0.21814826228944365,-0.48227291891423885,-0.7552792146643756,-0.8730514189478977,-0.6617198290493819
2006,-0.5995587101180465,-0.8649489447845848,1.2320477782313621,0.552193321401382,-1.1202823454325705,-0.7698480016059357
2006,-0.5995587101180465,-0.8649489447845848,1.8749180396609622,1.0424955224260406,-0.9966668821902341,-0.7157839153763164
2006,-0.5995587101180465,-0.21814826228944365,-0.053692744627838615,-0.4284110806479362,-0.9966668821902341,-0.7157839153763164
2006,-0.5995587101180465,-0.21814826228944365,-0.6965630060574389,-0.9187132816725954,-1.243897808674907,-0.7698480016059357
2006,-0.5995587101180465,-0.8649489447845848,-0.48227291891423885,-0.10154294663149696,-1.1202823454325705,-0.8239120879328703
2006,-0.5995587101180465,-0.0005492804851685446,1.8749180396609622,1.0424955224260406,-1.1202823454325705,-0.3589609458715682
2006,-0.5995587101180465,-0.21814826228944365,-0.053692744627838615,-0.4284110806479362,-1.1202823454325705,-0.33733531157435115
2006,-0.5995587101180465,-0.21814826228944365,-0.6965630060574389,-0.9187132816725954,-1.1202823454325705,-0.33733531157435115
2006,-0.5995587101180465,-0.8649489447845848,-0.053692744627838615,-0.4284110806479362,-1.3675132719172434,-0.45627630118219814
2006,-0.5995587101180465,-0.8649489447845848,1.3391928218029618,0.6339103549054915,-1.1202823454325705,-0.4454634840335897
2006,-0.5995587101180465,-0.21814826228944365,1.0177576910881618,0.552193321401382,-1.3675132719172434,-1.1374837883566078
2006,-0.5995587101180465,-0.21814826228944365,-0.6965630060574389,-0.9187132816725954,-6.198606669341106e-05,-1.1374837883566078
2006,-0.0006595061459157986,-0.8649489447845848,2.0892081268041625,1.2059295894342605,-1.3675132719172434,-1.0401684330459777
2006,-0.5995587101180465,-0.21814826228944365,0.16059734251536145,-0.2649770136397166,-1.3675132719172434,-1.1374837883566078
2006,-0.5995587101180465,-0.8649489447845848,-0.26798283177103865,-0.5918451476561558,-1.3675132719172434,-1.6348733821556813
2006,-0.5995587101180465,-0.8649489447845848,1.8749180396609622,1.0424955224260406,-0.9966668821902341,-0.22920713911511276
2006,-0.5995587101180465,-0.21814826228944365,1.2320477782313621,0.552193321401382,-0.9966668821902341,-0.16433023525030832
2006,-0.5995587101180465,0.4286524202056975,-0.053692744627838615,-0.4284110806479362,-0.9966668821902341,-0.16433023525030832
2006,0.23564656453365068,-0.8649489447845848,-0.6965630060574389,-0.5918451476561558,-0.9966668821902341,-0.06701487993967836
2006,-0.5995587101180465,-0.21814826228944365,-0.48227291891423885,-0.7552792146643756,-0.8730514189478977,-0.16433023525030832
2006,-0.5995587101180465,-0.21814826228944365,1.0177576910881618,0.3887592543931621,-0.5022050292208885,-0.8455377224247179
2006,-0.5995587101180465,-0.21814826228944365,-0.6965630060574389,-0.2649770136397166,-0.8730514189478977,-0.6617198290493819
2006,-0.5995587101180465,-0.21814826228944365,-0.6965630060574389,-0.9187132816725954,-0.7494359557055613,-0.650907011803458
2006,-0.5995587101180465,1.0754531027008387,-0.26798283177103865,-0.5918451476561558,-0.5022050292208885,-0.8455377224247179
2006,-0.5995587101180465,-0.8649489447845848,1.6606279525177623,0.8790614554178212,-0.6258204924632249,-0.8455377224247179
2006,-0.5995587101180465,-0.8649489447845848,1.446337865374562,1.0424955224260406,-0.3785895659785521,-0.06701487993967836
2006,-0.5995587101180465,-0.8649489447845848,-0.053692744627838615,-0.4284110806479362,-0.6258204924632249,-0.3913993973173937
2006,-0.5995587101180465,0.4286524202056975,-0.26798283177103865,0.552193321401382,-0.13135863949387921,-0.06701487993967836
2006,-0.5995587101180465,1.0754531027008387,-0.26798283177103865,-0.5918451476561558,-0.5022050292208885,-0.06701487993967836
2006,-0.5995587101180465,1.0754531027008387,-0.5894179624858389,-0.8369962481684854,-0.13135863949387921,-0.06701487993967836
2006,-0.5995587101180465,-0.8649489447845848,1.2320477782313621,0.8790614554178212,-0.007743176251542805,0.12761583068158153
2006,0.23564656453365068,-0.8649489447845848,-0.48227291891423885,-0.4284110806479362,-0.13135863949387921,0.12761583068158153
2006,-0.5995587101180465,-0.21814826228944365,-0.6965630060574389,-0.9187132816725954,-0.007743176251542805,0.12761583068158153
2006,-0.5995587101180465,-0.21814826228944365,0.16059734251536145,0.3887592543931621,0.11587228699079362,0.12761583068158153
2006,-0.5995587101180465,-0.21814826228944365,-0.48227291891423885,-0.7552792146643756,-0.007743176251542805,0.12761583068158153
2006,-0.5995587101180465,2.369054467691121,-0.910853093200639,-1.0821473486808149,0.3631032134754665,0.03030047537095158
2006,-0.5995587101180465,-0.21814826228944365,0.8034676039449619,0.2253251873849425,0.3631032134754665,0.03030047537095158
2006,-0.5995587101180465,1.7222537851959798,-0.910853093200639,-0.7552792146643756,0.11587228699079362,0.03030047537095158
2006,-0.5995587101180465,-0.8649489447845848,1.8749180396609622,1.0424955224260406,0.11587228699079362,0.03030047537095158
2006,-0.5995587101180465,-0.8649489447845848,-0.910853093200639,-1.0821473486808149,0.11587228699079362,0.03030047537095158
2006,-0.5995587101180465,1.0754531027008387,-0.0003393619650962224,0.0006992739401450925,0.6103341399601393,0.5817541557889059
2006,-0.5995587101180465,-0.8649489447845848,0.5891775168017618,0.06189112037672286,0.4867186767178029,0.5817541557889059
2006,-0.5995587101180465,-0.8649489447845848,1.446337865374562,1.2059295894342605,0.3631032134754665,0.5817541557889059
2006,-0.5995587101180465,-1.511749627279726,-0.6965630060574389,-0.9187132816725954,0.4867186767178029,0.5817541557889059
2006,-0.5995587101180465,-0.8649489447845848,-0.053692744627838615,0.06189112037672286,0.23948775023313004,0.6141926072347312
2006,-0.5995587101180465,-0.21814826228944365,-0.910853093200639,-1.0821473486808149,0.9811805296871485,0.9061386731666211
2006,-0.5995587101180465,-0.8649489447845848,-0.053692744627838615,-0.18325998013560668,0.8575650664448121,0.9061386731666211
2006,-0.5995587101180465,-0.21814826228944365,0.3748874296585615,-0.10154294663149696,0.23948775023313004,0.9061386731666211
2006,-0.5995587101180465,-0.8649489447845848,1.2320477782313621,0.8790614554178212,1.2284114561718213,0.9061386731666211
2006,-0.5995587101180465,3.0158551501862623,-0.6965630060574389,-0.9187132816725954,1.3520269194141579,0.9061386731666211
2006,-0.5995587101180465,-0.21814826228944365,-0.053692744627838615,-0.4284110806479362,0.4867186767178029,0.4195618966134714
2006,-0.5995587101180465,-1.511749627279726,-0.26798283177103865,-0.5918451476561558,0.6103341399601393,0.4195618966134714
2006,-0.5995587101180465,-0.8649489447845848,-0.053692744627838615,-0.10154294663149696,0.4867186767178029,0.4195618966134714
2006,-0.5995587101180465,-0.8649489447845848,-0.26798283177103865,0.06189112037672286,1.104795992929485,0.7115079625453612
2006,-0.5995587101180465,-0.21814826228944365,-0.26798283177103865,-0.5918451476561558,1.2284114561718213,0.7115079625453612
2006,-0.5995587101180465,-0.8649489447845848,0.8034676039449619,0.3887592543931621,1.2284114561718213,0.7115079625453612
2006,-0.5995587101180465,-0.8649489447845848,-0.053692744627838615,1.2059295894342605,1.2284114561718213,0.7115079625453612
2006,-0.5995587101180465,-0.8649489447845848,-0.6965630060574389,-0.9187132816725954,1.104795992929485,0.7115079625453612
2006,-0.5995587101180465,-1.511749627279726,3.160658562520163,6.926121934721949,1.104795992929485,0.6898823282481443
2006,-0.5995587101180465,-0.8649489447845848,-0.6965630060574389,-0.9187132816725954,0.9811805296871485,0.6898823282481443
2006,-0.5995587101180465,-0.21814826228944365,0.5891775168017618,0.06189112037672286,1.5992578458988307,0.6898823282481443
2006,-0.5995587101180465,-0.8649489447845848,-0.803708049629039,-0.9187132816725954,1.3520269194141579,-3.25679597089325
2006,-0.5995587101180465,-0.8649489447845848,-0.6965630060574389,-0.9187132816725954,0.23948775023313004,0.6358182415319481
2006,-0.5995587101180465,-0.8649489447845848,0.16059734251536145,1.3693636564424803,1.4756423826564942,1.0142668456258594
2006,-0.5995587101180465,-1.511749627279726,-0.26798283177103865,-0.2649770136397166,1.2284114561718213,1.003454028477251
2006,-0.5995587101180465,-0.21814826228944365,-0.48227291891423885,-0.7552792146643756,1.3520269194141579,1.0142668456258594
2006,-0.5995587101180465,-0.8649489447845848,-0.6965630060574389,-0.9187132816725954,1.3520269194141579,1.0142668456258594
2006,-0.5995587101180465,-0.8649489447845848,-0.0003393619650962224,0.0006992739401450925,1.2284114561718213,1.0142668456258594
2006,-0.5995587101180465,-2.805350992270008,0.2677423860869616,0.8790614554178212,0.8575650664448121,1.0142668456258594
2006,-0.5995587101180465,-0.8649489447845848,-0.053692744627838615,-0.2649770136397166,0.9811805296871485,1.0683309323420556
2006,-0.5995587101180465,-0.21814826228944365,-0.26798283177103865,-0.34669404714382634,0.8575650664448121,1.0142668456258594
2006,-0.5995587101180465,-0.8649489447845848,-0.6965630060574389,-0.9187132816725954,1.2284114561718213,1.0683309323420556
2006,-0.5995587101180465,2.369054467691121,-0.910853093200639,-1.0821473486808149,1.4756423826564942,1.0683309323420556
2006,-0.5995587101180465,-0.8649489447845848,0.3748874296585615,-0.10154294663149696,0.7339496032024757,0.5817541557889059
2006,-0.5995587101180465,-0.21814826228944365,-0.16083778819943864,0.2253251873849425,0.6103341399601393,0.5276900690727098
2006,-0.5995587101180465,-0.8649489447845848,-0.0003393619650962224,0.0006992739401450925,0.7339496032024757,0.5276900690727098
2006,-0.5995587101180465,-1.511749627279726,0.3748874296585615,1.4510806899465898,0.7339496032024757,0.5817541557889059
2006,-0.5995587101180465,-0.8649489447845848,-0.6965630060574389,-0.9187132816725954,0.8575650664448121,0.5276900690727098
2006,-0.5995587101180465,-0.8649489447845848,0.16059734251536145,0.2253251873849425,0.3631032134754665,0.311433724154233
2006,-0.5995587101180465,-0.8649489447845848,0.8034676039449619,1.2059295894342605,0.23948775023313004,0.311433724154233
2006,-0.5995587101180465,-0.8649489447845848,-0.6965630060574389,-0.9187132816725954,-0.007743176251542805,0.311433724154233
2006,-0.5995587101180465,-0.8649489447845848,-0.26798283177103865,-0.5918451476561558,0.23948775023313004,0.311433724154233
2006,-0.5995587101180465,-0.21814826228944365,-0.053692744627838615,-0.10154294663149696,0.11587228699079362,0.2573696374380368
2006,-0.5995587101180465,-0.21814826228944365,-0.26798283177103865,-0.5918451476561558,0.6103341399601393,0.6898823282481443
2006,-0.5995587101180465,-0.8649489447845848,1.0177576910881618,1.0424955224260406,0.4867186767178029,0.6898823282481443
2006,-0.5995587101180465,-0.8649489447845848,-0.910853093200639,-1.0821473486808149,0.8575650664448121,0.7439464139911866
2006,-0.5995587101180465,-0.0005492804851685446,0.5891775168017618,0.06189112037672286,0.6103341399601393,0.7439464139911866
2006,-0.5995587101180465,-0.21814826228944365,-0.26798283177103865,-0.10154294663149696,0.4867186767178029,0.6898823282481443
2006,6.082083487095531,-0.21814826228944365,-0.26798283177103865,-0.10154294663149696,-0.007743176251542805,0.2573696374380368
2006,-0.5995587101180465,-0.8649489447845848,-0.6965630060574389,-0.2649770136397166,0.23948775023313004,0.36549780989727554
2006,-0.5995587101180465,-0.21814826228944365,0.5891775168017618,0.06189112037672286,0.3631032134754665,0.36549780989727554
2006,-0.5995587101180465,-0.0005492804851685446,-0.6965630060574389,-0.9187132816725954,-6.198606669341106e-05,0.36549780989727554
2006,-0.5995587101180465,0.4286524202056975,-0.48227291891423885,-0.7552792146643756,0.4867186767178029,0.36549780989727554
2006,-0.5995587101180465,-0.8649489447845848,1.6606279525177623,0.8790614554178212,-0.6258204924632249,-0.012950793223482356
2006,-0.5995587101180465,-0.8649489447845848,-0.48227291891423885,-0.7552792146643756,-0.8730514189478977,-0.012950793223482356
2006,-0.5995587101180465,-0.8649489447845848,-0.910853093200639,-1.0821473486808149,-0.13135863949387921,0.04111329251956002
2006,-0.5995587101180465,-0.8649489447845848,0.16059734251536145,-0.2649770136397166,-0.3785895659785521,0.04111329251956002
2006,-0.5995587101180465,-0.21814826228944365,-0.6965630060574389,-0.9187132816725954,0.11587228699079362,0.0951773792357562
2006,-0.5995587101180465,-0.8649489447845848,1.0177576910881618,1.2059295894342605,-0.13135863949387921,0.2573696374380368
2006,-0.5995587101180465,-0.8649489447845848,0.16059734251536145,0.2253251873849425,-0.007743176251542805,0.2573696374380368
2006,-0.5995587101180465,-0.8649489447845848,1.0177576910881618,0.3887592543931621,-0.007743176251542805,0.2573696374380368
2006,-0.5995587101180465,-0.8649489447845848,0.16059734251536145,0.30704222088905225,-0.13135863949387921,0.2573696374380368
2006,-0.5995587101180465,-0.8649489447845848,-0.48227291891423885,-0.7552792146643756,-0.007743176251542805,0.2573696374380368
2006,-0.5995587101180465,-0.8649489447845848,1.446337865374562,1.2059295894342605,-0.4403972975997203,0.2573696374380368
2006,-0.5995587101180465,-0.8649489447845848,0.16059734251536145,0.2253251873849425,-0.3785895659785521,0.2573696374380368
2006,-0.5995587101180465,-0.8649489447845848,-0.053692744627838615,-0.10154294663149696,-0.5022050292208885,0.2573696374380368
2006,-0.5995587101180465,-0.21814826228944365,-0.6965630060574389,-0.9187132816725954,-0.2549741027362156,0.2573696374380368
2006,-0.5995587101180465,-0.8649489447845848,-0.910853093200639,-1.0821473486808149,-0.5022050292208885,0.2573696374380368
2006,-0.5995587101180465,-1.511749627279726,-0.910853093200639,-0.9187132816725954,-0.3785895659785521,-0.12107896665587438
2006,-0.5995587101180465,1.0754531027008387,-0.6965630060574389,-0.9187132816725954,-0.6258204924632249,-0.12107896665587438
2006,-0.5995587101180465,-0.8649489447845848,1.8749180396609622,1.0424955224260406,-0.6258204924632249,-0.12107896665587438
2006,-0.5995587101180465,-0.8649489447845848,-0.26798283177103865,-0.5918451476561558,-0.6258204924632249,-0.553591656492828
2006,-0.5995587101180465,-0.0005492804851685446,0.2677423860869616,-0.019825913127387046,-0.6258204924632249,-0.12107896665587438
2007,-0.5995587101180465,-2.805350992270008,1.446337865374562,1.3693636564424803,4.442413500472568,-2.6080269351646654
2007,-0.5995587101180465,-0.8649489447845848,0.16059734251536145,-0.2649770136397166,-0.7494359557055613,-0.33733531157435115
2007,-0.5995587101180465,-0.21814826228944365,-0.6965630060574389,-0.9187132816725954,-0.6258204924632249,-0.22920713911511276
2007,-0.5995587101180465,-0.8649489447845848,0.16059734251536145,0.2253251873849425,-0.5022050292208885,-0.22920713911511276
2007,-0.5995587101180465,-0.21814826228944365,0.3748874296585615,-0.10154294663149696,-1.3675132719172434,-0.7157839153763164
2007,-0.5995587101180465,-1.511749627279726,0.8034676039449619,0.2253251873849425,-1.3675132719172434,-0.17514305239891675
2007,-0.5995587101180465,-0.21814826228944365,-0.48227291891423885,-0.7552792146643756,-1.4911287351595799,-0.7157839153763164
2007,-0.5995587101180465,-0.8649489447845848,-0.6965630060574389,-0.9187132816725954,-1.4911287351595799,-0.7157839153763164
2007,-0.5995587101180465,-0.8649489447845848,3.160658562520163,2.0230999244753587,-1.6147441984019162,-0.9320402604894241
2007,-0.5995587101180465,-0.8649489447845848,-0.16083778819943864,-0.5101281141520461,-1.6147441984019162,-0.9861043467190432
2007,-0.5995587101180465,1.0754531027008387,-0.6965630060574389,-0.9187132816725954,-1.6147441984019162,-0.9320402604894241
2007,-0.5995587101180465,-0.21814826228944365,-0.48227291891423885,-0.7552792146643756,-1.6147441984019162,-0.9320402604894241
2007,-0.5995587101180465,-0.21814826228944365,0.3748874296585615,-0.10154294663149696,-1.6147441984019162,-0.9320402604894241
2007,-0.5995587101180465,-0.8649489447845848,2.946368475376963,1.859665857467139,-1.7383596616442527,-1.8511297272687888
2007,-0.5995587101180465,-0.21814826228944365,1.0177576910881618,0.3887592543931621,-1.6147441984019162,-1.8511297272687888
2007,-0.5995587101180465,-0.21814826228944365,-0.053692744627838615,-0.4284110806479362,-1.7383596616442527,-1.8511297272687888
2007,-0.5995587101180465,-0.8649489447845848,-0.48227291891423885,-0.7552792146643756,-1.861975124886589,-1.8511297272687888
2007,-0.5995587101180465,-0.8649489447845848,-0.6965630060574389,-0.9187132816725954,-1.9855905881289255,-1.8511297272687888
2007,-0.0006595061459157986,-1.511749627279726,1.8749180396609622,1.0424955224260406,-0.9966668821902341,-0.553591656492828
2007,-0.0006595061459157986,-0.21814826228944365,-0.26798283177103865,-0.5918451476561558,-6.198606669341106e-05,-0.6617198290493819
2007,-0.0006595061459157986,-0.8649489447845848,-0.48227291891423885,-0.7552792146643756,-0.9966668821902341,-0.6617198290493819
2007,-0.0006595061459157986,-0.8649489447845848,-0.48227291891423885,-0.5918451476561558,-1.1202823454325705,-0.6617198290493819
2007,-0.0006595061459157986,-0.21814826228944365,0.5891775168017618,0.2253251873849425,-0.8730514189478977,-0.6617198290493819
2007,-0.5995587101180465,-0.8649489447845848,-0.48227291891423885,-0.6408753677586219,-0.8730514189478977,-0.4995275697766321
2007,-0.5995587101180465,-0.8649489447845848,-0.803708049629039,-1.000430315176705,-0.5022050292208885,-0.4995275697766321
2007,-0.5995587101180465,-0.21814826228944365,-0.053692744627838615,-0.4284110806479362,-0.3785895659785521,-0.4454634840335897
2007,-0.5995587101180465,-0.21814826228944365,0.16059734251536145,0.2253251873849425,-0.3785895659785521,-0.7157839153763164
2007,-0.5995587101180465,-0.21814826228944365,-0.48227291891423885,-0.7552792146643756,-0.6258204924632249,-0.7157839153763164
2007,-0.5995587101180465,-1.511749627279726,1.0177576910881618,0.8790614554178212,-0.5022050292208885,-0.7698480016059357
2007,-0.5995587101180465,-0.21814826228944365,-0.26798283177103865,-0.5918451476561558,-0.3785895659785521,-0.7157839153763164
2007,-0.5995587101180465,-0.8649489447845848,-0.26798283177103865,-0.5101281141520461,-0.8730514189478977,-0.7698480016059357
2007,-0.5995587101180465,-0.8649489447845848,1.0177576910881618,0.8790614554178212,-0.7494359557055613,-0.4454634840335897
2007,-0.5995587101180465,-0.21814826228944365,0.3748874296585615,0.06189112037672286,-0.6258204924632249,-0.4454634840335897
2007,-0.5995587101180465,-0.8649489447845848,-0.6965630060574389,-0.9187132816725954,-0.6258204924632249,-1.5267452095991276
2007,-0.5995587101180465,0.4286524202056975,-0.16083778819943864,-0.5101281141520461,-0.6258204924632249,-0.4454634840335897
2007,-0.5995587101180465,-0.8649489447845848,-0.910853093200639,-0.9187132816725954,-0.6258204924632249,-0.17514305239891675
2007,-0.5995587101180465,-0.8649489447845848,0.16059734251536145,0.2253251873849425,0.11587228699079362,-0.06701487993967836
2007,-0.5995587101180465,-0.8649489447845848,0.8034676039449619,2.0230999244753587,0.23948775023313004,-0.06701487993967836
2007,-0.5995587101180465,0.4286524202056975,-0.26798283177103865,-0.5918451476561558,0.11587228699079362,-0.06701487993967836
2007,-0.5995587101180465,-0.8649489447845848,-0.48227291891423885,-0.7552792146643756,0.11587228699079362,-0.06701487993967836
2007,-0.5995587101180465,-0.8649489447845848,-0.26798283177103865,-0.10154294663149696,0.11587228699079362,-0.06701487993967836
2007,-0.5995587101180465,1.7222537851959798,-0.6965630060574389,-0.9187132816725954,0.7339496032024757,0.311433724154233
2007,-0.5995587101180465,-0.21814826228944365,-0.053692744627838615,-0.2649770136397166,0.23948775023313004,0.2573696374380368
2007,-0.5995587101180465,1.7222537851959798,-0.48227291891423885,-0.7552792146643756,0.6103341399601393,0.311433724154233
2007,-0.5995587101180465,-0.21814826228944365,-0.053692744627838615,-0.4284110806479362,0.9811805296871485,0.7980105007073827
2007,-0.5995587101180465,1.7222537851959798,-0.910853093200639,-1.0821473486808149,0.9811805296871485,0.7439464139911866
2007,-0.5995587101180465,-0.8649489447845848,-0.16083778819943864,-0.18325998013560668,0.7339496032024757,0.7439464139911866
2007,-0.5995587101180465,0.4286524202056975,-0.48227291891423885,-0.7552792146643756,0.8575650664448121,0.7439464139911866
2007,-0.5995587101180465,-0.8649489447845848,1.0177576910881618,0.552193321401382,1.104795992929485,0.7439464139911866
2007,-0.5995587101180465,-0.8649489447845848,14.732323268252967,10.848539542919221,0.23948775023313004,0.36549780989727554
2007,-0.5995587101180465,-0.8649489447845848,0.8034676039449619,0.552193321401382,0.3631032134754665,0.36549780989727554
2007,-0.5995587101180465,-0.8649489447845848,0.8034676039449619,0.2253251873849425,0.6103341399601393,0.36549780989727554
2007,-0.5995587101180465,-0.21814826228944365,-0.26798283177103865,-0.5918451476561558,0.6103341399601393,0.36549780989727554
2007,0.23564656453365068,1.0754531027008387,-0.48227291891423885,-0.7552792146643756,0.3631032134754665,0.36549780989727554
2007,-0.5995587101180465,0.4286524202056975,-0.053692744627838615,-0.4284110806479362,0.9811805296871485,0.7439464139911866
2007,-0.5995587101180465,0.4286524202056975,0.8034676039449619,0.3887592543931621,1.2284114561718213,0.7439464139911866
2007,-0.5995587101180465,0.4286524202056975,0.8034676039449619,0.3887592543931621,1.2284114561718213,0.7439464139911866
2007,-0.5995587101180465,-0.8649489447845848,-0.053692744627838615,0.2253251873849425,0.7339496032024757,1.176459104801294
2007,-0.5995587101180465,0.4286524202056975,-0.48227291891423885,-0.7552792146643756,0.8575650664448121,0.6898823282481443
2007,-0.5995587101180465,-0.6062286717865281,-0.48227291891423885,-0.7552792146643756,-6.198606669341106e-05,1.176459104801294
2007,-0.5995587101180465,-0.0005492804851685446,0.5891775168017618,0.2253251873849425,1.3520269194141579,1.0683309323420556
2007,-0.5995587101180465,-0.21814826228944365,0.5891775168017618,0.3887592543931621,1.4756423826564942,1.176459104801294
2007,-0.5995587101180465,-0.21814826228944365,-0.48227291891423885,-0.10154294663149696,1.104795992929485,1.0683309323420556
2007,-0.5995587101180465,-0.21814826228944365,-0.48227291891423885,-0.7552792146643756,1.4756423826564942,1.176459104801294
2007,-0.5995587101180465,0.4286524202056975,0.5891775168017618,0.552193321401382,1.5992578458988307,1.122395018085098
2007,-0.5995587101180465,2.369054467691121,-0.26798283177103865,-0.5918451476561558,1.4756423826564942,1.122395018085098
2007,-0.5995587101180465,-0.8649489447845848,-0.5894179624858389,-0.8369962481684854,1.3520269194141579,1.0683309323420556
2007,-0.5995587101180465,1.0754531027008387,-0.16083778819943864,-0.34669404714382634,1.2284114561718213,0.9602027598828169
2007,-0.5995587101180465,-0.21814826228944365,-0.053692744627838615,-0.019825913127387046,1.4756423826564942,1.0142668456258594
2007,-0.5995587101180465,0.4286524202056975,-0.26798283177103865,0.06189112037672286,0.9811805296871485,1.0683309323420556
2007,-0.5995587101180465,-0.21814826228944365,0.3748874296585615,0.2253251873849425,1.2284114561718213,1.0683309323420556
2007,-0.5995587101180465,-0.8649489447845848,-0.053692744627838615,0.06189112037672286,1.2284114561718213,1.176459104801294
2007,-0.5995587101180465,-0.8649489447845848,-0.6965630060574389,-0.9187132816725954,1.2284114561718213,1.176459104801294
2007,-0.5995587101180465,-0.21814826228944365,-0.48227291891423885,-0.7552792146643756,1.2284114561718213,1.122395018085098
2007,-0.5995587101180465,-0.21814826228944365,0.5891775168017618,0.06189112037672286,0.9811805296871485,1.122395018085098
2007,-0.5995587101180465,1.7222537851959798,-0.053692744627838615,-0.18325998013560668,0.8575650664448121,1.122395018085098
2007,-0.5995587101180465,1.7222537851959798,-0.803708049629039,-1.000430315176705,1.104795992929485,1.2305231905443363
2007,-0.5995587101180465,1.7222537851959798,0.48203247323016163,0.2253251873849425,1.2284114561718213,1.2305231905443363
2007,-0.5995587101180465,1.7222537851959798,-0.910853093200639,-0.9187132816725954,1.4756423826564942,1.176459104801294
2007,-0.5995587101180465,1.7222537851959798,-0.053692744627838615,0.06189112037672286,0.9811805296871485,0.6898823282481443
2007,-0.5995587101180465,0.4286524202056975,-0.053692744627838615,0.2253251873849425,0.8575650664448121,0.6898823282481443
2007,-0.5995587101180465,1.0754531027008387,-0.48227291891423885,-0.7552792146643756,0.9811805296871485,0.7439464139911866
2007,-0.5995587101180465,-0.0005492804851685446,-0.26798283177103865,-0.5918451476561558,0.8575650664448121,0.6898823282481443
2007,-0.5995587101180465,1.0754531027008387,-0.053692744627838615,0.2253251873849425,0.8575650664448121,0.6898823282481443
2007,-0.5995587101180465,-0.21814826228944365,-0.6965630060574389,0.3887592543931621,1.104795992929485,0.311433724154233
2007,-0.5995587101180465,-0.21814826228944365,-0.48227291891423885,-0.7552792146643756,0.3631032134754665,0.311433724154233
2007,-0.5995587101180465,-0.21814826228944365,0.16059734251536145,0.2253251873849425,0.4867186767178029,0.311433724154233
2007,-0.5995587101180465,0.4286524202056975,-0.48227291891423885,-0.7552792146643756,0.6103341399601393,0.311433724154233
2007,-0.5995587101180465,-0.21814826228944365,-0.26798283177103865,-0.10154294663149696,0.6103341399601393,0.2573696374380368
2007,-0.5995587101180465,-0.0005492804851685446,-0.48227291891423885,-0.7552792146643756,0.6103341399601393,0.5276900690727098
2007,-0.5995587101180465,-0.0005492804851685446,-0.48227291891423885,-0.4610978940495802,0.6103341399601393,0.5276900690727098
2007,-0.5995587101180465,-0.0005492804851685446,-0.48227291891423885,0.3887592543931621,0.6103341399601393,0.5276900690727098
2007,-0.5995587101180465,-0.0005492804851685446,-0.26798283177103865,0.06189112037672286,0.3631032134754665,0.5276900690727098
2007,-0.5995587101180465,-0.0005492804851685446,0.48203247323016163,0.1436081538808326,0.6103341399601393,0.5276900690727098
2007,-0.5995587101180465,-0.21814826228944365,-0.26798283177103865,-0.10154294663149696,1.2284114561718213,0.4195618966134714
2007,-0.5995587101180465,-0.21814826228944365,0.2677423860869616,0.552193321401382,1.2284114561718213,0.4736259833296672
2007,-0.5995587101180465,-0.21814826228944365,0.48203247323016163,0.3887592543931621,1.2284114561718213,0.4195618966134714
2007,-0.5995587101180465,-0.21814826228944365,-0.3751278753426388,-0.6735621811602658,1.2284114561718213,0.4195618966134714
2007,-0.5995587101180465,-0.21814826228944365,-0.6965630060574389,-0.9187132816725954,1.2284114561718213,0.4736259833296672
2007,-0.0006595061459157986,-0.21814826228944365,0.5891775168017618,0.552193321401382,-0.007743176251542805,-0.22920713911511276
2007,-0.5995587101180465,-0.21814826228944365,0.05345229894376153,-0.2649770136397166,-0.6258204924632249,-0.17514305239891675
2007,-0.0006595061459157986,0.4286524202056975,-0.48227291891423885,-0.7552792146643756,-0.2549741027362156,-0.22920713911511276
2007,-0.5995587101180465,-0.21814826228944365,0.5891775168017618,0.3887592543931621,-0.6258204924632249,-0.06701487993967836
2007,-0.5995587101180465,-0.21814826228944365,-0.26798283177103865,-0.5918451476561558,-0.7494359557055613,-0.17514305239891675
2007,-0.5995587101180465,-0.21814826228944365,1.0177576910881618,0.3887592543931621,-1.6147441984019162,-1.2564247781590854
2007,-0.5995587101180465,-0.21814826228944365,-0.5894179624858389,-0.8369962481684854,-1.6147441984019162,-1.2564247781590854
2007,-0.5995587101180465,-0.8649489447845848,0.3748874296585615,1.859665857467139,-1.6147441984019162,-1.2564247781590854
2007,-0.5995587101180465,-0.21814826228944365,-0.053692744627838615,-0.019825913127387046,-1.6147441984019162,-1.2564247781590854
2007,-0.5995587101180465,-0.21814826228944365,-0.26798283177103865,-0.4284110806479362,-1.6147441984019162,-1.2564247781590854
2007,-0.5995587101180465,-0.8649489447845848,-0.053692744627838615,0.3887592543931621,-1.3675132719172434,-0.8779761741624893
2007,-0.5995587101180465,-0.8649489447845848,-0.053692744627838615,-0.4284110806479362,-1.243897808674907,-0.8779761741624893
2007,-0.5995587101180465,-1.511749627279726,1.2320477782313621,0.552193321401382,-1.3675132719172434,-1.0942325193729123
2007,-0.5995587101180465,-0.8649489447845848,0.16059734251536145,-0.18325998013560668,-1.3675132719172434,-1.0942325193729123
2007,-0.5995587101180465,-0.21814826228944365,-0.26798283177103865,-0.2649770136397166,-1.4911287351595799,-1.1482966056025317
2008,-0.5995587101180465,-0.8649489447845848,1.0177576910881618,0.8790614554178212,-1.7383596616442527,-1.688937468482616
2008,-0.5995587101180465,-0.8649489447845848,0.5891775168017618,0.2253251873849425,-1.861975124886589,-1.688937468482616
2008,-0.5995587101180465,-0.21814826228944365,-0.26798283177103865,-0.5918451476561558,-2.2328215146135983,-1.688937468482616
2008,-0.5995587101180465,-0.21814826228944365,-0.6965630060574389,-0.5918451476561558,-2.109206051371262,-1.688937468482616
2008,-0.5995587101180465,-0.21814826228944365,0.2677423860869616,-0.10154294663149696,-2.2328215146135983,-1.688937468482616
2008,0.23564656453365068,-0.21814826228944365,-0.48227291891423885,-0.7552792146643756,-1.4911287351595799,-0.9861043467190432
2008,0.23564656453365068,-0.8649489447845848,0.8034676039449619,0.8790614554178212,-1.4911287351595799,-0.9861043467190432
2008,0.23564656453365068,-0.21814826228944365,0.3748874296585615,0.2253251873849425,-1.6147441984019162,-0.9861043467190432
2008,0.23564656453365068,-0.21814826228944365,0.16059734251536145,-0.2649770136397166,-1.6147441984019162,-0.9861043467190432
2008,0.23564656453365068,-0.8649489447845848,1.446337865374562,0.8790614554178212,-1.4911287351595799,-0.9861043467190432
2008,-0.5995587101180465,-0.8649489447845848,-0.6965630060574389,0.2253251873849425,-0.3785895659785521,0.04111329251956002
2008,-0.5995587101180465,-0.21814826228944365,0.3748874296585615,-0.10154294663149696,-0.2549741027362156,0.04111329251956002
2008,-0.5995587101180465,-0.8649489447845848,2.946368475376963,1.859665857467139,-0.3785895659785521,0.0951773792357562
2008,-0.5995587101180465,-0.21814826228944365,-0.16083778819943864,-0.5101281141520461,-0.3785895659785521,0.04111329251956002
2008,-0.5995587101180465,-0.21814826228944365,-0.6965630060574389,0.06189112037672286,-0.3785895659785521,0.04111329251956002
2008,-0.5995587101180465,-0.8649489447845848,0.3748874296585615,2.1865339914835786,-0.7494359557055613,-0.7698480016059357
2008,-0.5995587101180465,-0.8649489447845848,1.446337865374562,0.8790614554178212,-0.7494359557055613,-0.6617198290493819
2008,-0.5995587101180465,-0.21814826228944365,-0.48227291891423885,-0.10154294663149696,-0.8730514189478977,-0.8239120879328703
2008,-0.5995587101180465,-0.21814826228944365,0.3748874296585615,-0.10154294663149696,-0.7494359557055613,-0.6617198290493819
2008,-0.5995587101180465,-0.0005492804851685446,0.010594281515121474,-0.37938086054547027,-0.7494359557055613,-0.7157839153763164
2008,-0.5995587101180465,-0.21814826228944365,0.16059734251536145,-0.2649770136397166,-1.7383596616442527,-0.8239120879328703
2008,-0.5995587101180465,-0.8649489447845848,1.446337865374562,2.0230999244753587,-1.7383596616442527,-0.8239120879328703
2008,-0.5995587101180465,-0.21814826228944365,-0.0003393619650962224,0.0006992739401450925,-1.6147441984019162,-0.8239120879328703
2008,-0.5995587101180465,-0.8649489447845848,0.8034676039449619,0.2253251873849425,-1.7383596616442527,-0.8239120879328703
2008,-0.5995587101180465,-0.21814826228944365,-0.48227291891423885,-0.10154294663149696,-1.6147441984019162,-0.8239120879328703
2008,-0.5995587101180465,1.0754531027008387,-0.053692744627838615,-0.4284110806479362,-0.5022050292208885,-0.6076557428197626
2008,-0.5995587101180465,-0.8649489447845848,0.8034676039449619,1.2059295894342605,-0.6258204924632249,-0.6076557428197626
2008,-0.5995587101180465,1.0754531027008387,0.16059734251536145,-0.2649770136397166,-0.6258204924632249,-0.6076557428197626
2008,-0.5995587101180465,-0.8649489447845848,0.5891775168017618,1.2059295894342605,-0.3785895659785521,-0.6617198290493819
2008,-0.5995587101180465,-0.21814826228944365,-0.6965630060574389,-0.10154294663149696,-0.7494359557055613,-0.6617198290493819
2008,-0.5995587101180465,1.7222537851959798,-0.6965630060574389,-0.2649770136397166,-0.5022050292208885,-0.6617198290493819
2008,-0.5995587101180465,-0.8649489447845848,0.3748874296585615,0.8790614554178212,-0.7494359557055613,-0.7157839153763164
2008,0.23564656453365068,-0.21814826228944365,-0.48227291891423885,-0.5918451476561558,-0.7494359557055613,-0.7157839153763164
2008,-0.5995587101180465,-0.21814826228944365,-0.48227291891423885,-0.4284110806479362,-0.6258204924632249,-0.6617198290493819
2008,-0.5995587101180465,1.7222537851959798,0.05345229894376153,-0.34669404714382634,-0.6258204924632249,-0.06701487993967836
2008,-0.5995587101180465,-0.21814826228944365,-0.5894179624858389,-0.8369962481684854,-0.7494359557055613,-0.06701487993967836
2008,-0.5995587101180465,-0.8649489447845848,0.9106126475165618,0.7156273884096014,0.8575650664448121,-0.012950793223482356
2008,-0.5995587101180465,-0.8649489447845848,-0.053692744627838615,0.7156273884096014,-0.2549741027362156,-0.06701487993967836
2008,-0.5995587101180465,-0.8649489447845848,-0.48227291891423885,0.3887592543931621,0.4867186767178029,0.5276900690727098
2008,-0.5995587101180465,-0.21814826228944365,-0.48227291891423885,0.3887592543931621,0.23948775023313004,0.5276900690727098
2008,-0.5995587101180465,-1.511749627279726,-0.48227291891423885,1.2059295894342605,0.23948775023313004,0.5276900690727098
2008,-0.5995587101180465,-0.21814826228944365,-0.26798283177103865,-0.2649770136397166,0.23948775023313004,0.5276900690727098
2008,-0.5995587101180465,-0.21814826228944365,0.16059734251536145,0.3887592543931621,0.4867186767178029,0.36549780989727554
2008,-0.5995587101180465,-0.21814826228944365,0.16059734251536145,0.1436081538808326,0.11587228699079362,0.36549780989727554
2008,-0.5995587101180465,-0.8649489447845848,0.16059734251536145,1.2059295894342605,0.4867186767178029,0.4195618966134714
2008,-0.5995587101180465,-0.21814826228944365,-0.26798283177103865,-0.5918451476561558,0.4867186767178029,0.4195618966134714
2008,-0.5995587101180465,-0.21814826228944365,-0.16083778819943864,-0.2649770136397166,0.4867186767178029,0.4195618966134714
2008,-0.5995587101180465,-0.21814826228944365,0.3748874296585615,0.8790614554178212,1.2284114561718213,1.2305231905443363
2008,-0.5995587101180465,0.04057201070861305,0.16059734251536145,0.19263837398329853,0.9811805296871485,1.2305231905443363
2008,-0.5995587101180465,1.0754531027008387,-0.5894179624858389,-0.5918451476561558,1.3520269194141579,0.9602027598828169
2008,-0.5995587101180465,1.3341733756988943,0.16059734251536145,0.06189112037672286,1.2284114561718213,1.0142668456258594
2008,-0.5995587101180465,1.0754531027008387,-0.26798283177103865,-0.5918451476561558,1.104795992929485,1.0142668456258594
2008,0.23564656453365068,-0.8649489447845848,-0.053692744627838615,0.8790614554178212,0.8575650664448121,-3.25679597089325
2008,2.741262388488742,-0.21814826228944365,-0.053692744627838615,-0.2649770136397166,0.795757334823644,0.7980105007073827
2008,0.23564656453365068,-0.21814826228944365,0.16059734251536145,-0.10154294663149696,1.104795992929485,-3.25679597089325
2008,1.0708518391853477,1.7222537851959798,-0.5894179624858389,-0.4284110806479362,1.104795992929485,-3.25679597089325
2008,0.23564656453365068,0.4286524202056975,-0.6965630060574389,-0.5918451476561558,0.9811805296871485,-3.25679597089325
2008,0.23564656453365068,1.0754531027008387,-0.26798283177103865,-0.5918451476561558,0.9811805296871485,1.122395018085098
2008,0.23564656453365068,-0.21814826228944365,0.5891775168017618,-1.0821473486808149,1.3520269194141579,1.392715449719771
2008,0.23564656453365068,-0.21814826228944365,-0.26798283177103865,-0.5918451476561558,1.3520269194141579,1.4467795364359666
2008,0.23564656453365068,-0.21814826228944365,-0.48227291891423885,-0.7552792146643756,1.2284114561718213,1.4467795364359666
2008,0.23564656453365068,-0.21814826228944365,0.16059734251536145,0.7156273884096014,1.104795992929485,1.2305231905443363
2008,0.23564656453365068,0.4286524202056975,4.232108998236163,2.840270259516457,1.4756423826564942,1.338651363003575
2008,0.23564656453365068,0.4286524202056975,0.8034676039449619,0.7156273884096014,1.722873309141167,1.338651363003575
2008,1.0708518391853477,1.7222537851959798,0.16059734251536145,-0.10154294663149696,1.2284114561718213,1.2305231905443363
2008,0.23564656453365068,1.0754531027008387,-0.48227291891423885,-0.5918451476561558,1.5992578458988307,1.338651363003575
2008,0.23564656453365068,-0.8649489447845848,0.3748874296585615,0.8790614554178212,1.722873309141167,1.338651363003575
2008,-0.5995587101180465,-0.8649489447845848,0.3748874296585615,0.7156273884096014,1.2284114561718213,1.0142668456258594
2008,1.9060571138370448,1.0754531027008387,0.3748874296585615,-0.10154294663149696,0.9811805296871485,0.9602027598828169
2008,1.0708518391853477,-0.21814826228944365,-0.3751278753426388,-0.6735621811602658,1.2284114561718213,1.0683309323420556
2008,-0.5995587101180465,1.7222537851959798,-0.3751278753426388,-0.6735621811602658,1.2284114561718213,1.0683309323420556
2008,-0.5995587101180465,-0.8649489447845848,0.16059734251536145,0.3887592543931621,1.3520269194141579,1.0683309323420556
2008,-0.0006595061459157986,-0.8649489447845848,0.16059734251536145,0.8790614554178212,0.9811805296871485,0.7980105007073827
2008,-0.0006595061459157986,1.0754531027008387,0.16059734251536145,-0.2649770136397166,0.6103341399601393,0.7980105007073827
2008,-0.0006595061459157986,-0.8649489447845848,0.3748874296585615,0.2253251873849425,0.9811805296871485,0.7980105007073827
2008,-0.0006595061459157986,-0.21814826228944365,-0.6965630060574389,-0.9187132816725954,0.9811805296871485,0.7980105007073827
2008,-0.0006595061459157986,1.0754531027008387,-0.6965630060574389,-0.9187132816725954,-1.5529364667807481,0.7980105007073827
2008,0.23564656453365068,-0.0005492804851685446,-0.6965630060574389,-0.9187132816725954,1.2284114561718213,0.7439464139911866
2008,0.23564656453365068,0.4286524202056975,-0.6965630060574389,-0.9187132816725954,1.2284114561718213,0.7439464139911866
2008,0.23564656453365068,-0.8649489447845848,0.3748874296585615,0.7156273884096014,1.104795992929485,0.6898823282481443
2008,0.23564656453365068,-0.0005492804851685446,-0.053692744627838615,0.3887592543931621,1.2284114561718213,0.7439464139911866
2008,1.0708518391853477,-1.511749627279726,0.3748874296585615,0.10274963712877763,0.8575650664448121,0.6898823282481443
2008,0.23564656453365068,-0.21814826228944365,-0.053692744627838615,-0.4284110806479362,0.23948775023313004,0.4195618966134714
2008,0.23564656453365068,1.0754531027008387,-0.910853093200639,-1.0821473486808149,0.3631032134754665,0.4195618966134714
2008,1.0708518391853477,-0.21814826228944365,-0.910853093200639,-0.9187132816725954,0.23948775023313004,0.4195618966134714
2008,1.9060571138370448,1.0754531027008387,1.0177576910881618,0.3887592543931621,0.23948775023313004,0.4195618966134714
2008,-0.5995587101180465,-0.21814826228944365,-0.910853093200639,-1.000430315176705,0.23948775023313004,0.4195618966134714
2008,-0.5995587101180465,-0.8649489447845848,0.5891775168017618,0.3887592543931621,0.4249109450966347,0.5276900690727098
2008,-0.5995587101180465,-0.21814826228944365,-0.053692744627838615,-0.2649770136397166,0.23948775023313004,0.4195618966134714
2008,-0.5995587101180465,-0.8649489447845848,-0.6965630060574389,-0.7552792146643756,0.3631032134754665,0.5276900690727098
2008,-0.5995587101180465,1.0754531027008387,-0.6965630060574389,-0.9187132816725954,0.3631032134754665,0.5276900690727098
2008,-0.5995587101180465,-0.8649489447845848,1.0177576910881618,1.0424955224260406,0.3631032134754665,0.4736259833296672
2008,0.23564656453365068,-0.8649489447845848,1.446337865374562,1.0424955224260406,-0.7494359557055613,-0.8239120879328703
2008,0.23564656453365068,0.4286524202056975,-0.48227291891423885,-0.7552792146643756,-0.8730514189478977,-0.8239120879328703
2008,1.9060571138370448,0.4286524202056975,0.3748874296585615,0.2253251873849425,-0.8730514189478977,-0.8239120879328703
2008,0.23564656453365068,-0.21814826228944365,0.8034676039449619,0.2253251873849425,-0.6258204924632249,-0.8239120879328703
2008,0.23564656453365068,1.0754531027008387,-0.26798283177103865,-0.4284110806479362,-0.9966668821902341,-0.8239120879328703
2008,1.9060571138370448,0.4286524202056975,-0.48227291891423885,-0.7552792146643756,-0.3785895659785521,-0.012950793223482356
2008,1.0708518391853477,0.4286524202056975,-0.48227291891423885,-0.7552792146643756,-0.3785895659785521,-0.012950793223482356
2008,1.9060571138370448,-0.21814826228944365,-0.6965630060574389,-0.7552792146643756,0.23948775023313004,-0.06701487993967836
2008,0.23564656453365068,-0.8649489447845848,0.5891775168017618,0.1436081538808326,-0.3785895659785521,-0.012950793223482356
2008,1.0708518391853477,-0.8649489447845848,1.0177576910881618,0.7156273884096014,-0.3785895659785521,-0.012950793223482356
2008,0.23564656453365068,-0.21814826228944365,0.3748874296585615,-0.10154294663149696,-1.1202823454325705,-1.0401684330459777
2008,0.23564656453365068,-0.8649489447845848,-0.053692744627838615,-0.4284110806479362,-1.1820900770537388,-0.9861043467190432
2008,0.23564656453365068,-0.8649489447845848,0.3748874296585615,1.0424955224260406,-0.9966668821902341,-1.0401684330459777
2008,0.23564656453365068,-0.21814826228944365,-0.26798283177103865,-0.4284110806479362,-1.3675132719172434,-0.9861043467190432
2008,0.23564656453365068,-0.21814826228944365,-0.053692744627838615,-0.4284110806479362,-1.243897808674907,-1.0401684330459777
2008,0.23564656453365068,-0.21814826228944365,0.3748874296585615,-0.10154294663149696,-1.3675132719172434,-0.7157839153763164
2008,-0.5995587101180465,-0.0005492804851685446,-0.26798283177103865,-0.5918451476561558,-1.243897808674907,-0.7157839153763164
2008,-0.5995587101180465,-0.8649489447845848,-0.3751278753426388,-0.6735621811602658,-1.3675132719172434,-0.7157839153763164
2008,0.23564656453365068,-0.8649489447845848,2.3034982139473628,1.5327977234506998,-1.243897808674907,-0.6617198290493819
2008,-0.5995587101180465,-1.511749627279726,0.8034676039449619,1.2059295894342605,-1.243897808674907,-0.7157839153763164
2008,0.23564656453365068,-0.8649489447845848,0.3748874296585615,1.2059295894342605,-0.8730514189478977,-0.6076557428197626
2008,0.23564656453365068,-0.21814826228944365,0.16059734251536145,-0.2649770136397166,-0.8730514189478977,-0.6076557428197626
2008,0.23564656453365068,-0.8649489447845848,0.05345229894376153,-0.34669404714382634,-0.9966668821902341,-0.6076557428197626
2008,0.23564656453365068,0.4286524202056975,-0.48227291891423885,-0.4284110806479362,-0.9966668821902341,-0.6076557428197626
2008,0.23564656453365068,-0.8649489447845848,0.16059734251536145,0.1436081538808326,-0.7494359557055613,-0.6076557428197626
2009,-0.0006595061459157986,-0.8649489447845848,-0.053692744627838615,-0.4284110806479362,-1.1820900770537388,-0.7698480016059357
2009,-0.0006595061459157986,-0.8649489447845848,-0.48227291891423885,1.3693636564424803,-1.1202823454325705,-0.7698480016059357
2009,-0.0006595061459157986,-0.21814826228944365,-0.803708049629039,-0.10154294663149696,-1.1820900770537388,-0.7698480016059357
2009,-0.0006595061459157986,-0.8649489447845848,-0.053692744627838615,-0.4284110806479362,-1.243897808674907,-0.9320402604894241
2009,-0.0006595061459157986,-0.8649489447845848,0.3748874296585615,-0.10154294663149696,-2.121567597695496,-0.894195400080033
2009,-0.5995587101180465,-0.8649489447845848,0.16059734251536145,1.2059295894342605,-1.7383596616442527,-1.202360691929466
2009,-0.5995587101180465,-0.21814826228944365,-0.053692744627838615,-0.4284110806479362,-1.7383596616442527,-1.202360691929466
2009,-0.5995587101180465,-0.21814826228944365,-0.48227291891423885,-0.7552792146643756,-1.7383596616442527,-1.202360691929466
2009,-0.5995587101180465,-0.21814826228944365,-1.060856154200879,-1.1965511955865686,-1.6147441984019162,-1.202360691929466
2009,-0.5995587101180465,-0.8649489447845848,-0.053692744627838615,0.06189112037672286,-1.7383596616442527,-1.202360691929466
2009,0.23564656453365068,-0.21814826228944365,-0.48227291891423885,-0.7552792146643756,-1.9855905881289255,-1.8511297272687888
2009,-0.5995587101180465,-0.8649489447845848,0.3748874296585615,1.0424955224260406,-1.9855905881289255,-1.8511297272687888
2009,-0.5995587101180465,-0.21814826228944365,-0.053692744627838615,-0.4284110806479362,-2.109206051371262,-1.8511297272687888
2009,-0.5995587101180465,-0.21814826228944365,-0.26798283177103865,-0.5918451476561558,-2.109206051371262,-1.8511297272687888
2009,-0.5995587101180465,-0.8649489447845848,-0.26798283177103865,-0.5918451476561558,-1.9855905881289255,-1.8511297272687888
2009,-0.5995587101180465,-0.8649489447845848,0.5891775168017618,0.2253251873849425,-0.9966668821902341,-0.2832712248581553
2009,-0.5995587101180465,-0.21814826228944365,-0.5894179624858389,-0.8369962481684854,-0.9966668821902341,-0.2832712248581553
2009,0.23564656453365068,-0.21814826228944365,6.3750098696681645,4.474610929598653,-0.7494359557055613,-0.2832712248581553
2009,-0.5995587101180465,-0.21814826228944365,-0.053692744627838615,-0.4284110806479362,-0.8730514189478977,-0.2832712248581553
2009,-0.5995587101180465,-0.8649489447845848,2.946368475376963,2.840270259516457,-1.1202823454325705,-0.22920713911511276
2009,-0.5995587101180465,-0.8649489447845848,-0.053692744627838615,-0.4284110806479362,-1.243897808674907,-1.0942325193729123
2009,0.23564656453365068,-0.21814826228944365,-0.48227291891423885,-0.7552792146643756,-0.7494359557055613,-1.0942325193729123
2009,-0.0006595061459157986,-0.8649489447845848,0.48203247323016163,-0.019825913127387046,-1.243897808674907,-1.0942325193729123
2009,-0.5995587101180465,-0.21814826228944365,-0.6965630060574389,-0.9187132816725954,-1.243897808674907,-1.0942325193729123
2009,-0.5995587101180465,-0.21814826228944365,0.8034676039449619,1.3693636564424803,-6.198606669341106e-05,-1.0942325193729123
2009,-0.0006595061459157986,-0.8649489447845848,0.3748874296585615,1.3693636564424803,-1.1202823454325705,-0.8779761741624893
2009,-0.0006595061459157986,-0.21814826228944365,0.16059734251536145,-0.2649770136397166,-1.1202823454325705,-0.8779761741624893
2009,-0.0006595061459157986,-0.21814826228944365,-0.16083778819943864,-0.5101281141520461,-1.1202823454325705,-0.8779761741624893
2009,-0.0006595061459157986,-0.8649489447845848,0.16059734251536145,12.646314280009637,-1.1202823454325705,-0.7698480016059357
2009,-0.0006595061459157986,-0.21814826228944365,-0.48227291891423885,-0.7552792146643756,-1.1202823454325705,-0.7698480016059357
2009,-0.5995587101180465,-0.21814826228944365,-0.053692744627838615,0.7156273884096014,-0.5022050292208885,-0.6617198290493819
2009,-0.5995587101180465,-0.8649489447845848,-0.053692744627838615,-0.4284110806479362,-0.7494359557055613,-0.6617198290493819
2009,-0.5995587101180465,-0.8649489447845848,-0.053692744627838615,1.2059295894342605,-0.5022050292208885,-0.6617198290493819
2009,-0.5995587101180465,-0.21814826228944365,-0.053692744627838615,0.06189112037672286,-0.3785895659785521,-0.6617198290493819
2009,-0.5995587101180465,-0.21814826228944365,-0.48227291891423885,0.06189112037672286,-0.3785895659785521,-0.6617198290493819
2009,-0.5995587101180465,0.4286524202056975,-0.6965630060574389,-0.9187132816725954,-0.6258204924632249,-0.6617198290493819
2009,-0.5995587101180465,-0.8649489447845848,0.3748874296585615,1.3693636564424803,-0.007743176251542805,0.1492414649787984
2009,-0.5995587101180465,1.7222537851959798,-0.3751278753426388,-0.6735621811602658,0.23948775023313004,0.1492414649787984
2009,-0.5995587101180465,1.0754531027008387,-0.26798283177103865,-0.2649770136397166,0.3631032134754665,0.0951773792357562
2009,-0.5995587101180465,-0.8649489447845848,-0.26798283177103865,-0.2649770136397166,0.11587228699079362,0.04111329251956002
2009,-0.5995587101180465,-0.21814826228944365,-0.053692744627838615,0.06189112037672286,-6.198606669341106e-05,0.04111329251956002
2009,-0.5995587101180465,-0.21814826228944365,-0.910853093200639,-0.7552792146643756,0.4867186767178029,0.4736259833296672
2009,-0.5995587101180465,-0.21814826228944365,0.16059734251536145,1.5327977234506998,0.6103341399601393,0.5276900690727098
2009,-0.5995587101180465,-0.0005492804851685446,-0.26798283177103865,-0.5918451476561558,0.4867186767178029,0.5276900690727098
2009,-0.5995587101180465,-0.8649489447845848,-0.26798283177103865,-0.2649770136397166,0.4867186767178029,0.4736259833296672
2009,-0.5995587101180465,-0.21814826228944365,-0.053692744627838615,0.552193321401382,0.3631032134754665,0.4736259833296672
2009,-0.5995587101180465,2.369054467691121,-0.910853093200639,-0.7552792146643756,0.23948775023313004,0.04111329251956002
2009,-0.5995587101180465,-0.8649489447845848,-0.053692744627838615,1.3693636564424803,0.4867186767178029,0.0951773792357562
2009,-0.5995587101180465,1.0754531027008387,-0.26798283177103865,-0.5918451476561558,0.23948775023313004,0.0951773792357562
2009,-0.5995587101180465,-0.21814826228944365,-0.053692744627838615,-0.10154294663149696,0.3631032134754665,0.04111329251956002
2009,-0.5995587101180465,1.7222537851959798,-1.060856154200879,-1.1965511955865686,0.11587228699079362,-0.012950793223482356
2009,-0.0006595061459157986,2.369054467691121,-0.26798283177103865,-0.5918451476561558,1.2284114561718213,0.7980105007073827
2009,-0.5995587101180465,-0.21814826228944365,-0.053692744627838615,-0.4284110806479362,1.104795992929485,0.8520745864504252
2009,-0.5995587101180465,1.7222537851959798,-0.053692744627838615,-0.4284110806479362,0.7339496032024757,0.6898823282481443
2009,-0.5995587101180465,-0.21814826228944365,0.8034676039449619,0.2253251873849425,1.2284114561718213,0.8520745864504252
2009,-0.5995587101180465,-0.8649489447845848,0.3748874296585615,1.2059295894342605,0.9811805296871485,0.6898823282481443
2009,-0.5995587101180465,-0.21814826228944365,-0.053692744627838615,-0.4284110806479362,-0.2549741027362156,0.6898823282481443
2009,-0.5995587101180465,-0.8649489447845848,0.3748874296585615,1.3693636564424803,1.104795992929485,0.7439464139911866
2009,-0.5995587101180465,2.369054467691121,0.3748874296585615,-0.10154294663149696,0.7339496032024757,0.6898823282481443
2009,-0.5995587101180465,2.369054467691121,-0.26798283177103865,0.06189112037672286,1.4756423826564942,0.7439464139911866
2009,-0.5995587101180465,1.7222537851959798,-0.6965630060574389,-0.9187132816725954,1.104795992929485,0.6898823282481443
2009,1.0708518391853477,2.369054467691121,0.5891775168017618,0.06189112037672286,0.8575650664448121,0.7980105007073827
2009,-0.5995587101180465,-0.8649489447845848,0.16059734251536145,-0.2649770136397166,1.2284114561718213,0.8520745864504252
2009,-0.5995587101180465,-0.21814826228944365,-0.6965630060574389,-0.9187132816725954,1.104795992929485,0.8520745864504252
2009,-0.5995587101180465,-0.8649489447845848,-0.3751278753426388,-0.6735621811602658,0.9811805296871485,0.7980105007073827
2009,-0.5995587101180465,-0.8649489447845848,2.3034982139473628,1.5327977234506998,0.9811805296871485,0.7980105007073827
2009,-0.5995587101180465,-0.21814826228944365,-0.053692744627838615,-0.4284110806479362,0.8575650664448121,0.6358182415319481
2009,-0.5995587101180465,-0.8649489447845848,-0.16083778819943864,-0.5101281141520461,1.104795992929485,0.6358182415319481
2009,-0.5995587101180465,-0.8649489447845848,0.3748874296585615,0.8790614554178212,0.9811805296871485,0.6898823282481443
2009,0.23564656453365068,1.7222537851959798,0.2677423860869616,-0.18325998013560668,0.8575650664448121,0.6358182415319481
2009,-0.5995587101180465,-0.21814826228944365,-0.053692744627838615,-0.4284110806479362,0.9811805296871485,0.6898823282481443
2009,-0.5995587101180465,1.7222537851959798,0.5891775168017618,0.06189112037672286,1.2284114561718213,1.0683309323420556
2009,-0.5995587101180465,-0.8649489447845848,0.3748874296585615,1.0424955224260406,-6.198606669341106e-05,1.0683309323420556
2009,-0.5995587101180465,-0.8649489447845848,-0.053692744627838615,-0.4284110806479362,1.4756423826564942,1.176459104801294
2009,-0.5995587101180465,0.4286524202056975,-0.5251309363428788,-0.7879660280660195,1.4756423826564942,1.176459104801294
2009,-0.5995587101180465,-0.0005492804851685446,-0.26798283177103865,-0.5918451476561558,1.2284114561718213,1.0683309323420556
2009,-0.5995587101180465,-0.8649489447845848,-0.053692744627838615,-0.4284110806479362,1.3520269194141579,1.0683309323420556
2009,-0.5995587101180465,0.4286524202056975,0.5891775168017618,0.06189112037672286,1.104795992929485,1.0683309323420556
2009,-0.5995587101180465,0.4286524202056975,-0.0003393619650962224,0.0006992739401450925,1.3520269194141579,1.122395018085098
2009,-0.5995587101180465,0.4286524202056975,-0.26798283177103865,-0.5918451476561558,1.3520269194141579,1.122395018085098
2009,-0.5995587101180465,0.4286524202056975,0.5891775168017618,1.0424955224260406,1.4756423826564942,1.122395018085098
2009,1.0708518391853477,-0.21814826228944365,0.16059734251536145,-0.2649770136397166,0.4867186767178029,0.5276900690727098
2009,-0.5995587101180465,0.4286524202056975,0.16059734251536145,-0.2649770136397166,0.4867186767178029,0.5276900690727098
2009,-0.5995587101180465,0.4286524202056975,-0.053692744627838615,-0.2649770136397166,0.3631032134754665,0.5276900690727098
2009,-0.5995587101180465,-0.8649489447845848,-0.48227291891423885,-0.2649770136397166,0.6103341399601393,0.5276900690727098
2009,0.23564656453365068,-1.511749627279726,-0.053692744627838615,1.2059295894342605,0.3631032134754665,0.5276900690727098
2009,1.0708518391853477,-0.21814826228944365,0.5891775168017618,0.06189112037672286,0.7339496032024757,0.5276900690727098
2009,-0.5995587101180465,-0.8649489447845848,-0.910853093200639,-0.2649770136397166,0.7339496032024757,0.9602027598828169
2009,-0.5995587101180465,-0.8649489447845848,-0.053692744627838615,3.003704326524677,0.6103341399601393,0.5276900690727098
2009,-0.5995587101180465,-0.8649489447845848,-0.48227291891423885,-0.2649770136397166,0.7339496032024757,0.5276900690727098
2009,-0.5995587101180465,-1.511749627279726,2.3034982139473628,1.5327977234506998,0.23948775023313004,0.4736259833296672
2009,-0.5995587101180465,-0.8649489447845848,-0.053692744627838615,-0.10154294663149696,0.23948775023313004,0.4736259833296672
2009,-0.5995587101180465,-0.8649489447845848,-0.053692744627838615,-0.4284110806479362,0.23948775023313004,0.4736259833296672
2009,0.23564656453365068,-0.21814826228944365,0.5891775168017618,0.06189112037672286,0.23948775023313004,0.4736259833296672
2009,-0.5995587101180465,-0.21814826228944365,-0.48227291891423885,-0.7552792146643756,0.3631032134754665,0.4736259833296672
2009,-0.5995587101180465,-0.8649489447845848,1.8749180396609622,1.2059295894342605,-0.5022050292208885,-0.12107896665587438
2009,-0.5995587101180465,-0.8649489447845848,-0.053692744627838615,-0.4284110806479362,-0.5022050292208885,-0.9861043467190432
2009,-0.5995587101180465,-0.21814826228944365,-0.26798283177103865,-0.5918451476561558,-0.7494359557055613,-0.22920713911511276
2009,-0.5995587101180465,-0.21814826228944365,-0.5894179624858389,-0.8369962481684854,-0.4403972975997203,-0.12107896665587438
2009,-0.5995587101180465,-0.21814826228944365,-0.053692744627838615,-0.4284110806479362,-0.6258204924632249,-0.12107896665587438
2009,-0.5995587101180465,-0.0005492804851685446,-0.053692744627838615,-0.4284110806479362,-0.2549741027362156,-0.012950793223482356
2009,-0.5995587101180465,0.4286524202056975,-0.053692744627838615,-0.4284110806479362,-0.13135863949387921,-0.012950793223482356
2009,-0.5995587101180465,-0.8649489447845848,-0.910853093200639,1.2059295894342605,-0.2549741027362156,-0.012950793223482356
2009,-0.5995587101180465,-0.8649489447845848,0.5891775168017618,0.06189112037672286,-0.2549741027362156,-0.012950793223482356
2009,-0.5995587101180465,-0.21814826228944365,0.16059734251536145,-0.2649770136397166,-0.13135863949387921,-0.012950793223482356
2009,-0.5995587101180465,-0.8649489447845848,-0.09655076205647867,-0.4610978940495802,-0.2549741027362156,-0.12107896665587438
2009,-0.5995587101180465,-0.8649489447845848,-0.053692744627838615,0.06189112037672286,-0.3785895659785521,-0.12107896665587438
2009,-0.5995587101180465,-1.511749627279726,0.5891775168017618,1.3693636564424803,-0.3785895659785521,-0.12107896665587438
2009,-0.5995587101180465,-0.8649489447845848,-0.053692744627838615,-0.4284110806479362,-0.2549741027362156,-0.12107896665587438
2009,1.0708518391853477,-0.21814826228944365,0.3748874296585615,0.2253251873849425,-0.2549741027362156,-0.12107896665587438
2009,-0.5995587101180465,-0.8649489447845848,0.6320355342304016,0.19263837398329853,-0.9966668821902341,-0.7698480016059357
2009,-0.5995587101180465,-0.8649489447845848,-0.053692744627838615,-0.4284110806479362,-0.7494359557055613,-0.6617198290493819
2009,-0.5995587101180465,-0.8649489447845848,0.3748874296585615,-0.10154294663149696,-0.7494359557055613,-0.7698480016059357
2009,-0.5995587101180465,-1.511749627279726,1.446337865374562,1.3693636564424803,-0.7494359557055613,-0.6617198290493819
2009,-0.5995587101180465,-0.21814826228944365,0.11773932508672139,-0.2976638270413606,-0.9966668821902341,-0.7157839153763164
2009,0.23564656453365068,-0.8649489447845848,-0.053692744627838615,0.06189112037672286,-0.8730514189478977,-0.4995275697766321
2009,1.0708518391853477,-2.158550309774867,1.6606279525177623,1.4510806899465898,-0.9966668821902341,-0.4995275697766321
2009,0.23564656453365068,-0.8649489447845848,-0.26798283177103865,-0.5918451476561558,-0.9966668821902341,-0.4995275697766321
2009,-0.0006595061459157986,-1.1236692177826415,0.3748874296585615,0.06189112037672286,-0.8730514189478977,-0.4995275697766321
2009,1.0708518391853477,-0.8649489447845848,0.31060040351560164,-0.1505731667339627,-0.8730514189478977,-0.4995275697766321
2010,-0.0006595061459157986,-0.0005492804851685446,-0.0003393619650962224,0.0006992739401450925,-6.198606669341106e-05,-1.6348733821556813
2010,-0.0006595061459157986,-0.0005492804851685446,-0.0003393619650962224,0.0006992739401450925,-6.198606669341106e-05,-1.6348733821556813
2010,-0.5995587101180465,-0.8649489447845848,-0.0003393619650962224,0.0006992739401450925,-1.7383596616442527,-1.6348733821556813
2010,-0.0006595061459157986,-0.0005492804851685446,-0.0003393619650962224,0.0006992739401450925,-6.198606669341106e-05,-1.6348733821556813
2010,-0.0006595061459157986,-0.0005492804851685446,-0.0003393619650962224,0.0006992739401450925,-6.198606669341106e-05,-1.6348733821556813
2010,-0.0006595061459157986,-0.0005492804851685446,-0.0003393619650962224,0.0006992739401450925,-6.198606669341106e-05,-3.25679597089325
2010,-0.0006595061459157986,-0.8649489447845848,0.5891775168017618,0.06189112037672286,-1.6147441984019162,-1.2564247781590854
2010,-0.0006595061459157986,-0.8649489447845848,0.16059734251536145,0.7156273884096014,-1.6147441984019162,-1.1482966056025317
2010,-0.0006595061459157986,-0.8649489447845848,-0.26798283177103865,-0.5918451476561558,-1.6147441984019162,-1.1482966056025317
2010,-0.0006595061459157986,-0.8649489447845848,0.3748874296585615,0.2253251873849425,-1.6147441984019162,-1.2564247781590854
2010,-0.0006595061459157986,-1.511749627279726,1.8749180396609622,1.3693636564424803,-1.6147441984019162,-1.202360691929466
2010,-0.0006595061459157986,-1.511749627279726,0.8034676039449619,0.552193321401382,-1.6147441984019162,-1.1482966056025317
2010,-0.0006595061459157986,-0.8649489447845848,0.9106126475165618,0.30704222088905225,-1.6147441984019162,-1.202360691929466
2010,-0.0006595061459157986,-0.8649489447845848,-0.6965630060574389,-0.18325998013560668,-1.7383596616442527,-1.202360691929466
2010,-0.0006595061459157986,-0.0005492804851685446,0.16059734251536145,-0.2649770136397166,-1.6147441984019162,-1.202360691929466
2010,-0.5995587101180465,-0.8649489447845848,1.446337865374562,1.2059295894342605,-1.4911287351595799,-1.0942325193729123
2010,-0.5995587101180465,-0.8649489447845848,-0.0003393619650962224,0.0006992739401450925,-1.4911287351595799,-1.0942325193729123
2010,-0.5995587101180465,-0.8649489447845848,0.16059734251536145,-0.2649770136397166,-1.3675132719172434,-1.0942325193729123
2010,-0.5995587101180465,-0.8649489447845848,-0.6965630060574389,-0.5918451476561558,-0.9966668821902341,-1.0942325193729123
2010,-0.5995587101180465,-0.8649489447845848,0.16059734251536145,-0.2649770136397166,-1.3675132719172434,-1.0942325193729123
2010,-0.0006595061459157986,-0.0005492804851685446,-0.0003393619650962224,0.0006992739401450925,-6.198606669341106e-05,-3.25679597089325
2010,-0.5995587101180465,-0.8649489447845848,0.16059734251536145,-0.2649770136397166,-1.1202823454325705,-0.8779761741624893
2010,-0.5995587101180465,-0.8649489447845848,-0.48227291891423885,0.06189112037672286,-0.9966668821902341,-0.8779761741624893
2010,-0.5995587101180465,-0.21814826228944365,0.05345229894376153,-0.2649770136397166,-0.8730514189478977,-0.8779761741624893
2010,-0.5995587101180465,-1.511749627279726,-0.053692744627838615,-0.10154294663149696,-0.7494359557055613,-0.8779761741624893
2010,0.23564656453365068,-0.8649489447845848,0.5891775168017618,0.3887592543931621,0.23948775023313004,0.6358182415319481
2010,-0.5995587101180465,-0.8649489447845848,-0.053692744627838615,-0.4284110806479362,0.4867186767178029,0.6358182415319481
2010,-0.5995587101180465,-0.8649489447845848,-0.6965630060574389,-0.4284110806479362,0.3631032134754665,0.6898823282481443
2010,-0.5995587101180465,-0.8649489447845848,0.3748874296585615,0.06189112037672286,0.3631032134754665,0.6898823282481443
2010,-0.5995587101180465,-1.511749627279726,0.3748874296585615,1.5327977234506998,0.4867186767178029,0.6358182415319481
2010,-0.5995587101180465,-0.8649489447845848,0.5891775168017618,1.5327977234506998,-0.13135863949387921,-0.012950793223482356
2010,-0.5995587101180465,-0.8649489447845848,-0.26798283177103865,-0.5918451476561558,-0.2549741027362156,-0.012950793223482356
2010,-0.5995587101180465,-0.8649489447845848,-0.053692744627838615,-0.2649770136397166,-0.007743176251542805,-0.06701487993967836
2010,-0.5995587101180465,-0.8649489447845848,-0.26798283177103865,-0.5918451476561558,-0.007743176251542805,-0.012950793223482356
2010,0.23564656453365068,-0.8649489447845848,0.16059734251536145,-0.2649770136397166,-0.2549741027362156,-0.12107896665587438
2010,-0.5995587101180465,-0.8649489447845848,0.5891775168017618,1.2059295894342605,0.8575650664448121,0.8520745864504252
2010,-0.5995587101180465,-0.8649489447845848,0.16059734251536145,-0.2649770136397166,0.8575650664448121,0.8520745864504252
2010,-0.5995587101180465,-0.8649489447845848,-0.48227291891423885,-0.7552792146643756,0.7339496032024757,0.8520745864504252
2010,-0.5995587101180465,-0.21814826228944365,-0.26798283177103865,-0.5101281141520461,0.8575650664448121,0.8520745864504252
2010,-0.5995587101180465,-0.21814826228944365,0.48203247323016163,0.2253251873849425,0.6103341399601393,0.8520745864504252
2010,-0.5995587101180465,-0.8649489447845848,-0.053692744627838615,-0.2649770136397166,-0.13135863949387921,-0.06701487993967836
2010,-0.5995587101180465,0.4286524202056975,-0.26798283177103865,-0.5918451476561558,-0.2549741027362156,-0.06701487993967836
2010,-0.5995587101180465,-0.8649489447845848,0.3748874296585615,-0.10154294663149696,0.11587228699079362,-0.012950793223482356
2010,-0.5995587101180465,-0.8649489447845848,0.5891775168017618,1.3693636564424803,0.11587228699079362,-0.012950793223482356
2010,-0.5995587101180465,-0.8649489447845848,0.16059734251536145,-0.10154294663149696,0.23948775023313004,-0.06701487993967836
2010,-0.5995587101180465,-0.8649489447845848,-0.053692744627838615,-0.4284110806479362,0.9811805296871485,0.9061386731666211
2010,-0.5995587101180465,-0.21814826228944365,-0.48227291891423885,-0.7552792146643756,0.8575650664448121,0.9061386731666211
2010,-0.5995587101180465,-0.21814826228944365,-0.48227291891423885,-0.7552792146643756,0.8575650664448121,0.9061386731666211
2010,-0.5995587101180465,-1.511749627279726,0.3748874296585615,1.2059295894342605,0.8575650664448121,0.9061386731666211
2010,-0.5995587101180465,-0.21814826228944365,0.3748874296585615,0.2253251873849425,0.8575650664448121,0.9061386731666211
2010,-0.5995587101180465,-0.21814826228944365,-0.48227291891423885,-0.7552792146643756,1.3520269194141579,1.0683309323420556
2010,-0.5995587101180465,-0.8649489447845848,-0.053692744627838615,-0.4284110806479362,1.3520269194141579,1.122395018085098
2010,-0.5995587101180465,-0.8649489447845848,0.16059734251536145,1.0424955224260406,1.2284114561718213,1.0683309323420556
2010,-0.5995587101180465,-0.21814826228944365,-0.6965630060574389,-0.9187132816725954,1.2284114561718213,1.122395018085098
2010,-0.5995587101180465,-0.21814826228944365,-0.053692744627838615,-0.4284110806479362,1.2284114561718213,1.0683309323420556
2010,-0.5995587101180465,0.4286524202056975,-0.26798283177103865,-0.5918451476561558,1.4756423826564942,1.176459104801294
2010,-0.5995587101180465,-0.21814826228944365,-0.26798283177103865,-0.5918451476561558,1.5992578458988307,1.176459104801294
2010,-0.5995587101180465,-0.8649489447845848,0.16059734251536145,-0.2649770136397166,1.5992578458988307,1.176459104801294
2010,-0.5995587101180465,-0.8649489447845848,0.3748874296585615,0.7156273884096014,1.5992578458988307,1.122395018085098
2010,-0.5995587101180465,1.7222537851959798,-0.26798283177103865,-0.5101281141520461,1.3520269194141579,1.122395018085098
2010,-0.5995587101180465,1.0754531027008387,0.16059734251536145,0.8790614554178212,1.5992578458988307,1.338651363003575
2010,-0.5995587101180465,-0.8649489447845848,-0.053692744627838615,0.2253251873849425,1.2284114561718213,1.2845872772605325
2010,-0.5995587101180465,-0.21814826228944365,0.3748874296585615,0.3887592543931621,1.104795992929485,1.176459104801294
2010,-0.5995587101180465,-0.21814826228944365,-0.26798283177103865,-0.5918451476561558,1.3520269194141579,1.2845872772605325
2010,-0.5995587101180465,-0.21814826228944365,-0.26798283177103865,-0.5918451476561558,1.5992578458988307,1.338651363003575
2010,-0.5995587101180465,-0.21814826228944365,-0.910853093200639,-0.5918451476561558,1.3520269194141579,1.2305231905443363
2010,-0.5995587101180465,-0.8649489447845848,0.5891775168017618,0.7156273884096014,1.2284114561718213,1.176459104801294
2010,-0.5995587101180465,-0.8649489447845848,0.8034676039449619,0.2253251873849425,1.2284114561718213,1.2305231905443363
2010,-0.5995587101180465,-0.8649489447845848,-0.26798283177103865,-0.5918451476561558,1.2284114561718213,1.2305231905443363
2010,-0.5995587101180465,-0.21814826228944365,-0.053692744627838615,-0.4284110806479362,0.9811805296871485,1.176459104801294
2010,-0.5995587101180465,0.4286524202056975,0.8034676039449619,0.7156273884096014,1.5992578458988307,1.4467795364359666
2010,-0.5995587101180465,-0.21814826228944365,-0.053692744627838615,-0.4284110806479362,-6.198606669341106e-05,1.4467795364359666
2010,-0.5995587101180465,1.0754531027008387,-0.053692744627838615,0.2253251873849425,1.104795992929485,1.392715449719771
2010,-0.5995587101180465,-0.8649489447845848,0.5891775168017618,0.2253251873849425,1.2284114561718213,1.392715449719771
2010,-0.5995587101180465,-0.21814826228944365,-0.6965630060574389,-0.5918451476561558,1.3520269194141579,1.4467795364359666
2010,-0.5995587101180465,-0.21814826228944365,-0.053692744627838615,-0.10154294663149696,0.9811805296871485,0.8520745864504252
2010,-0.5995587101180465,-0.21814826228944365,0.16059734251536145,-0.2649770136397166,1.104795992929485,0.8520745864504252
2010,-0.5995587101180465,-0.8649489447845848,0.6963225603733617,0.7156273884096014,0.9811805296871485,0.8520745864504252
2010,-0.5995587101180465,1.0754531027008387,-0.26798283177103865,-0.5918451476561558,1.104795992929485,0.9061386731666211
2010,-0.5995587101180465,-0.8649489447845848,0.5891775168017618,0.06189112037672286,1.2284114561718213,0.9061386731666211
2010,-0.5995587101180465,0.4286524202056975,-0.053692744627838615,0.06189112037672286,0.9811805296871485,0.7980105007073827
2010,-0.5995587101180465,1.0754531027008387,-0.48227291891423885,-0.7552792146643756,0.9811805296871485,0.7980105007073827
2010,-0.5995587101180465,1.7222537851959798,0.16059734251536145,0.06189112037672286,0.9811805296871485,0.7439464139911866
2010,-0.5995587101180465,2.369054467691121,-0.6965630060574389,-0.6735621811602658,0.9811805296871485,0.7980105007073827
2010,-0.5995587101180465,-0.8649489447845848,1.0177576910881618,0.7156273884096014,0.8575650664448121,0.8520745864504252
2010,-0.5995587101180465,-0.8649489447845848,-0.6965630060574389,-0.7552792146643756,0.11587228699079362,0.36549780989727554
2010,-0.5995587101180465,0.4286524202056975,-0.053692744627838615,0.06189112037672286,0.11587228699079362,-3.25679597089325
2010,-0.5995587101180465,-0.8649489447845848,0.5891775168017618,0.8790614554178212,0.11587228699079362,0.4195618966134714
2010,-0.5995587101180465,-0.8649489447845848,-0.6965630060574389,0.2253251873849425,0.23948775023313004,0.36549780989727554
2010,-0.5995587101180465,-0.21814826228944365,-0.48227291891423885,-0.7552792146643756,-0.6258204924632249,-0.2832712248581553
2010,-0.5995587101180465,-0.8649489447845848,1.0177576910881618,1.0424955224260406,-0.6258204924632249,-0.2832712248581553
2010,-0.5995587101180465,0.4286524202056975,-0.26798283177103865,-0.5918451476561558,-0.7494359557055613,-0.2832712248581553
2010,-0.5995587101180465,-0.8649489447845848,0.5891775168017618,0.2253251873849425,-0.5022050292208885,-0.2832712248581553
2010,-0.5995587101180465,0.4286524202056975,-0.053692744627838615,-0.4284110806479362,-0.6258204924632249,-0.2832712248581553
2010,-0.5995587101180465,1.0754531027008387,-0.053692744627838615,0.06189112037672286,-0.3785895659785521,-0.012950793223482356
2010,-0.5995587101180465,1.7222537851959798,-0.6965630060574389,-0.9187132816725954,-0.2549741027362156,-0.012950793223482356
2010,-0.5995587101180465,1.7222537851959798,-0.053692744627838615,-0.4284110806479362,-0.3785895659785521,0.04111329251956002
2010,-0.5995587101180465,-0.8649489447845848,0.8034676039449619,0.2253251873849425,-0.5022050292208885,-0.012950793223482356
2010,-0.5995587101180465,-1.511749627279726,1.446337865374562,0.8790614554178212,-6.198606669341106e-05,0.04111329251956002
2010,-0.5995587101180465,-0.21814826228944365,-0.48227291891423885,-0.4284110806479362,-1.7383596616442527,-1.6348733821556813
2010,-0.5995587101180465,-0.21814826228944365,8.517910741100165,6.10895159968085,-1.861975124886589,-1.6348733821556813
2010,-0.5995587101180465,-1.511749627279726,1.2320477782313621,0.552193321401382,-1.9855905881289255,-1.6348733821556813
2010,-0.5995587101180465,-0.21814826228944365,-0.053692744627838615,-0.4284110806479362,-1.9855905881289255,-1.6348733821556813
2010,-0.5995587101180465,-0.8649489447845848,-0.48227291891423885,-0.10154294663149696,-2.109206051371262,-1.6348733821556813
2010,-0.0006595061459157986,-0.0005492804851685446,-0.0003393619650962224,0.0006992739401450925,-6.198606669341106e-05,-1.5808092959260622
2010,-0.5995587101180465,-0.21814826228944365,-0.26798283177103865,-0.5918451476561558,-1.861975124886589,-1.5808092959260622
2010,-0.5995587101180465,-0.21814826228944365,-0.910853093200639,-0.7552792146643756,-6.198606669341106e-05,-1.5808092959260622
2010,-0.0006595061459157986,-0.0005492804851685446,-0.0003393619650962224,0.0006992739401450925,-6.198606669341106e-05,-1.5808092959260622
2010,-0.5995587101180465,-0.8649489447845848,1.6606279525177623,0.8790614554178212,-1.861975124886589,-1.5808092959260622
2011,-0.5995587101180465,-0.21814826228944365,-0.053692744627838615,-0.4284110806479362,-1.7383596616442527,-1.5267452095991276
2011,-0.5995587101180465,-0.8649489447845848,1.6606279525177623,0.8790614554178212,-1.7383596616442527,-1.5267452095991276
2011,-0.5995587101180465,-0.8649489447845848,-0.6965630060574389,-0.5101281141520461,-1.6147441984019162,-1.5808092959260622
2011,-0.5995587101180465,-0.8649489447845848,-0.26798283177103865,-0.5918451476561558,-1.6147441984019162,-1.5267452095991276
2011,-0.5995587101180465,-0.8649489447845848,0.5891775168017618,0.06189112037672286,-6.198606669341106e-05,-1.5267452095991276
2011,-0.5995587101180465,-0.8649489447845848,-0.053692744627838615,-0.18325998013560668,-1.4911287351595799,-1.0942325193729123
2011,-0.5995587101180465,-0.8649489447845848,1.8749180396609622,1.0424955224260406,-1.4911287351595799,-1.1482966056025317
2011,-0.5995587101180465,-0.8649489447845848,0.16059734251536145,0.06189112037672286,-1.6147441984019162,-1.0942325193729123
2011,-0.5995587101180465,-0.21814826228944365,-0.053692744627838615,-0.4284110806479362,-1.6147441984019162,-1.0942325193729123
2011,-0.5995587101180465,-0.21814826228944365,-0.6965630060574389,-0.2649770136397166,-1.3675132719172434,-1.1482966056025317
2011,-0.5995587101180465,-0.8649489447845848,-0.0003393619650962224,0.0006992739401450925,-1.3675132719172434,-0.7698480016059357
2011,-0.5995587101180465,-0.8649489447845848,-0.0003393619650962224,0.0006992739401450925,-1.1202823454325705,-0.7698480016059357
2011,-0.5995587101180465,-0.21814826228944365,-0.0003393619650962224,0.0006992739401450925,-0.9966668821902341,-0.7698480016059357
2011,-0.5995587101180465,-0.21814826228944365,-0.0003393619650962224,0.0006992739401450925,-1.1202823454325705,-0.7698480016059357
2011,-0.5995587101180465,-0.8649489447845848,-0.6965630060574389,-0.2649770136397166,-1.243897808674907,-0.7698480016059357
2011,-0.5995587101180465,-0.21814826228944365,-0.0003393619650962224,0.0006992739401450925,-1.243897808674907,-1.0942325193729123
2011,-0.5995587101180465,0.4286524202056975,-0.0003393619650962224,0.0006992739401450925,-1.3675132719172434,-1.202360691929466
2011,-0.5995587101180465,-0.21814826228944365,-0.0003393619650962224,0.0006992739401450925,-1.4911287351595799,-1.0942325193729123
2011,-0.0006595061459157986,-1.511749627279726,-0.0003393619650962224,0.0006992739401450925,-1.243897808674907,-1.202360691929466
2011,-0.5995587101180465,-0.21814826228944365,-0.0003393619650962224,0.0006992739401450925,-1.1820900770537388,-1.6348733821556813
2011,-0.5995587101180465,-0.0005492804851685446,-0.0003393619650962224,0.0006992739401450925,-6.198606669341106e-05,-0.6617198290493819
2011,-0.5995587101180465,-0.8649489447845848,0.3748874296585615,1.0424955224260406,-0.5022050292208885,-0.6617198290493819
2011,-0.5995587101180465,-0.21814826228944365,-0.6965630060574389,-0.34669404714382634,1.8464887723835035,-0.4454634840335897
2011,-0.5995587101180465,-0.8649489447845848,-0.26798283177103865,0.3887592543931621,-0.5022050292208885,-0.6617198290493819
2011,-0.5995587101180465,-0.21814826228944365,-0.053692744627838615,-0.4284110806479362,-0.5022050292208885,-0.6617198290493819
2011,-0.5995587101180465,-0.8649489447845848,0.8034676039449619,1.0424955224260406,0.11587228699079362,-0.12107896665587438
2011,-0.5995587101180465,1.0754531027008387,-0.48227291891423885,-0.7552792146643756,0.11587228699079362,-0.12107896665587438
2011,-0.5995587101180465,-0.21814826228944365,-0.26798283177103865,-0.2649770136397166,-0.19316637111504745,-0.12107896665587438
2011,-0.5995587101180465,-0.21814826228944365,4.232108998236163,3.6574405945575554,0.11587228699079362,-0.12107896665587438
2011,-0.5995587101180465,-1.511749627279726,-0.6965630060574389,-0.2649770136397166,-0.007743176251542805,-0.12107896665587438
2011,-0.5995587101180465,-0.21814826228944365,-0.7608500322003988,-0.9677435017750611,0.6103341399601393,0.8520745864504252
2011,-0.5995587101180465,-0.21814826228944365,-0.48227291891423885,0.8790614554178212,0.6103341399601393,0.8520745864504252
2011,-0.5995587101180465,-0.8649489447845848,0.3748874296585615,0.8790614554178212,0.6103341399601393,0.8520745864504252
2011,-0.5995587101180465,-0.8649489447845848,-0.48227291891423885,-0.7552792146643756,0.7339496032024757,0.8520745864504252
2011,-0.5995587101180465,-0.21814826228944365,-0.7608500322003988,-0.9677435017750611,0.6103341399601393,0.8520745864504252
2011,-0.5995587101180465,1.7222537851959798,-0.0003393619650962224,0.0006992739401450925,0.6103341399601393,0.311433724154233
2011,-0.5995587101180465,-0.8649489447845848,-0.0003393619650962224,0.0006992739401450925,0.11587228699079362,0.2573696374380368
2011,-0.5995587101180465,-0.21814826228944365,-0.0003393619650962224,0.0006992739401450925,-0.007743176251542805,0.2573696374380368
2011,-0.5995587101180465,0.4286524202056975,-0.0003393619650962224,0.0006992739401450925,0.7339496032024757,0.311433724154233
2011,-0.5995587101180465,2.369054467691121,-0.0003393619650962224,0.0006992739401450925,0.6103341399601393,0.311433724154233
2011,-0.5995587101180465,0.4286524202056975,1.446337865374562,0.2253251873849425,1.2284114561718213,1.0683309323420556
2011,-0.5995587101180465,0.4286524202056975,-0.053692744627838615,0.2253251873849425,0.8575650664448121,1.0142668456258594
2011,-0.5995587101180465,0.4286524202056975,0.3748874296585615,0.06189112037672286,1.2284114561718213,1.0142668456258594
2011,-0.0006595061459157986,-0.0005492804851685446,-0.0003393619650962224,0.0006992739401450925,-6.198606669341106e-05,1.0683309323420556
2011,-0.5995587101180465,-0.0005492804851685446,-0.6965630060574389,-0.5918451476561558,1.104795992929485,1.0142668456258594
2011,-0.5995587101180465,-0.21814826228944365,0.16059734251536145,0.7156273884096014,1.3520269194141579,1.338651363003575
2011,-0.5995587101180465,1.0754531027008387,-0.48227291891423885,-0.7552792146643756,1.4756423826564942,1.338651363003575
2011,-0.5995587101180465,1.0754531027008387,-0.26798283177103865,0.06189112037672286,1.104795992929485,1.338651363003575
2011,-0.5995587101180465,0.4286524202056975,0.16059734251536145,0.2253251873849425,1.3520269194141579,1.338651363003575
2011,-0.5995587101180465,1.0754531027008387,-0.053692744627838615,0.2253251873849425,0.9811805296871485,1.0683309323420556
2011,-0.5995587101180465,0.4286524202056975,-0.053692744627838615,0.06189112037672286,1.104795992929485,1.4467795364359666
2011,-0.5995587101180465,1.0754531027008387,0.16059734251536145,0.3887592543931621,1.2284114561718213,1.4467795364359666
2011,-0.5995587101180465,1.0754531027008387,-0.48227291891423885,-0.7552792146643756,1.104795992929485,1.5549077088952055
2011,-0.5995587101180465,1.7222537851959798,-0.26798283177103865,-0.2649770136397166,0.9811805296871485,0.7980105007073827
2011,-0.5995587101180465,-0.21814826228944365,-0.26798283177103865,-0.5918451476561558,1.2284114561718213,0.8520745864504252
2011,-0.5995587101180465,-0.8649489447845848,0.5891775168017618,0.552193321401382,1.104795992929485,0.8520745864504252
2011,-0.5995587101180465,-0.21814826228944365,0.3748874296585615,-0.10154294663149696,1.104795992929485,0.8520745864504252
2011,-0.5995587101180465,-0.21814826228944365,-0.26798283177103865,-0.5918451476561558,1.4756423826564942,1.338651363003575
2011,-0.5995587101180465,0.4286524202056975,0.5891775168017618,0.06189112037672286,1.5992578458988307,1.4467795364359666
2011,-0.5995587101180465,2.369054467691121,-0.053692744627838615,-0.10154294663149696,1.3520269194141579,1.338651363003575
2011,-0.5995587101180465,-0.21814826228944365,0.8034676039449619,1.2059295894342605,1.5992578458988307,1.392715449719771
2011,-0.5995587101180465,0.4286524202056975,0.16059734251536145,-0.2649770136397166,1.3520269194141579,1.2305231905443363
2011,-0.5995587101180465,0.4286524202056975,-0.48227291891423885,-0.7552792146643756,1.4756423826564942,1.2305231905443363
2011,-0.5995587101180465,2.369054467691121,-0.26798283177103865,-0.10154294663149696,1.2284114561718213,1.176459104801294
2011,-0.5995587101180465,-0.21814826228944365,0.8034676039449619,0.2253251873849425,1.3520269194141579,1.176459104801294
2011,-0.5995587101180465,-0.8649489447845848,-0.053692744627838615,0.06189112037672286,1.104795992929485,0.9602027598828169
2011,-0.5995587101180465,-0.21814826228944365,0.16059734251536145,0.552193321401382,0.9811805296871485,0.9602027598828169
2011,-0.5995587101180465,-0.8649489447845848,-0.910853093200639,-0.9187132816725954,1.104795992929485,0.9602027598828169
2011,-0.5995587101180465,-0.8649489447845848,1.8749180396609622,1.2059295894342605,1.104795992929485,0.9602027598828169
2011,-0.5995587101180465,-0.8649489447845848,0.16059734251536145,1.0424955224260406,0.8575650664448121,0.9602027598828169
2011,-0.5995587101180465,-0.21814826228944365,-0.803708049629039,-1.000430315176705,0.8575650664448121,0.9602027598828169
2011,-0.5995587101180465,1.0754531027008387,-0.053692744627838615,-0.10154294663149696,0.7339496032024757,0.9602027598828169
2011,-0.5995587101180465,-2.805350992270008,0.3748874296585615,-0.10154294663149696,0.8575650664448121,0.9602027598828169
2011,-0.5995587101180465,-1.511749627279726,-0.053692744627838615,1.2059295894342605,0.6103341399601393,0.7980105007073827
2011,-0.5995587101180465,0.4286524202056975,-0.053692744627838615,-0.10154294663149696,0.3631032134754665,0.7980105007073827
2011,-0.5995587101180465,-0.21814826228944365,-1.017998136772239,-1.1638643821849246,0.4867186767178029,0.7980105007073827
2011,-0.5995587101180465,-0.8649489447845848,0.3748874296585615,0.06189112037672286,0.4867186767178029,0.7980105007073827
2011,-0.5995587101180465,-0.21814826228944365,0.5891775168017618,0.2253251873849425,-0.13135863949387921,0.0951773792357562
2011,-0.5995587101180465,-1.511749627279726,0.3748874296585615,1.0424955224260406,-0.13135863949387921,0.0951773792357562
2011,-0.5995587101180465,0.4286524202056975,-0.053692744627838615,0.2253251873849425,-0.2549741027362156,0.0951773792357562
2011,-0.5995587101180465,0.4286524202056975,-0.26798283177103865,-0.5918451476561558,-0.2549741027362156,0.0951773792357562
2011,-0.5995587101180465,0.4286524202056975,0.3748874296585615,-0.10154294663149696,-0.2549741027362156,-0.012950793223482356
2011,-0.5995587101180465,-0.8649489447845848,0.5891775168017618,1.2059295894342605,-0.13135863949387921,-0.012950793223482356
2011,-0.5995587101180465,-0.0005492804851685446,0.16059734251536145,0.06189112037672286,0.11587228699079362,-0.012950793223482356
2011,-0.5995587101180465,0.4286524202056975,-0.6965630060574389,-0.9187132816725954,0.11587228699079362,-0.012950793223482356
2011,-0.5995587101180465,-0.21814826228944365,-0.6965630060574389,-0.2649770136397166,-0.2549741027362156,0.04111329251956002
2011,-0.5995587101180465,-0.21814826228944365,-0.053692744627838615,0.2253251873849425,0.11587228699079362,0.04111329251956002
2011,-0.5995587101180465,-0.0005492804851685446,0.5891775168017618,0.2253251873849425,-0.3785895659785521,0.04111329251956002
2011,-0.5995587101180465,0.4286524202056975,-0.6965630060574389,-0.4284110806479362,-0.5022050292208885,0.04111329251956002
2011,-0.5995587101180465,-0.8649489447845848,0.5891775168017618,1.0424955224260406,-0.7494359557055613,-0.7157839153763164
2011,-0.5995587101180465,-0.21814826228944365,-0.910853093200639,-0.5918451476561558,-0.6258204924632249,-0.7157839153763164
2011,-0.5995587101180465,-0.21814826228944365,-0.3751278753426388,-0.10154294663149696,-0.7494359557055613,-0.7157839153763164
2011,-0.5995587101180465,-0.21814826228944365,0.5891775168017618,0.2253251873849425,-0.7494359557055613,-0.7157839153763164
2011,-0.5995587101180465,-0.21814826228944365,1.0177576910881618,1.0424955224260406,-0.2549741027362156,-0.012950793223482356
2011,-0.5995587101180465,-0.21814826228944365,-0.48227291891423885,-0.7552792146643756,-0.5022050292208885,-0.012950793223482356
2011,-0.5995587101180465,-0.21814826228944365,0.8034676039449619,0.2253251873849425,-0.6258204924632249,-0.012950793223482356
2011,-0.5995587101180465,-0.21814826228944365,-0.48227291891423885,-0.10154294663149696,-0.13135863949387921,-0.012950793223482356
2012,-0.5995587101180465,-0.8649489447845848,0.8034676039449619,0.2253251873849425,-0.7494359557055613,-0.3913993973173937
2012,-0.5995587101180465,-0.8649489447845848,1.0177576910881618,1.0424955224260406,-0.9966668821902341,-0.33733531157435115
2012,-0.5995587101180465,-0.21814826228944365,-0.48227291891423885,-0.7552792146643756,-0.8730514189478977,-0.33733531157435115
2012,-0.5995587101180465,0.4286524202056975,-0.6965630060574389,-0.10154294663149696,-0.7494359557055613,-0.33733531157435115
2012,-0.5995587101180465,-0.8649489447845848,1.446337865374562,1.0424955224260406,-0.8730514189478977,-0.553591656492828
2012,-0.5995587101180465,-0.21814826228944365,-0.48227291891423885,-0.7552792146643756,-0.7494359557055613,-0.553591656492828
2012,-0.5995587101180465,-0.21814826228944365,-0.6965630060574389,0.06189112037672286,-0.8730514189478977,-0.553591656492828
2012,-0.5995587101180465,-0.8649489447845848,1.0177576910881618,0.3887592543931621,-0.7494359557055613,-0.553591656492828
2012,-0.5995587101180465,0.4286524202056975,-0.6965630060574389,-0.7552792146643756,-1.243897808674907,-1.1482966056025317
2012,-0.5995587101180465,-0.21814826228944365,-0.48227291891423885,-0.7552792146643756,-1.243897808674907,-1.1482966056025317
2012,-0.5995587101180465,-0.21814826228944365,1.0177576910881618,0.3887592543931621,-1.243897808674907,-1.1482966056025317
2012,-0.5995587101180465,-0.8649489447845848,1.6606279525177623,1.0424955224260406,-1.4911287351595799,-1.1482966056025317
2012,-0.5995587101180465,0.4286524202056975,-0.3751278753426388,-0.6735621811602658,-0.9966668821902341,-1.0942325193729123
2012,-0.5995587101180465,-0.21814826228944365,0.8034676039449619,0.2253251873849425,-1.1202823454325705,-0.7698480016059357
2012,-0.5995587101180465,-0.21814826228944365,-0.6965630060574389,-0.9187132816725954,-1.243897808674907,-0.7698480016059357
2012,-0.5995587101180465,-0.8649489447845848,1.0177576910881618,1.2059295894342605,-1.243897808674907,-0.7698480016059357
2012,-0.5995587101180465,-0.8649489447845848,-0.0003393619650962224,0.0006992739401450925,-0.3785895659785521,0.5276900690727098
2012,-0.5995587101180465,0.4286524202056975,-0.0003393619650962224,0.0006992739401450925,-0.2549741027362156,0.5276900690727098
2012,-0.5995587101180465,0.4286524202056975,-0.6965630060574389,-0.5918451476561558,-0.2549741027362156,0.4736259833296672
2012,-0.5995587101180465,0.4286524202056975,-0.6965630060574389,-0.2649770136397166,-6.198606669341106e-05,0.4736259833296672
2012,-0.5995587101180465,-0.8649489447845848,1.446337865374562,1.2059295894342605,-0.5022050292208885,-0.12107896665587438
2012,-0.5995587101180465,0.4286524202056975,-1.1251431803438392,-0.9187132816725954,-0.5022050292208885,-0.12107896665587438
2012,-0.5995587101180465,-0.21814826228944365,-0.26798283177103865,-0.2649770136397166,-0.6258204924632249,-0.12107896665587438
2012,-0.5995587101180465,-0.8649489447845848,-0.053692744627838615,-0.4284110806479362,-0.3785895659785521,-0.12107896665587438
2012,-0.5995587101180465,-0.21814826228944365,0.8034676039449619,0.8790614554178212,-0.7494359557055613,-0.4995275697766321
2012,-0.5995587101180465,1.0754531027008387,-0.26798283177103865,-0.2649770136397166,-0.8730514189478977,-0.4995275697766321
2012,-0.5995587101180465,0.4286524202056975,-0.48227291891423885,-0.7552792146643756,-0.6258204924632249,-0.4995275697766321
2012,-0.5995587101180465,-0.21814826228944365,0.16059734251536145,-0.10154294663149696,-0.5022050292208885,-0.4995275697766321
2012,-0.5995587101180465,0.4286524202056975,0.16059734251536145,0.06189112037672286,-0.13135863949387921,0.1492414649787984
2012,-0.5995587101180465,-0.8649489447845848,0.5891775168017618,1.0424955224260406,-0.13135863949387921,0.1492414649787984
2012,-0.5995587101180465,0.4286524202056975,-0.26798283177103865,0.06189112037672286,-0.13135863949387921,0.1492414649787984
2012,-0.5995587101180465,1.0754531027008387,-0.48227291891423885,-0.7552792146643756,-0.007743176251542805,0.1492414649787984
2012,-0.5995587101180465,-0.8649489447845848,0.5891775168017618,1.2059295894342605,0.23948775023313004,0.2033055516949946
2012,-0.5995587101180465,-0.21814826228944365,0.3748874296585615,0.2253251873849425,0.3631032134754665,0.1492414649787984
2012,-0.5995587101180465,1.0754531027008387,-0.26798283177103865,-0.10154294663149696,0.11587228699079362,0.1492414649787984
2012,-0.5995587101180465,-0.21814826228944365,-0.053692744627838615,-0.4284110806479362,0.23948775023313004,0.2033055516949946
2012,-0.5995587101180465,1.0754531027008387,-0.053692744627838615,-0.4284110806479362,0.8575650664448121,0.6358182415319481
2012,-0.5995587101180465,-0.8649489447845848,0.8034676039449619,1.2059295894342605,0.8575650664448121,0.6358182415319481
2012,-0.5995587101180465,1.7222537851959798,-0.053692744627838615,0.06189112037672286,0.7339496032024757,0.6358182415319481
2012,-0.5995587101180465,-0.8649489447845848,0.16059734251536145,-0.10154294663149696,0.8575650664448121,0.6358182415319481
2012,-0.5995587101180465,0.4286524202056975,-0.6965630060574389,-0.9187132816725954,0.4867186767178029,0.5276900690727098
2012,-0.5995587101180465,-0.21814826228944365,0.16059734251536145,-0.10154294663149696,0.4867186767178029,0.4736259833296672
2012,-0.5995587101180465,-0.8649489447845848,0.3748874296585615,6.10895159968085,0.6103341399601393,0.5276900690727098
2012,-0.5995587101180465,1.7222537851959798,-0.053692744627838615,-0.10154294663149696,0.4867186767178029,0.4736259833296672
2012,-0.5995587101180465,-0.8649489447845848,0.16059734251536145,0.8790614554178212,1.104795992929485,0.6898823282481443
2012,-0.5995587101180465,-0.0005492804851685446,-0.16083778819943864,-0.10154294663149696,0.9811805296871485,0.6358182415319481
2012,-0.5995587101180465,-0.21814826228944365,0.2677423860869616,0.2253251873849425,1.104795992929485,0.7439464139911866
2012,-0.5995587101180465,0.2992922837066697,-0.053692744627838615,-0.4284110806479362,0.9811805296871485,0.6898823282481443
2012,-0.5995587101180465,1.7222537851959798,-0.053692744627838615,0.2253251873849425,1.2284114561718213,1.176459104801294
2012,-0.5995587101180465,-0.8649489447845848,0.16059734251536145,-0.2649770136397166,1.4756423826564942,1.2305231905443363
2012,-0.5995587101180465,-0.21814826228944365,-0.26798283177103865,-0.5918451476561558,1.2284114561718213,1.2305231905443363
2012,-0.5995587101180465,-0.21814826228944365,0.5891775168017618,1.0424955224260406,1.4756423826564942,1.176459104801294
2012,-0.5995587101180465,-0.21814826228944365,-0.053692744627838615,0.2253251873849425,1.2284114561718213,1.0683309323420556
2012,-0.5995587101180465,0.4286524202056975,0.16059734251536145,0.06189112037672286,-6.198606669341106e-05,1.0683309323420556
2012,-0.5995587101180465,0.4286524202056975,-0.48227291891423885,-0.5918451476561558,1.104795992929485,1.0683309323420556
2012,-0.5995587101180465,-0.8649489447845848,0.8034676039449619,1.0424955224260406,1.104795992929485,1.0683309323420556
2012,-0.5995587101180465,-0.8649489447845848,0.16059734251536145,-0.10154294663149696,0.9811805296871485,0.9061386731666211
2012,-0.5995587101180465,-0.8649489447845848,0.3748874296585615,1.0424955224260406,0.9811805296871485,0.8520745864504252
2012,-0.5995587101180465,1.0754531027008387,-0.053692744627838615,-0.10154294663149696,0.8575650664448121,0.9061386731666211
2012,-0.5995587101180465,0.4286524202056975,-0.48227291891423885,-0.5918451476561558,1.104795992929485,0.9061386731666211
2012,-0.5995587101180465,-0.8649489447845848,0.8034676039449619,1.0424955224260406,1.2284114561718213,1.0683309323420556
2012,-0.5995587101180465,-0.21814826228944365,-0.6965630060574389,-0.9187132816725954,-6.198606669341106e-05,1.0683309323420556
2012,-0.5995587101180465,-0.8649489447845848,0.3748874296585615,-0.10154294663149696,1.2284114561718213,1.0683309323420556
2012,-0.5995587101180465,-0.21814826228944365,-0.48227291891423885,0.06189112037672286,0.8575650664448121,1.338651363003575
2012,-0.0006595061459157986,-0.8649489447845848,1.0177576910881618,0.7973444219137114,0.6103341399601393,0.5276900690727098
2012,-0.0006595061459157986,-0.21814826228944365,-0.26798283177103865,-0.4284110806479362,0.3631032134754665,0.5276900690727098
2012,-0.0006595061459157986,1.7222537851959798,-0.910853093200639,-1.0821473486808149,0.6103341399601393,0.6898823282481443
2012,-0.0006595061459157986,-0.21814826228944365,0.16059734251536145,-0.2649770136397166,0.7339496032024757,0.7439464139911866
2012,-0.5995587101180465,-0.8649489447845848,0.8034676039449619,0.7156273884096014,0.7339496032024757,0.7980105007073827
2012,-0.5995587101180465,1.0754531027008387,-0.910853093200639,-0.4284110806479362,0.7339496032024757,0.7980105007073827
2012,-0.5995587101180465,1.0754531027008387,-0.053692744627838615,-0.10154294663149696,0.7339496032024757,0.7980105007073827
2012,-0.5995587101180465,-0.21814826228944365,0.16059734251536145,-0.2649770136397166,0.7339496032024757,0.7980105007073827
2012,-0.5995587101180465,2.369054467691121,-0.053692744627838615,0.06189112037672286,-6.198606669341106e-05,0.5276900690727098
2012,-0.5995587101180465,0.4286524202056975,0.16059734251536145,0.06189112037672286,0.4867186767178029,0.5276900690727098
2012,-0.5995587101180465,-0.21814826228944365,0.8034676039449619,1.0424955224260406,0.23948775023313004,0.5276900690727098
2012,-0.5995587101180465,-0.21814826228944365,-0.26798283177103865,-0.5918451476561558,0.23948775023313004,0.5276900690727098
2012,-0.5995587101180465,-0.8649489447845848,-0.3751278753426388,-0.6735621811602658,-1.1202823454325705,-0.8239120879328703
2012,-0.5995587101180465,-0.8649489447845848,-0.053692744627838615,1.859665857467139,-0.9966668821902341,-0.8239120879328703
2012,-0.5995587101180465,-0.21814826228944365,-0.6965630060574389,-0.9187132816725954,-0.9966668821902341,-0.8239120879328703
2012,-0.5995587101180465,-1.511749627279726,-0.053692744627838615,1.2059295894342605,-1.1202823454325705,-0.8239120879328703
2012,-0.5995587101180465,-0.21814826228944365,-0.910853093200639,-0.4284110806479362,-1.3675132719172434,-0.6617198290493819
2012,-0.5995587101180465,-0.21814826228944365,-0.26798283177103865,-0.5918451476561558,-1.1202823454325705,-0.6076557428197626
2012,-0.5995587101180465,-0.8649489447845848,-0.6965630060574389,-0.9187132816725954,-1.243897808674907,-0.6617198290493819
2012,-0.5995587101180465,-0.21814826228944365,1.8749180396609622,1.2059295894342605,-1.243897808674907,-0.553591656492828
2012,-0.5995587101180465,-0.21814826228944365,-0.26798283177103865,-0.4284110806479362,-1.1202823454325705,-0.6617198290493819
2012,-0.5995587101180465,-0.21814826228944365,0.8034676039449619,0.2253251873849425,-1.1202823454325705,-0.6617198290493819
2012,-0.5995587101180465,-0.8649489447845848,0.8034676039449619,1.3693636564424803,-1.1202823454325705,-0.6617198290493819
2012,-0.5995587101180465,-0.21814826228944365,-0.6965630060574389,-0.7552792146643756,-1.1202823454325705,-0.6617198290493819
2013,-0.5995587101180465,-0.8649489447845848,1.0177576910881618,1.2059295894342605,-1.1202823454325705,-0.6076557428197626
2013,-0.5995587101180465,-0.21814826228944365,-0.26798283177103865,-0.4284110806479362,-1.1202823454325705,-0.6617198290493819
2013,-0.5995587101180465,-0.0005492804851685446,-0.48227291891423885,-0.7552792146643756,-0.9966668821902341,-0.6076557428197626
2013,-0.5995587101180465,-0.8649489447845848,0.5891775168017618,0.2253251873849425,-1.243897808674907,-0.6617198290493819
2013,-0.5995587101180465,-0.21814826228944365,-0.48227291891423885,-0.7552792146643756,-1.7383596616442527,-1.5267452095991276
2013,-0.5995587101180465,-0.21814826228944365,-0.910853093200639,-0.5918451476561558,-1.861975124886589,-1.5267452095991276
2013,-0.5995587101180465,-0.21814826228944365,-0.26798283177103865,-0.10154294663149696,-1.7383596616442527,-1.5267452095991276
2013,-0.5995587101180465,-0.8649489447845848,0.8034676039449619,1.3693636564424803,-1.7383596616442527,-1.5267452095991276
2013,-0.5995587101180465,-0.21814826228944365,0.3748874296585615,2.840270259516457,-1.1202823454325705,-0.8239120879328703
2013,-0.5995587101180465,-0.8649489447845848,2.3034982139473628,1.3693636564424803,-1.1202823454325705,-0.8239120879328703
2013,-0.5995587101180465,-0.8649489447845848,0.3748874296585615,0.552193321401382,-6.198606669341106e-05,-0.8239120879328703
2013,-0.5995587101180465,-0.8649489447845848,2.0892081268041625,1.2059295894342605,-1.1202823454325705,-0.6617198290493819
2013,-0.5995587101180465,-0.21814826228944365,-0.6965630060574389,-0.9187132816725954,-0.9966668821902341,-0.6617198290493819
2013,-0.5995587101180465,-0.21814826228944365,-0.6965630060574389,-0.10154294663149696,-0.9966668821902341,-0.6617198290493819
2013,-0.5995587101180465,-0.0005492804851685446,3.5892387368065632,0.0006992739401450925,-0.9966668821902341,-0.6617198290493819
2013,-0.0006595061459157986,-0.8649489447845848,-0.0003393619650962224,0.0006992739401450925,-0.8730514189478977,-0.6617198290493819
2013,-0.0006595061459157986,0.4286524202056975,-0.6965630060574389,-0.9187132816725954,-0.8730514189478977,-0.8239120879328703
2013,-0.0006595061459157986,0.4286524202056975,-0.6965630060574389,-0.2649770136397166,-0.8730514189478977,-0.8239120879328703
2013,-0.0006595061459157986,-0.8649489447845848,2.0892081268041625,1.3693636564424803,-0.8730514189478977,-0.8239120879328703
2013,-0.5995587101180465,0.4286524202056975,-0.26798283177103865,-0.5918451476561558,-1.243897808674907,-0.6617198290493819
2013,-0.5995587101180465,-0.21814826228944365,-0.6965630060574389,-0.7552792146643756,-1.243897808674907,-0.6617198290493819
2013,-0.5995587101180465,-0.8649489447845848,-0.053692744627838615,-0.4284110806479362,-1.1202823454325705,-0.6617198290493819
2013,-0.5995587101180465,-0.8649489447845848,1.8749180396609622,1.3693636564424803,-1.243897808674907,-0.6617198290493819
2013,-0.5995587101180465,-0.8649489447845848,1.446337865374562,1.0424955224260406,0.23948775023313004,0.4195618966134714
2013,-0.5995587101180465,0.4286524202056975,-0.26798283177103865,-0.5918451476561558,0.23948775023313004,0.4195618966134714
2013,-0.5995587101180465,-0.21814826228944365,-0.48227291891423885,0.2253251873849425,0.23948775023313004,0.2033055516949946
2013,-0.5995587101180465,-1.511749627279726,-0.26798283177103865,0.2253251873849425,0.3631032134754665,0.36549780989727554
2013,-0.5995587101180465,-0.21814826228944365,-0.6965630060574389,-0.9187132816725954,-0.5022050292208885,-0.33733531157435115
2013,-0.5995587101180465,-0.8649489447845848,-0.48227291891423885,1.2059295894342605,-0.3785895659785521,-0.33733531157435115
2013,-0.5995587101180465,-0.21814826228944365,-0.26798283177103865,-0.5918451476561558,-0.3785895659785521,-0.33733531157435115
2013,-0.5995587101180465,-0.21814826228944365,-0.26798283177103865,-0.5918451476561558,-0.3785895659785521,-0.33733531157435115
2013,-0.5995587101180465,-0.21814826228944365,-0.053692744627838615,-0.2649770136397166,0.4867186767178029,0.5276900690727098
2013,-0.5995587101180465,-0.21814826228944365,1.0177576910881618,1.2059295894342605,0.4867186767178029,0.5276900690727098
2013,-0.5995587101180465,-0.21814826228944365,-0.48227291891423885,-0.10154294663149696,0.11587228699079362,0.36549780989727554
2013,-0.5995587101180465,1.0754531027008387,-0.6965630060574389,-0.9187132816725954,0.4867186767178029,0.4195618966134714
2013,-0.5995587101180465,0.4286524202056975,-0.0003393619650962224,0.0006992739401450925,0.8575650664448121,0.6898823282481443
2013,-0.5995587101180465,-1.511749627279726,-0.053692744627838615,1.2059295894342605,0.7339496032024757,0.6358182415319481
2013,-0.5995587101180465,-0.21814826228944365,-0.26798283177103865,-0.2649770136397166,0.8575650664448121,0.6358182415319481
2013,-0.5995587101180465,0.4286524202056975,-0.26798283177103865,0.2253251873849425,0.7339496032024757,0.6358182415319481
2013,-0.5995587101180465,0.4286524202056975,-0.053692744627838615,-0.10154294663149696,0.9811805296871485,1.122395018085098
2013,-0.5995587101180465,-0.21814826228944365,0.5891775168017618,0.8790614554178212,1.4756423826564942,1.338651363003575
2013,-0.5995587101180465,1.0754531027008387,-0.6965630060574389,-0.9187132816725954,1.3520269194141579,1.2305231905443363
2013,-0.5995587101180465,0.4286524202056975,0.3748874296585615,-0.10154294663149696,1.3520269194141579,1.2305231905443363
2013,-0.5995587101180465,0.4286524202056975,0.16059734251536145,0.7156273884096014,-6.198606669341106e-05,1.5008436221790091
2013,-0.5995587101180465,-0.21814826228944365,-0.053692744627838615,-0.4284110806479362,1.2284114561718213,0.9602027598828169
2013,-0.5995587101180465,0.4286524202056975,-0.26798283177103865,0.2253251873849425,0.9811805296871485,0.9602027598828169
2013,-0.5995587101180465,0.4286524202056975,-0.26798283177103865,-0.5918451476561558,1.104795992929485,0.9602027598828169
2013,-0.5995587101180465,-0.21814826228944365,0.8034676039449619,1.0424955224260406,0.9811805296871485,1.176459104801294
2013,-0.5995587101180465,0.4286524202056975,-0.053692744627838615,0.2253251873849425,0.9811805296871485,1.122395018085098
2013,-0.5995587101180465,-0.21814826228944365,-0.48227291891423885,-0.7552792146643756,-6.198606669341106e-05,1.122395018085098
2013,-0.5995587101180465,-0.21814826228944365,0.3748874296585615,0.2253251873849425,0.9811805296871485,1.122395018085098
2013,-0.5995587101180465,1.0754531027008387,-0.053692744627838615,0.06189112037672286,0.9811805296871485,0.6358182415319481
2013,-0.5995587101180465,0.4286524202056975,-0.6965630060574389,-0.9187132816725954,0.9811805296871485,0.6358182415319481
2013,-0.5995587101180465,-0.8649489447845848,0.3748874296585615,1.6962317904589197,1.104795992929485,0.6358182415319481
2013,-0.5995587101180465,-0.21814826228944365,-0.26798283177103865,-0.2649770136397166,1.104795992929485,0.6358182415319481
2013,-0.5995587101180465,-1.511749627279726,-0.910853093200639,-0.10154294663149696,1.2284114561718213,1.0683309323420556
2013,-0.5995587101180465,1.7222537851959798,-0.053692744627838615,0.06189112037672286,0.7339496032024757,1.0142668456258594
2013,-0.5995587101180465,1.0754531027008387,-0.48227291891423885,-0.7552792146643756,1.104795992929485,1.0683309323420556
2013,-0.5995587101180465,-0.21814826228944365,0.8034676039449619,0.8790614554178212,0.9811805296871485,1.0142668456258594
2013,-0.5995587101180465,1.7222537851959798,-0.053692744627838615,-0.10154294663149696,0.9811805296871485,0.9602027598828169
2013,-0.5995587101180465,1.0754531027008387,-0.910853093200639,-1.0821473486808149,1.2284114561718213,0.9602027598828169
2013,-0.5995587101180465,-0.8649489447845848,1.2320477782313621,1.2059295894342605,1.104795992929485,0.9602027598828169
2013,-0.5995587101180465,-0.21814826228944365,-0.26798283177103865,-0.4284110806479362,1.2284114561718213,0.9602027598828169
2013,-0.5995587101180465,1.0754531027008387,-0.053692744627838615,0.06189112037672286,0.8575650664448121,0.7980105007073827
2013,-0.5995587101180465,-0.21814826228944365,0.16059734251536145,-0.2649770136397166,0.9811805296871485,0.7980105007073827
2013,-0.5995587101180465,-0.8649489447845848,1.446337865374562,0.7156273884096014,1.104795992929485,0.7980105007073827
2013,-0.0006595061459157986,-0.0005492804851685446,-0.0003393619650962224,0.0006992739401450925,0.8575650664448121,0.7980105007073827
2013,-0.5995587101180465,1.7222537851959798,-0.48227291891423885,-0.5918451476561558,0.11587228699079362,0.4736259833296672
2013,-0.5995587101180465,-0.8649489447845848,-0.0003393619650962224,0.0006992739401450925,0.3631032134754665,0.4736259833296672
2013,-0.5995587101180465,-0.6062286717865281,0.8034676039449619,0.552193321401382,0.23948775023313004,0.4736259833296672
2013,-0.5995587101180465,0.4286524202056975,-0.0003393619650962224,0.0006992739401450925,0.3631032134754665,0.4736259833296672
2013,-0.5995587101180465,-0.21814826228944365,0.3748874296585615,0.06189112037672286,-0.2549741027362156,-0.12107896665587438
2013,-0.5995587101180465,-1.511749627279726,0.16059734251536145,-0.10154294663149696,-0.13135863949387921,-0.012950793223482356
2013,-0.5995587101180465,-0.21814826228944365,-0.6965630060574389,-0.9187132816725954,-0.13135863949387921,-0.012950793223482356
2013,-0.5995587101180465,-0.8649489447845848,1.0177576910881618,0.7156273884096014,-0.13135863949387921,-0.12107896665587438
2013,-0.5995587101180465,-1.511749627279726,0.5891775168017618,0.552193321401382,-0.7494359557055613,-0.33733531157435115
2013,-0.5995587101180465,0.4286524202056975,-0.26798283177103865,-0.5918451476561558,-0.7494359557055613,-0.33733531157435115
2013,-0.5995587101180465,0.4286524202056975,-0.26798283177103865,-0.2649770136397166,-0.8730514189478977,-0.33733531157435115
2013,-0.5995587101180465,-0.21814826228944365,-0.053692744627838615,-0.10154294663149696,-0.6258204924632249,-0.33733531157435115
2013,-0.5995587101180465,-0.21814826228944365,-0.48227291891423885,-0.4284110806479362,-0.7494359557055613,-0.4454634840335897
2013,-0.5995587101180465,-0.8649489447845848,1.446337865374562,0.7156273884096014,-0.7494359557055613,-0.4454634840335897
2013,-0.5995587101180465,-0.21814826228944365,-0.48227291891423885,-0.7552792146643756,-0.8730514189478977,-0.4454634840335897
2013,-0.5995587101180465,-0.8649489447845848,0.3748874296585615,0.3887592543931621,-0.8730514189478977,-0.4454634840335897
2013,-0.5995587101180465,-0.8649489447845848,1.446337865374562,0.7156273884096014,-0.9966668821902341,-0.4995275697766321
2013,-0.5995587101180465,-0.0005492804851685446,-0.26798283177103865,-0.5918451476561558,-0.9966668821902341,-0.4995275697766321
2013,-0.5995587101180465,0.4286524202056975,-0.6965630060574389,-0.4284110806479362,-0.8730514189478977,-0.553591656492828
2013,-0.5995587101180465,-0.21814826228944365,-0.6965630060574389,-0.9187132816725954,-0.8730514189478977,-0.4995275697766321
2013,-0.5995587101180465,-0.8649489447845848,0.5891775168017618,0.06189112037672286,-1.243897808674907,-1.202360691929466
2013,-0.5995587101180465,-0.21814826228944365,-0.5894179624858389,-0.8369962481684854,-1.3675132719172434,-1.202360691929466
2013,-0.5995587101180465,-0.21814826228944365,0.5891775168017618,0.3887592543931621,-1.243897808674907,-1.202360691929466
2013,-0.5995587101180465,-0.21814826228944365,-0.6965630060574389,-0.4284110806479362,-1.243897808674907,-1.202360691929466
2014,-0.5995587101180465,-0.8649489447845848,1.2320477782313621,0.7156273884096014,-1.6147441984019162,-1.8511297272687888
2014,-0.5995587101180465,-0.21814826228944365,-0.910853093200639,-0.5918451476561558,-1.6147441984019162,-1.8511297272687888
2014,-0.5995587101180465,-1.511749627279726,-0.48227291891423885,-0.7552792146643756,-1.6147441984019162,-1.8511297272687888
2014,-0.5995587101180465,-0.8649489447845848,0.16059734251536145,0.2253251873849425,-1.4911287351595799,-1.8511297272687888
2014,-0.5995587101180465,-0.8649489447845848,-0.053692744627838615,-0.4284110806479362,-0.8730514189478977,-0.3913993973173937
2014,-0.5995587101180465,-0.8649489447845848,-0.26798283177103865,-0.5918451476561558,-6.198606669341106e-05,-0.3913993973173937
2014,-0.5995587101180465,-0.8649489447845848,1.0177576910881618,1.0424955224260406,-0.8730514189478977,-0.3913993973173937
2014,-0.5995587101180465,-0.21814826228944365,-0.26798283177103865,-0.2649770136397166,-0.8730514189478977,-0.3913993973173937
2014,-0.5995587101180465,-0.8649489447845848,-0.053692744627838615,0.2253251873849425,-2.109206051371262,-1.688937468482616
2014,-0.5995587101180465,-0.21814826228944365,-0.48227291891423885,-0.7552792146643756,-1.7383596616442527,-1.688937468482616
2014,-0.5995587101180465,-0.8649489447845848,0.5891775168017618,1.0424955224260406,-1.9855905881289255,-1.688937468482616
2014,-0.5995587101180465,-0.21814826228944365,-0.6965630060574389,-0.9187132816725954,-1.861975124886589,-1.688937468482616
2014,-0.5995587101180465,-0.21814826228944365,-0.48227291891423885,-0.4284110806479362,-1.1202823454325705,-1.0401684330459777
2014,-0.5995587101180465,-0.8649489447845848,-0.48227291891423885,-0.4284110806479362,-1.1202823454325705,-1.0401684330459777
2014,-0.5995587101180465,-0.21814826228944365,-0.48227291891423885,-0.7552792146643756,-1.243897808674907,-1.0401684330459777
2014,-0.5995587101180465,-0.8649489447845848,0.3748874296585615,0.7156273884096014,-1.1202823454325705,-1.0401684330459777
2014,-0.5995587101180465,-0.8649489447845848,-0.053692744627838615,-0.10154294663149696,-0.6258204924632249,-0.33733531157435115
2014,-0.5995587101180465,-0.21814826228944365,-0.48227291891423885,-0.7552792146643756,-0.4403972975997203,-0.33733531157435115
2014,-0.5995587101180465,0.4286524202056975,-0.6965630060574389,-0.4284110806479362,-0.5022050292208885,-0.17514305239891675
2014,-0.5995587101180465,-1.511749627279726,1.446337865374562,1.0424955224260406,-0.5022050292208885,-0.33733531157435115
2014,-0.5995587101180465,-0.21814826228944365,-0.6965630060574389,-0.7552792146643756,-1.7383596616442527,-1.0942325193729123
2014,-0.5995587101180465,-0.21814826228944365,-0.910853093200639,-0.4284110806479362,-1.3675132719172434,-1.0942325193729123
2014,-0.5995587101180465,-0.21814826228944365,-0.26798283177103865,-0.5918451476561558,-1.6147441984019162,-1.0942325193729123
2014,-0.5995587101180465,-0.8649489447845848,2.0892081268041625,1.3693636564424803,-1.4911287351595799,-1.0942325193729123
2014,-0.5995587101180465,-0.8649489447845848,-1.1251431803438392,-0.5918451476561558,-0.13135863949387921,-0.33733531157435115
2014,-0.5995587101180465,-0.21814826228944365,-0.48227291891423885,-0.7552792146643756,-0.3785895659785521,-0.33733531157435115
2014,-0.5995587101180465,-0.8649489447845848,0.8034676039449619,1.3693636564424803,-0.2549741027362156,-0.3913993973173937
2014,-0.5995587101180465,0.4286524202056975,-0.26798283177103865,-0.10154294663149696,-6.198606669341106e-05,-0.4454634840335897
2014,-0.5995587101180465,-0.8649489447845848,-0.053692744627838615,1.2059295894342605,0.11587228699079362,-0.012950793223482356
2014,-0.5995587101180465,-0.21814826228944365,-0.910853093200639,-0.9187132816725954,-0.007743176251542805,-0.012950793223482356
2014,-0.5995587101180465,-0.8649489447845848,-1.1251431803438392,0.2253251873849425,0.11587228699079362,-0.012950793223482356
2014,-0.5995587101180465,-0.21814826228944365,-0.053692744627838615,0.2253251873849425,-0.007743176251542805,-0.012950793223482356
2014,-0.5995587101180465,0.4286524202056975,-0.26798283177103865,-0.4284110806479362,-0.007743176251542805,0.36549780989727554
2014,-0.5995587101180465,-0.8649489447845848,-0.6965630060574389,-0.7552792146643756,0.3631032134754665,0.36549780989727554
2014,-0.5995587101180465,0.4286524202056975,-0.053692744627838615,-0.4284110806479362,0.23948775023313004,0.4195618966134714
2014,-0.5995587101180465,-0.8649489447845848,-0.053692744627838615,1.0424955224260406,0.3631032134754665,0.4195618966134714
2014,-0.5995587101180465,-0.21814826228944365,-0.26798283177103865,0.06189112037672286,-0.3785895659785521,0.6358182415319481
2014,-0.5995587101180465,-0.21814826228944365,-0.053692744627838615,-0.10154294663149696,1.104795992929485,0.7439464139911866
2014,-0.5995587101180465,1.0754531027008387,-0.48227291891423885,-0.7552792146643756,1.104795992929485,-2.013321986152277
2014,-0.5995587101180465,-0.21814826228944365,0.5891775168017618,0.8790614554178212,1.104795992929485,-2.013321986152277
2014,-0.5995587101180465,1.0754531027008387,-0.26798283177103865,-0.2649770136397166,0.7339496032024757,0.9602027598828169
2014,-0.5995587101180465,-0.21814826228944365,0.3748874296585615,0.7156273884096014,1.2284114561718213,0.9602027598828169
2014,-0.5995587101180465,-0.21814826228944365,0.16059734251536145,-0.2649770136397166,0.8575650664448121,0.9602027598828169
2014,-0.5995587101180465,-0.21814826228944365,-0.910853093200639,-1.0821473486808149,1.104795992929485,0.9602027598828169
2014,-0.5995587101180465,0.4286524202056975,0.16059734251536145,0.06189112037672286,1.3520269194141579,1.2305231905443363
2014,-0.5995587101180465,0.4286524202056975,-0.910853093200639,-1.0821473486808149,1.2284114561718213,1.2305231905443363
2014,-0.5995587101180465,-0.8649489447845848,1.0177576910881618,0.8790614554178212,1.2284114561718213,1.2305231905443363
2014,-0.5995587101180465,0.4286524202056975,-0.053692744627838615,0.06189112037672286,0.8575650664448121,1.2305231905443363
2014,-0.5995587101180465,-0.21814826228944365,0.5891775168017618,0.8790614554178212,1.104795992929485,1.0683309323420556
2014,-0.5995587101180465,0.4286524202056975,-0.26798283177103865,-0.2649770136397166,0.9811805296871485,1.0683309323420556
2014,-0.5995587101180465,-0.8649489447845848,-0.053692744627838615,0.06189112037672286,1.104795992929485,1.0683309323420556
2014,-0.5995587101180465,0.4286524202056975,-0.910853093200639,-1.0821473486808149,1.2284114561718213,1.0683309323420556
2014,-0.5995587101180465,-0.8649489447845848,-0.053692744627838615,0.06189112037672286,0.9811805296871485,1.0683309323420556
2014,-0.5995587101180465,1.0754531027008387,-0.910853093200639,-1.0821473486808149,0.9811805296871485,1.0683309323420556
2014,-0.5995587101180465,-0.21814826228944365,0.5891775168017618,1.3693636564424803,0.9811805296871485,1.0683309323420556
2014,-0.5995587101180465,1.0754531027008387,8.517910741100165,11.011973609927441,0.8575650664448121,1.0142668456258594
2014,-0.5995587101180465,1.7222537851959798,-0.3751278753426388,-0.5101281141520461,0.7339496032024757,0.9602027598828169
2014,-0.5995587101180465,-0.21814826228944365,0.3748874296585615,-0.10154294663149696,1.104795992929485,1.0142668456258594
2014,-0.5995587101180465,-0.8649489447845848,1.0177576910881618,1.2059295894342605,0.8575650664448121,0.9602027598828169
2014,-0.5995587101180465,-0.8649489447845848,1.6606279525177623,0.8790614554178212,0.7339496032024757,0.7980105007073827
2014,-0.5995587101180465,0.4286524202056975,-0.053692744627838615,0.06189112037672286,0.7339496032024757,0.7980105007073827
2014,-0.5995587101180465,-0.8649489447845848,-0.26798283177103865,-0.5918451476561558,0.7339496032024757,0.7980105007073827
2014,-0.5995587101180465,-0.8649489447845848,-0.6965630060574389,-0.9187132816725954,0.8575650664448121,0.7980105007073827
2014,-0.5995587101180465,-0.0005492804851685446,1.0177576910881618,0.8790614554178212,0.23948775023313004,0.1492414649787984
2014,-0.5995587101180465,-0.21814826228944365,-1.1037141716295191,-1.2292380089882127,-0.007743176251542805,0.1492414649787984
2014,-0.5995587101180465,-1.511749627279726,-0.48227291891423885,-0.2649770136397166,0.4867186767178029,0.1492414649787984
2014,-0.5995587101180465,1.0754531027008387,-0.26798283177103865,-0.2649770136397166,0.23948775023313004,0.1492414649787984
2014,-0.5995587101180465,-0.21814826228944365,-0.48227291891423885,-0.7552792146643756,0.23948775023313004,0.36549780989727554
2014,-0.5995587101180465,-0.21814826228944365,-0.910853093200639,-1.0821473486808149,-0.13135863949387921,0.36549780989727554
2014,-0.5995587101180465,-1.511749627279726,1.9820630832325623,1.1242125559301506,0.23948775023313004,0.36549780989727554
2014,-0.5995587101180465,0.4286524202056975,0.2677423860869616,0.2253251873849425,-6.198606669341106e-05,0.2573696374380368
2014,-0.5995587101180465,-0.8649489447845848,-0.48227291891423885,-0.2649770136397166,-0.007743176251542805,0.4195618966134714
2014,-0.5995587101180465,0.4286524202056975,-0.910853093200639,-1.0821473486808149,-6.198606669341106e-05,0.4195618966134714
2014,-0.5995587101180465,-1.511749627279726,1.6606279525177623,0.8790614554178212,-0.007743176251542805,0.4195618966134714
2014,-0.5995587101180465,0.4286524202056975,-0.26798283177103865,-0.10154294663149696,-0.19316637111504745,0.4195618966134714
2014,-0.5995587101180465,-0.21814826228944365,-0.48227291891423885,-0.5918451476561558,-0.6258204924632249,-0.4995275697766321
2014,-0.5995587101180465,-0.8649489447845848,-0.48227291891423885,-0.7552792146643756,-0.5022050292208885,-0.4995275697766321
2014,-0.5995587101180465,0.4286524202056975,-0.803708049629039,-1.000430315176705,-0.6258204924632249,-0.4995275697766321
2014,-0.5995587101180465,-0.8649489447845848,-0.867995075771999,-1.049460535279171,-0.5022050292208885,-0.4995275697766321
2014,-0.5995587101180465,-0.8649489447845848,-0.48227291891423885,-0.7552792146643756,-0.9966668821902341,-0.6617198290493819
2014,-0.5995587101180465,-1.511749627279726,1.446337865374562,0.7156273884096014,-0.9966668821902341,-0.6617198290493819
2014,-0.5995587101180465,-0.21814826228944365,-0.26798283177103865,-0.2649770136397166,-0.8730514189478977,-0.6617198290493819
2014,-0.5995587101180465,-0.21814826228944365,0.16059734251536145,0.2253251873849425,-0.9966668821902341,-0.6617198290493819
2014,-0.5995587101180465,2.369054467691121,-0.053692744627838615,-0.4284110806479362,-0.8730514189478977,-0.9861043467190432
2014,-0.5995587101180465,-0.21814826228944365,0.16059734251536145,0.3887592543931621,-1.3675132719172434,-0.9861043467190432
2014,-0.5995587101180465,-0.8649489447845848,-0.803708049629039,-1.000430315176705,-1.3675132719172434,-0.9861043467190432
2014,-0.5995587101180465,-0.21814826228944365,1.2320477782313621,0.552193321401382,-1.3675132719172434,-0.9861043467190432
2015,-0.5995587101180465,-0.21814826228944365,-0.48227291891423885,-0.7552792146643756,-1.243897808674907,-1.202360691929466
2015,-0.5995587101180465,-0.8649489447845848,1.6606279525177623,1.2059295894342605,-1.1202823454325705,-1.202360691929466
2015,-0.5995587101180465,-0.21814826228944365,-0.26798283177103865,-0.2649770136397166,-1.1202823454325705,-1.202360691929466
2015,-0.5995587101180465,-0.8649489447845848,0.3748874296585615,-0.10154294663149696,-1.1202823454325705,-1.202360691929466
2015,-0.5995587101180465,-0.21814826228944365,-0.6965630060574389,-0.2649770136397166,-1.3675132719172434,-0.8779761741624893
2015,-0.5995587101180465,-0.8649489447845848,-0.053692744627838615,0.3887592543931621,-1.243897808674907,-0.8779761741624893
2015,-0.5995587101180465,-0.21814826228944365,-0.6965630060574389,-0.9187132816725954,-1.3675132719172434,-0.8779761741624893
2015,-0.5995587101180465,-0.8649489447845848,1.0177576910881618,1.0424955224260406,-1.243897808674907,-0.8239120879328703
2015,-0.5995587101180465,-0.0005492804851685446,-0.26798283177103865,-0.2649770136397166,-6.198606669341106e-05,-1.5808092959260622
2015,-0.5995587101180465,-0.8649489447845848,-0.26798283177103865,-0.4284110806479362,-1.861975124886589,-1.5267452095991276
2015,-0.5995587101180465,-0.8649489447845848,-0.48227291891423885,-0.7552792146643756,-1.861975124886589,-1.3645529507156393
2015,-0.5995587101180465,-0.8649489447845848,1.446337865374562,1.2059295894342605,-1.7383596616442527,-1.3645529507156393
2015,-0.5995587101180465,-0.21814826228944365,-0.6965630060574389,-0.9187132816725954,-1.861975124886589,-1.9051938135957236
2015,-0.5995587101180465,-0.8649489447845848,-0.910853093200639,-1.000430315176705,-2.2328215146135983,-1.9051938135957236
2015,-0.5995587101180465,-0.8649489447845848,-0.26798283177103865,-0.4284110806479362,-2.109206051371262,-1.9051938135957236
2015,-0.0006595061459157986,-0.0005492804851685446,-0.0003393619650962224,0.0006992739401450925,-6.198606669341106e-05,-1.9051938135957236
2015,-0.5995587101180465,-0.8649489447845848,0.8034676039449619,0.7156273884096014,-0.9966668821902341,-1.0401684330459777
2015,-0.5995587101180465,-0.21814826228944365,-0.48227291891423885,-0.7552792146643756,-1.1202823454325705,-1.0942325193729123
2015,-0.5995587101180465,-0.21814826228944365,-0.26798283177103865,-0.4284110806479362,-1.1202823454325705,-1.0401684330459777
2015,-0.5995587101180465,-0.21814826228944365,-0.48227291891423885,-0.7552792146643756,-0.9966668821902341,-1.0401684330459777
2015,-0.5995587101180465,-0.21814826228944365,-0.6965630060574389,-0.2649770136397166,-0.3785895659785521,0.2033055516949946
2015,-0.5995587101180465,-0.8649489447845848,0.8034676039449619,0.8790614554178212,-0.2549741027362156,0.2033055516949946
2015,-0.5995587101180465,-0.21814826228944365,-0.48227291891423885,-0.7552792146643756,-0.13135863949387921,0.2573696374380368
2015,-0.5995587101180465,-0.21814826228944365,-0.48227291891423885,-0.4284110806479362,-0.007743176251542805,0.2573696374380368
2015,-0.5995587101180465,-0.21814826228944365,-0.48227291891423885,0.2253251873849425,0.23948775023313004,0.2573696374380368
2015,-0.5995587101180465,0.4286524202056975,-0.0003393619650962224,0.0006992739401450925,0.23948775023313004,0.2573696374380368
2015,-0.5995587101180465,-0.8649489447845848,-0.48227291891423885,-0.5918451476561558,0.11587228699079362,0.2573696374380368
2015,-0.5995587101180465,-0.8649489447845848,1.0177576910881618,1.2059295894342605,0.11587228699079362,0.2573696374380368
2015,-0.5995587101180465,0.4286524202056975,-0.803708049629039,-1.000430315176705,0.3631032134754665,0.311433724154233
2015,-0.5995587101180465,1.0754531027008387,-0.910853093200639,-1.0821473486808149,0.3631032134754665,0.311433724154233
2015,-0.5995587101180465,-0.21814826228944365,1.2320477782313621,0.8790614554178212,0.23948775023313004,0.2573696374380368
2015,-0.5995587101180465,0.4286524202056975,-0.48227291891423885,-0.2649770136397166,0.23948775023313004,0.2573696374380368
2015,-0.5995587101180465,0.4286524202056975,-0.26798283177103865,0.2253251873849425,0.8575650664448121,0.7439464139911866
2015,-0.5995587101180465,-0.21814826228944365,-0.6965630060574389,0.2253251873849425,1.104795992929485,0.7980105007073827
2015,-0.5995587101180465,0.4286524202056975,-0.910853093200639,-1.0821473486808149,1.2284114561718213,0.7980105007073827
2015,-0.5995587101180465,-0.21814826228944365,-0.910853093200639,-1.0821473486808149,1.3520269194141579,0.8520745864504252
2015,-0.5995587101180465,1.7222537851959798,-0.26798283177103865,0.06189112037672286,0.9811805296871485,0.9602027598828169
2015,-0.5995587101180465,1.0754531027008387,-0.053692744627838615,-0.4284110806479362,1.104795992929485,1.2305231905443363
2015,-0.5995587101180465,1.0754531027008387,-0.053692744627838615,-0.2649770136397166,1.2284114561718213,1.2845872772605325
2015,-0.5995587101180465,-0.21814826228944365,0.5891775168017618,0.552193321401382,1.3520269194141579,1.2845872772605325
2015,-0.5995587101180465,2.369054467691121,-0.053692744627838615,0.06189112037672286,1.104795992929485,1.122395018085098
2015,-0.5995587101180465,-0.21814826228944365,0.5891775168017618,0.7156273884096014,1.5374501142776624,1.176459104801294
2015,-0.5995587101180465,0.4286524202056975,-0.48227291891423885,-0.7552792146643756,1.5992578458988307,1.176459104801294
2015,-0.5995587101180465,0.4286524202056975,-0.26798283177103865,-0.5918451476561558,1.4756423826564942,1.176459104801294
2015,-0.5995587101180465,-1.511749627279726,0.8034676039449619,0.552193321401382,1.104795992929485,1.176459104801294
2015,-0.5995587101180465,0.4286524202056975,-0.053692744627838615,-0.2649770136397166,1.104795992929485,1.176459104801294
2015,-0.5995587101180465,-0.21814826228944365,-0.6965630060574389,-0.9187132816725954,1.104795992929485,1.122395018085098
2015,-0.5995587101180465,2.369054467691121,-0.26798283177103865,-0.5918451476561558,0.9811805296871485,1.176459104801294
2015,-0.5995587101180465,-0.21814826228944365,0.5891775168017618,0.3887592543931621,0.7339496032024757,1.0142668456258594
2015,-0.5995587101180465,1.7222537851959798,-0.26798283177103865,-0.10154294663149696,0.6103341399601393,1.0142668456258594
2015,-0.5995587101180465,1.7222537851959798,-0.6965630060574389,-0.9187132816725954,0.6103341399601393,1.0142668456258594
2015,-0.5995587101180465,-0.21814826228944365,-0.6965630060574389,-0.5918451476561558,0.8575650664448121,1.0142668456258594
2015,-0.5995587101180465,0.4286524202056975,-0.6965630060574389,-0.9187132816725954,1.3520269194141579,1.2305231905443363
2015,-0.5995587101180465,2.369054467691121,-1.017998136772239,-1.1638643821849246,0.9811805296871485,1.122395018085098
2015,-0.5995587101180465,0.4286524202056975,0.5891775168017618,0.06189112037672286,1.2284114561718213,1.2845872772605325
2015,-0.5995587101180465,-0.21814826228944365,0.16059734251536145,0.2253251873849425,1.2284114561718213,1.176459104801294
2015,-0.5995587101180465,0.4286524202056975,0.3748874296585615,-0.10154294663149696,0.8575650664448121,0.7439464139911866
2015,-0.5995587101180465,1.0754531027008387,-0.48227291891423885,-0.7552792146643756,0.6103341399601393,0.6898823282481443
2015,-0.5995587101180465,1.0754531027008387,-0.48227291891423885,-0.7552792146643756,0.7339496032024757,0.6898823282481443
2015,-0.5995587101180465,-0.21814826228944365,0.3748874296585615,0.2253251873849425,0.7339496032024757,0.7439464139911866
2015,-0.5995587101180465,-0.21814826228944365,-0.6965630060574389,-0.9187132816725954,0.11587228699079362,0.36549780989727554
2015,-0.5995587101180465,-0.21814826228944365,-0.48227291891423885,-0.4284110806479362,-0.007743176251542805,0.2573696374380368
2015,-0.5995587101180465,-1.511749627279726,-0.053692744627838615,-0.10154294663149696,0.23948775023313004,0.36549780989727554
2015,-0.5995587101180465,-1.511749627279726,0.8034676039449619,0.7156273884096014,-6.198606669341106e-05,0.311433724154233
2015,-0.5995587101180465,-0.21814826228944365,-0.26798283177103865,-0.5918451476561558,-0.3785895659785521,-0.4454634840335897
2015,-0.5995587101180465,-0.21814826228944365,-1.017998136772239,-1.1638643821849246,-0.7494359557055613,-0.553591656492828
2015,-0.5995587101180465,-0.8649489447845848,1.0177576910881618,0.8790614554178212,-0.5022050292208885,-0.553591656492828
2015,-0.5995587101180465,-0.21814826228944365,-0.26798283177103865,-0.2649770136397166,-0.7494359557055613,-0.553591656492828
2015,-0.5995587101180465,-0.21814826228944365,-0.26798283177103865,-0.2649770136397166,1.2284114561718213,0.2573696374380368
2015,-0.5995587101180465,-0.8649489447845848,1.446337865374562,0.8790614554178212,-0.007743176251542805,0.2573696374380368
2015,-0.5995587101180465,-0.21814826228944365,-0.910853093200639,-1.0821473486808149,0.11587228699079362,0.311433724154233
2015,-0.5995587101180465,-0.21814826228944365,-0.26798283177103865,-0.5918451476561558,-0.007743176251542805,0.311433724154233
2015,-0.5995587101180465,-0.8649489447845848,0.8034676039449619,1.2059295894342605,-0.5022050292208885,-0.17514305239891675
2015,-0.5995587101180465,-0.21814826228944365,-0.910853093200639,-1.0821473486808149,-0.5022050292208885,-0.2832712248581553
2015,-0.5995587101180465,-0.8649489447845848,-0.053692744627838615,-0.4284110806479362,-0.3785895659785521,-0.22920713911511276
2015,-0.5995587101180465,0.4286524202056975,-0.5894179624858389,0.06189112037672286,-0.6258204924632249,-0.2832712248581553
2015,-0.5995587101180465,-0.8649489447845848,0.5891775168017618,1.3693636564424803,-6.198606669341106e-05,-0.4454634840335897
2015,-0.5995587101180465,-0.21814826228944365,-0.48227291891423885,-0.4284110806479362,-0.5022050292208885,-0.4454634840335897
2015,-0.5995587101180465,-0.21814826228944365,-0.053692744627838615,-0.4284110806479362,-0.3785895659785521,-0.4454634840335897
2015,-0.5995587101180465,-0.8649489447845848,-0.910853093200639,-1.0821473486808149,-0.5022050292208885,-0.4454634840335897
2015,-0.5995587101180465,-0.8649489447845848,-0.48227291891423885,-0.7552792146643756,-0.13135863949387921,0.1492414649787984
2015,-0.5995587101180465,-0.21814826228944365,0.16059734251536145,-0.2649770136397166,-0.3785895659785521,0.1492414649787984
2015,-0.5995587101180465,-1.511749627279726,0.3748874296585615,1.6962317904589197,-0.2549741027362156,0.1492414649787984
2015,-0.5995587101180465,-0.21814826228944365,-0.053692744627838615,0.06189112037672286,-0.13135863949387921,0.1492414649787984
2015,-0.5995587101180465,-0.21814826228944365,0.3748874296585615,0.2253251873849425,-0.007743176251542805,-0.06701487993967836
2015,-0.5995587101180465,-1.511749627279726,0.3748874296585615,1.0424955224260406,0.11587228699079362,-0.06701487993967836
2015,-0.5995587101180465,-1.511749627279726,-0.48227291891423885,-0.7552792146643756,-0.13135863949387921,-0.012950793223482356
2015,-0.5995587101180465,-1.511749627279726,0.3748874296585615,0.8790614554178212,-0.13135863949387921,-0.012950793223482356
2016,-0.5995587101180465,-0.8649489447845848,-0.48227291891423885,-0.7552792146643756,-1.6147441984019162,-1.0942325193729123
2016,-0.5995587101180465,-0.8649489447845848,0.3748874296585615,1.859665857467139,-1.4911287351595799,-1.0942325193729123
2016,-0.5995587101180465,-0.21814826228944365,-0.053692744627838615,0.2253251873849425,-1.6147441984019162,-1.1482966056025317
2016,-0.5995587101180465,-0.8649489447845848,-0.053692744627838615,0.06189112037672286,-1.3675132719172434,-1.1482966056025317
2016,-0.5995587101180465,-1.511749627279726,0.16059734251536145,-0.2649770136397166,-1.9855905881289255,-1.7970656410391699
2016,-0.5995587101180465,-1.511749627279726,-0.26798283177103865,0.3887592543931621,-1.6147441984019162,-1.7970656410391699
2016,-0.5995587101180465,-2.158550309774867,0.16059734251536145,0.8790614554178212,-1.861975124886589,-1.7970656410391699
2016,-0.5995587101180465,-0.21814826228944365,-0.910853093200639,-0.9187132816725954,-1.6147441984019162,-1.7970656410391699
2016,-0.5995587101180465,-0.8649489447845848,0.5891775168017618,1.6962317904589197,-0.9966668821902341,-0.6617198290493819
2016,-0.5995587101180465,-0.21814826228944365,-0.26798283177103865,-0.2649770136397166,-0.8730514189478977,-0.6617198290493819
2016,-0.5995587101180465,-0.0005492804851685446,-0.26798283177103865,-0.5918451476561558,-0.8730514189478977,-0.6617198290493819
2016,-0.5995587101180465,-0.8649489447845848,-0.053692744627838615,0.3887592543931621,-0.8730514189478977,-0.6617198290493819
2016,-0.5995587101180465,-0.21814826228944365,-0.48227291891423885,-0.10154294663149696,-0.8730514189478977,-0.012950793223482356
2016,-0.5995587101180465,-0.8649489447845848,0.8034676039449619,1.6962317904589197,-0.7494359557055613,-0.012950793223482356
2016,-0.5995587101180465,-0.21814826228944365,0.3748874296585615,-0.10154294663149696,-0.7494359557055613,0.0951773792357562
2016,-0.5995587101180465,-0.21814826228944365,-0.48227291891423885,0.3887592543931621,-0.7494359557055613,0.0951773792357562
2016,-0.5995587101180465,-0.8649489447845848,0.5891775168017618,1.6962317904589197,-0.7494359557055613,-0.553591656492828
2016,-0.5995587101180465,-0.8649489447845848,0.16059734251536145,-0.2649770136397166,-0.8730514189478977,-0.6617198290493819
2016,-0.5995587101180465,-0.21814826228944365,-0.48227291891423885,-0.7552792146643756,-0.8730514189478977,-0.553591656492828
2016,-0.5995587101180465,-0.21814826228944365,-0.26798283177103865,-0.5918451476561558,-0.9966668821902341,-0.6617198290493819
2016,-0.5995587101180465,-0.8649489447845848,0.8034676039449619,0.8790614554178212,-0.5022050292208885,-0.6617198290493819
2016,-0.5995587101180465,1.0754531027008387,-0.6965630060574389,-0.9187132816725954,-0.5022050292208885,-0.6617198290493819
2016,-0.5995587101180465,-0.8649489447845848,-0.053692744627838615,-0.2649770136397166,-0.3785895659785521,-0.6617198290493819
2016,-0.5995587101180465,-0.21814826228944365,-0.48227291891423885,-0.7552792146643756,-0.6258204924632249,-0.6617198290493819
2016,-0.5995587101180465,-0.8649489447845848,-0.053692744627838615,0.7156273884096014,0.3631032134754665,0.311433724154233
2016,-0.5995587101180465,-0.8649489447845848,-0.6965630060574389,-0.9187132816725954,0.23948775023313004,0.311433724154233
2016,-0.5995587101180465,-0.21814826228944365,-0.26798283177103865,0.2253251873849425,0.4867186767178029,0.311433724154233
2016,-0.5995587101180465,-0.21814826228944365,-0.26798283177103865,0.2253251873849425,0.3631032134754665,0.2573696374380368
2016,-0.5995587101180465,1.7222537851959798,-0.48227291891423885,-0.4284110806479362,1.104795992929485,1.122395018085098
2016,-0.5995587101180465,-0.8649489447845848,0.8034676039449619,0.2253251873849425,1.3520269194141579,1.122395018085098
2016,-0.5995587101180465,1.7222537851959798,-1.1037141716295191,-1.2292380089882127,1.2284114561718213,1.122395018085098
2016,-0.5995587101180465,0.4286524202056975,-0.26798283177103865,-0.5918451476561558,1.2284114561718213,1.176459104801294
2016,-0.5995587101180465,-0.8649489447845848,-0.48227291891423885,-0.7552792146643756,0.7339496032024757,0.7980105007073827
2016,-0.5995587101180465,-0.21814826228944365,0.8034676039449619,0.3887592543931621,0.6103341399601393,0.7980105007073827
2016,-0.5995587101180465,-1.511749627279726,0.16059734251536145,1.6962317904589197,-6.198606669341106e-05,0.7980105007073827
2016,-0.5995587101180465,-0.8649489447845848,0.16059734251536145,-0.10154294663149696,0.8575650664448121,0.7980105007073827
2016,-0.5995587101180465,-0.0005492804851685446,-0.26798283177103865,-0.2649770136397166,0.3631032134754665,0.5276900690727098
2016,-0.5995587101180465,-0.8649489447845848,-0.48227291891423885,-0.7552792146643756,0.8575650664448121,0.5276900690727098
2016,-0.5995587101180465,-0.8649489447845848,-0.053692744627838615,-0.4284110806479362,0.4867186767178029,0.5276900690727098
2016,-0.5995587101180465,-0.8649489447845848,-0.053692744627838615,1.0424955224260406,0.8575650664448121,0.311433724154233
2016,-0.5995587101180465,-0.21814826228944365,-0.053692744627838615,0.7156273884096014,-6.198606669341106e-05,0.2573696374380368
2016,-0.5995587101180465,-0.8649489447845848,-0.48227291891423885,-0.7552792146643756,0.7339496032024757,0.311433724154233
2016,-0.5995587101180465,-0.8649489447845848,-0.6965630060574389,-0.4284110806479362,0.4867186767178029,0.36549780989727554
2016,-0.5995587101180465,-0.6062286717865281,0.3748874296585615,-0.10154294663149696,-0.13135863949387921,-0.012950793223482356
2016,-0.5995587101180465,-0.8649489447845848,-0.6965630060574389,-0.5918451476561558,-0.2549741027362156,-0.012950793223482356
2016,-0.5995587101180465,-0.8649489447845848,-0.6965630060574389,-0.9187132816725954,-0.2549741027362156,-0.012950793223482356
2016,-0.5995587101180465,-0.8649489447845848,0.5891775168017618,1.3693636564424803,-0.13135863949387921,-0.012950793223482356
2016,-0.5995587101180465,-0.8649489447845848,-0.48227291891423885,-0.5918451476561558,-0.007743176251542805,-0.2832712248581553
2016,-0.5995587101180465,-0.21814826228944365,0.3748874296585615,0.06189112037672286,-0.6258204924632249,-0.2832712248581553
2016,-0.5995587101180465,-0.8649489447845848,1.0177576910881618,0.8790614554178212,-0.5022050292208885,-0.2832712248581553
2016,-0.5995587101180465,-0.8649489447845848,-0.5894179624858389,-0.8369962481684854,-0.7494359557055613,-0.2832712248581553
2016,-0.5995587101180465,-0.8649489447845848,0.8034676039449619,0.552193321401382,-0.8730514189478977,-0.6617198290493819
2016,-0.5995587101180465,-0.21814826228944365,-0.26798283177103865,-0.4284110806479362,-0.8730514189478977,-0.6617198290493819
2016,-0.5995587101180465,-0.8649489447845848,-0.053692744627838615,-0.4284110806479362,-0.9966668821902341,-0.6617198290493819
2016,-0.5995587101180465,-0.21814826228944365,-0.48227291891423885,-0.4284110806479362,-0.8730514189478977,-0.6617198290493819
2016,-0.5995587101180465,-0.8649489447845848,-0.26798283177103865,-0.5918451476561558,-1.6147441984019162,-1.202360691929466
2016,-0.5995587101180465,-0.21814826228944365,-0.26798283177103865,-0.5918451476561558,-1.4911287351595799,-1.202360691929466
2016,-0.5995587101180465,-0.8649489447845848,2.5177883010905626,1.5327977234506998,-1.6147441984019162,-1.202360691929466
2016,-0.5995587101180465,-0.21814826228944365,5.303559433952164,4.474610929598653,-1.6147441984019162,-1.202360691929466
2017,-0.5995587101180465,-1.511749627279726,0.3748874296585615,0.7156273884096014,-1.1202823454325705,-0.8239120879328703
2017,-0.5995587101180465,-0.0005492804851685446,-0.053692744627838615,-0.2649770136397166,-1.1202823454325705,-0.8239120879328703
2017,-0.5995587101180465,-0.8649489447845848,-0.48227291891423885,-0.4284110806479362,-1.243897808674907,-0.8239120879328703
2017,-0.5995587101180465,-0.21814826228944365,-0.48227291891423885,-0.2649770136397166,-1.1202823454325705,-0.8239120879328703
2017,-0.5995587101180465,-0.21814826228944365,-0.48227291891423885,-0.7552792146643756,-0.8730514189478977,-0.06701487993967836
2017,-0.5995587101180465,-0.21814826228944365,-0.48227291891423885,-0.2649770136397166,-1.1202823454325705,-0.12107896665587438
2017,-0.5995587101180465,-0.8649489447845848,0.8034676039449619,0.8790614554178212,-0.9966668821902341,-0.12107896665587438
2017,-0.5995587101180465,-0.21814826228944365,-0.053692744627838615,-0.10154294663149696,-1.1202823454325705,-0.06701487993967836
2017,-0.5995587101180465,-0.21814826228944365,-0.053692744627838615,-0.4284110806479362,-0.7494359557055613,-0.6617198290493819
2017,-0.5995587101180465,-0.21814826228944365,-0.48227291891423885,-0.4284110806479362,-0.6258204924632249,-0.6617198290493819
2017,-0.5995587101180465,-0.8649489447845848,-0.053692744627838615,0.2253251873849425,-0.6258204924632249,-0.553591656492828
2017,-0.5995587101180465,-0.8649489447845848,0.8034676039449619,0.552193321401382,-0.6258204924632249,-0.553591656492828
2017,-0.5995587101180465,-0.8649489447845848,-0.6965630060574389,-0.5918451476561558,-0.6258204924632249,-0.7157839153763164
2017,-0.5995587101180465,-0.8649489447845848,-0.26798283177103865,-0.5918451476561558,-0.6258204924632249,-0.6617198290493819
2017,-0.5995587101180465,-0.21814826228944365,-0.48227291891423885,-0.4284110806479362,-0.6258204924632249,-0.7157839153763164
2017,-0.5995587101180465,-0.8649489447845848,2.3034982139473628,1.3693636564424803,-0.7494359557055613,-0.7157839153763164
2017,-0.5995587101180465,-0.21814826228944365,-0.48227291891423885,-0.7552792146643756,-0.9966668821902341,-0.553591656492828
2017,-0.5995587101180465,-0.21814826228944365,-0.48227291891423885,-0.7552792146643756,-0.9966668821902341,-0.4995275697766321
2017,-0.5995587101180465,-0.0005492804851685446,-0.0003393619650962224,0.0006992739401450925,-6.198606669341106e-05,-0.4995275697766321
2017,-0.5995587101180465,-0.8649489447845848,0.8034676039449619,1.5327977234506998,-0.9966668821902341,-0.4995275697766321
2017,-0.5995587101180465,-0.8649489447845848,1.0177576910881618,0.552193321401382,0.11587228699079362,0.5276900690727098
2017,-0.5995587101180465,-0.21814826228944365,-0.6965630060574389,-0.7552792146643756,0.11587228699079362,0.5817541557889059
2017,-0.5995587101180465,-0.21814826228944365,-0.053692744627838615,-0.2649770136397166,0.23948775023313004,0.5817541557889059
2017,-0.5995587101180465,-1.1883492860321554,-0.6965630060574389,0.2253251873849425,0.11587228699079362,0.4736259833296672
2017,-0.5995587101180465,-0.21814826228944365,-0.053692744627838615,-0.2649770136397166,0.23948775023313004,0.5817541557889059
2017,-0.5995587101180465,-0.21814826228944365,-0.6965630060574389,-0.7552792146643756,0.11587228699079362,0.5817541557889059
2017,-0.5995587101180465,-0.8649489447845848,-0.26798283177103865,0.2253251873849425,0.11587228699079362,0.04111329251956002
2017,-0.5995587101180465,-1.511749627279726,-0.26798283177103865,-0.10154294663149696,0.23948775023313004,0.04111329251956002
2017,-0.5995587101180465,-0.8649489447845848,-0.26798283177103865,-0.5918451476561558,0.11587228699079362,0.04111329251956002
2017,-0.5995587101180465,-1.511749627279726,1.0177576910881618,0.552193321401382,-0.13135863949387921,0.04111329251956002
2017,-0.5995587101180465,-0.8649489447845848,-0.26798283177103865,-0.10154294663149696,0.11587228699079362,0.1492414649787984
2017,-0.5995587101180465,-1.511749627279726,-0.26798283177103865,-0.5918451476561558,-0.007743176251542805,0.0951773792357562
2017,-0.5995587101180465,-0.8649489447845848,-0.6965630060574389,-0.9187132816725954,-0.007743176251542805,0.0951773792357562
2017,-0.5995587101180465,-0.8649489447845848,0.5891775168017618,1.5327977234506998,0.11587228699079362,0.0951773792357562
2017,-0.5995587101180465,-0.8649489447845848,0.3748874296585615,1.6962317904589197,0.4867186767178029,0.6898823282481443
2017,-0.5995587101180465,-0.8649489447845848,0.16059734251536145,0.06189112037672286,0.4867186767178029,0.6358182415319481
2017,-0.0006595061459157986,-0.0005492804851685446,-0.0003393619650962224,0.0006992739401450925,-6.198606669341106e-05,0.6358182415319481
2017,-0.5995587101180465,-0.21814826228944365,-0.053692744627838615,0.2253251873849425,0.23948775023313004,0.6358182415319481
2017,-0.5995587101180465,-0.0005492804851685446,-0.0003393619650962224,0.0006992739401450925,-6.198606669341106e-05,0.2033055516949946
2017,-0.5995587101180465,-1.511749627279726,0.16059734251536145,0.2253251873849425,0.3631032134754665,0.2033055516949946
2017,-0.5995587101180465,-0.8649489447845848,-0.053692744627838615,-0.2649770136397166,0.6103341399601393,0.2573696374380368
2017,-0.5995587101180465,-0.8649489447845848,0.3748874296585615,1.3693636564424803,0.4867186767178029,0.2033055516949946
2017,-0.5995587101180465,-0.21814826228944365,-0.053692744627838615,-0.4284110806479362,0.9811805296871485,0.6358182415319481
2017,-0.5995587101180465,-0.8649489447845848,-0.053692744627838615,0.3887592543931621,0.8575650664448121,0.6358182415319481
2017,-0.5995587101180465,-0.8649489447845848,-0.053692744627838615,-0.10154294663149696,1.104795992929485,0.6358182415319481
2017,-0.5995587101180465,-0.8649489447845848,0.3748874296585615,0.7156273884096014,0.9811805296871485,0.6358182415319481
2017,-0.5995587101180465,-0.21814826228944365,-0.053692744627838615,-0.4284110806479362,1.5992578458988307,0.8520745864504252
2017,-0.5995587101180465,-0.8649489447845848,0.3748874296585615,0.552193321401382,1.3520269194141579,0.7980105007073827
2017,-0.5995587101180465,-0.21814826228944365,-0.26798283177103865,0.2253251873849425,1.104795992929485,0.7980105007073827
2017,-0.5995587101180465,-0.21814826228944365,-0.053692744627838615,-0.4284110806479362,1.5992578458988307,0.8520745864504252
2017,-0.5995587101180465,-0.8649489447845848,0.8034676039449619,0.7156273884096014,1.3520269194141579,1.176459104801294
2017,-0.5995587101180465,-0.21814826228944365,0.5891775168017618,0.2253251873849425,1.104795992929485,1.176459104801294
2017,-0.5995587101180465,-0.21814826228944365,-0.6965630060574389,-0.9187132816725954,1.2284114561718213,1.122395018085098
2017,-0.5995587101180465,-0.21814826228944365,-0.26798283177103865,0.2253251873849425,0.9811805296871485,1.122395018085098
2017,-0.5995587101180465,-0.8649489447845848,0.5891775168017618,0.3887592543931621,0.8575650664448121,0.5276900690727098
2017,-0.5995587101180465,-0.8649489447845848,-0.910853093200639,-1.0821473486808149,0.8575650664448121,0.5276900690727098
2017,-0.5995587101180465,-0.0005492804851685446,0.8034676039449619,1.5327977234506998,0.8575650664448121,0.5276900690727098
2017,-0.5995587101180465,-0.21814826228944365,-0.26798283177103865,0.2253251873849425,0.8575650664448121,0.5276900690727098
2017,-0.5995587101180465,-0.21814826228944365,-0.48227291891423885,-0.7552792146643756,0.23948775023313004,0.6358182415319481
2017,-0.5995587101180465,-0.8649489447845848,1.0177576910881618,1.5327977234506998,0.23948775023313004,0.6358182415319481
2017,-0.5995587101180465,-0.8649489447845848,-0.48227291891423885,-0.7552792146643756,0.23948775023313004,0.6358182415319481
2017,-0.5995587101180465,-0.21814826228944365,-0.26798283177103865,-0.5918451476561558,0.3631032134754665,0.6358182415319481
2017,-0.5995587101180465,-0.0005492804851685446,-0.910853093200639,-1.0821473486808149,-6.198606669341106e-05,0.9602027598828169
2017,-0.5995587101180465,-0.21814826228944365,-0.910853093200639,-1.0821473486808149,0.795757334823644,0.9602027598828169
2017,-0.5995587101180465,-0.8649489447845848,1.6606279525177623,0.8790614554178212,0.8575650664448121,0.9602027598828169
2017,-0.5995587101180465,-0.21814826228944365,2.0892081268041625,1.859665857467139,0.8575650664448121,0.7439464139911866
2017,-0.5995587101180465,-0.21814826228944365,-0.910853093200639,-1.0821473486808149,0.8575650664448121,0.7439464139911866
2017,-0.5995587101180465,-0.8649489447845848,-0.48227291891423885,-0.5918451476561558,0.8575650664448121,0.7439464139911866
2017,-0.5995587101180465,-0.8649489447845848,2.732078388233763,2.1865339914835786,0.9811805296871485,0.7439464139911866
2017,-0.5995587101180465,-0.8649489447845848,-0.6965630060574389,-0.5918451476561558,1.104795992929485,-0.33733531157435115
2017,-0.5995587101180465,-0.21814826228944365,-0.3751278753426388,0.06189112037672286,0.9811805296871485,-0.33733531157435115
2017,-0.5995587101180465,-0.8649489447845848,-0.6965630060574389,-0.9187132816725954,0.9811805296871485,-0.33733531157435115
2017,-0.5995587101180465,-0.8649489447845848,1.446337865374562,0.7156273884096014,1.104795992929485,-0.33733531157435115
2017,-0.0006595061459157986,-0.8649489447845848,1.446337865374562,1.2059295894342605,-0.2549741027362156,-0.4454634840335897
2017,-0.0006595061459157986,-0.21814826228944365,-0.053692744627838615,-0.4284110806479362,-0.2549741027362156,-0.4454634840335897
2017,-0.0006595061459157986,-0.8649489447845848,-0.6965630060574389,-0.9187132816725954,-0.3785895659785521,-0.4454634840335897
2017,-0.0006595061459157986,-0.8649489447845848,0.16059734251536145,-0.2649770136397166,-0.2549741027362156,-0.4454634840335897
2017,-0.5995587101180465,-0.21814826228944365,0.16059734251536145,0.06189112037672286,-1.1202823454325705,-0.6617198290493819
2017,-0.0006595061459157986,-0.0005492804851685446,-0.0003393619650962224,0.0006992739401450925,-6.198606669341106e-05,-3.25679597089325
2017,-0.5995587101180465,-0.8649489447845848,-0.6965630060574389,-0.9187132816725954,-1.4911287351595799,-0.6617198290493819
2017,-0.5995587101180465,-0.8649489447845848,1.6606279525177623,0.8790614554178212,-1.3675132719172434,-0.6617198290493819
2017,-0.5995587101180465,-0.8649489447845848,-0.6965630060574389,-0.9187132816725954,-1.4911287351595799,-0.6617198290493819
2017,-0.5995587101180465,-0.8649489447845848,1.6606279525177623,0.8790614554178212,-1.3675132719172434,-0.6617198290493819
2017,-0.5995587101180465,-0.8649489447845848,0.3748874296585615,-0.10154294663149696,-1.4911287351595799,-0.6617198290493819
2017,-0.5995587101180465,-0.21814826228944365,0.16059734251536145,0.06189112037672286,-1.1202823454325705,-0.6617198290493819
2018,-0.5995587101180465,-0.8649489447845848,2.3034982139473628,1.3693636564424803,-1.7383596616442527,-1.2564247781590854
2018,-0.5995587101180465,-0.21814826228944365,0.16059734251536145,-0.2649770136397166,-1.6147441984019162,-1.2564247781590854
2018,-0.0006595061459157986,-0.0005492804851685446,-0.0003393619650962224,0.0006992739401450925,-6.198606669341106e-05,-1.2564247781590854
2018,-0.5995587101180465,-0.8649489447845848,-0.48227291891423885,-0.7552792146643756,-1.6147441984019162,-1.2564247781590854
2018,-0.5995587101180465,-0.21814826228944365,-0.910853093200639,-0.9187132816725954,-1.7383596616442527,-1.6348733821556813
2018,-0.5995587101180465,-0.8649489447845848,1.446337865374562,0.8790614554178212,-1.7383596616442527,-1.6348733821556813
2018,-0.5995587101180465,-0.21814826228944365,1.0177576910881618,0.3887592543931621,-1.861975124886589,-1.6348733821556813
2018,-0.5995587101180465,-0.8649489447845848,-0.26798283177103865,-0.4284110806479362,-1.861975124886589,-1.6348733821556813
2018,-0.5995587101180465,-1.511749627279726,-0.053692744627838615,-0.4284110806479362,-1.6147441984019162,-0.8239120879328703
2018,-0.5995587101180465,-0.8649489447845848,1.0177576910881618,1.6962317904589197,-1.3675132719172434,-0.8239120879328703
2018,-0.5995587101180465,-0.8649489447845848,-0.053692744627838615,-0.4284110806479362,-1.243897808674907,-0.8239120879328703
2018,-0.5995587101180465,-0.8649489447845848,1.6606279525177623,1.0424955224260406,-1.4911287351595799,-0.8239120879328703
2018,-0.5995587101180465,-0.21814826228944365,-0.910853093200639,-1.0821473486808149,-1.1202823454325705,-0.7157839153763164
2018,-0.5995587101180465,-0.8649489447845848,1.2320477782313621,1.6962317904589197,-1.243897808674907,-0.7157839153763164
2018,-0.5995587101180465,-0.8649489447845848,-0.6965630060574389,-0.9187132816725954,-1.243897808674907,-0.7157839153763164
2018,-0.5995587101180465,-0.8649489447845848,1.0177576910881618,1.2059295894342605,-1.243897808674907,-0.7157839153763164
2018,-0.5995587101180465,-1.511749627279726,-0.6965630060574389,-0.4284110806479362,-1.4911287351595799,-1.0942325193729123
2018,-0.5995587101180465,-0.8649489447845848,-0.6965630060574389,-0.9187132816725954,-1.6147441984019162,-1.0942325193729123
2018,-0.5995587101180465,-0.8649489447845848,0.3748874296585615,0.2253251873849425,-1.3675132719172434,-1.0942325193729123
2018,-0.5995587101180465,-0.8649489447845848,1.2320477782313621,1.5327977234506998,-1.3675132719172434,-1.0942325193729123
2018,0.23564656453365068,-0.21814826228944365,-0.053692744627838615,-0.4284110806479362,0.11587228699079362,0.5276900690727098
2018,-0.04832322884792633,-0.8649489447845848,-0.910853093200639,0.2253251873849425,-0.13135863949387921,0.5276900690727098
2018,0.23564656453365068,-0.0005492804851685446,0.8034676039449619,0.8790614554178212,-0.007743176251542805,0.5276900690727098
2018,0.23564656453365068,-0.21814826228944365,0.8034676039449619,0.8790614554178212,-0.5022050292208885,-0.6617198290493819
2018,0.23564656453365068,-0.8649489447845848,-0.26798283177103865,-0.5918451476561558,-0.9966668821902341,-0.6617198290493819
2018,0.23564656453365068,-0.21814826228944365,1.6606279525177623,1.3693636564424803,-0.5022050292208885,-0.6617198290493819
2018,0.40268761946399007,-0.8649489447845848,-0.6965630060574389,0.3887592543931621,-0.5022050292208885,-0.6617198290493819
2018,-0.5160381826528768,-0.21814826228944365,0.3748874296585615,0.2253251873849425,0.3631032134754665,0.2573696374380368
2018,-0.44922176068074093,-0.8649489447845848,-0.6965630060574389,-0.5918451476561558,0.23948775023313004,0.0951773792357562
2018,0.06860550960331128,0.4286524202056975,-0.48227291891423885,-0.7552792146643756,0.4867186767178029,0.2573696374380368
2018,-0.5995587101180465,-0.8649489447845848,0.5891775168017618,0.7156273884096014,0.4125493987724008,0.1492414649787984
2018,-0.5160381826528768,-0.8649489447845848,10.660811612532166,10.194803274886342,0.9811805296871485,1.2845872772605325
2018,-0.5995587101180465,-0.8649489447845848,0.8034676039449619,1.3693636564424803,0.8575650664448121,0.6898823282481443
2018,-0.0984355453270282,-0.21814826228944365,-0.26798283177103865,-0.5918451476561558,0.9935420760113823,0.7439464139911866
2018,1.3214134215808566,-0.8649489447845848,-0.26798283177103865,0.2253251873849425,0.8575650664448121,0.6898823282481443
2018,-0.5160381826528768,-0.21814826228944365,1.0177576910881618,0.7156273884096014,0.9811805296871485,1.2845872772605325
2018,-0.5160381826528768,-0.21814826228944365,-0.053692744627838615,0.2253251873849425,0.7339496032024757,1.176459104801294
2018,-0.5327422881459107,-0.21814826228944365,-0.48227291891423885,-0.7552792146643756,1.3520269194141579,1.2305231905443363
2018,-0.5995587101180465,-0.8649489447845848,0.5891775168017618,0.8790614554178212,1.104795992929485,1.176459104801294
2018,-0.5160381826528768,-3.064071265268065,-0.053692744627838615,-0.4284110806479362,1.104795992929485,0.8520745864504252
2018,-0.0006595061459157986,-0.21814826228944365,-0.26798283177103865,0.06189112037672286,0.7339496032024757,0.8520745864504252
2018,-0.014915017861858506,-0.21814826228944365,-0.6965630060574389,-0.9187132816725954,0.9811805296871485,0.8520745864504252
2018,-0.5995587101180465,-0.8649489447845848,0.3748874296585615,1.2059295894342605,0.8575650664448121,0.8520745864504252
2018,1.571975003976366,-0.21814826228944365,0.16059734251536145,0.2253251873849425,0.9811805296871485,1.0683309323420556
2018,0.06860550960331128,-0.21814826228944365,-0.910853093200639,-1.0821473486808149,1.2284114561718213,1.0683309323420556
2018,-0.5160381826528768,-0.21814826228944365,-0.053692744627838615,-0.4284110806479362,1.2284114561718213,1.0683309323420556
2018,-0.5995587101180465,-0.0005492804851685446,0.5891775168017618,1.2059295894342605,1.104795992929485,1.0683309323420556
2018,6.082083487095531,-0.8649489447845848,-0.26798283177103865,-0.5918451476561558,1.4756423826564942,1.2305231905443363
2018,-0.5995587101180465,-0.8649489447845848,-0.053692744627838615,0.7156273884096014,1.3520269194141579,1.2305231905443363
2018,-0.5995587101180465,-0.8649489447845848,-0.053692744627838615,1.3693636564424803,1.2284114561718213,1.176459104801294
2018,0.987331311720178,-0.21814826228944365,-0.053692744627838615,0.7156273884096014,0.9811805296871485,1.176459104801294
2018,1.1543723666505175,-0.21814826228944365,-0.053692744627838615,0.2253251873849425,0.9811805296871485,0.8520745864504252
2018,-0.5995587101180465,-0.8649489447845848,-0.6965630060574389,-0.9187132816725954,1.104795992929485,0.9061386731666211
2018,-0.0006595061459157986,-0.8649489447845848,-0.26798283177103865,1.2059295894342605,1.2284114561718213,0.9061386731666211
2018,-0.5995587101180465,-0.8649489447845848,-0.26798283177103865,0.7156273884096014,1.2284114561718213,0.9602027598828169
2018,0.987331311720178,0.4286524202056975,-0.26798283177103865,-0.10154294663149696,1.2284114561718213,1.176459104801294
2018,-0.5995587101180465,-0.8649489447845848,0.5891775168017618,0.06189112037672286,1.5992578458988307,1.338651363003575
2018,-0.5995587101180465,-0.8649489447845848,-0.6965630060574389,-0.9187132816725954,1.4756423826564942,1.338651363003575
2018,-0.5995587101180465,-0.8649489447845848,0.5891775168017618,0.8790614554178212,1.4756423826564942,1.2305231905443363
2018,-0.5995587101180465,-0.8649489447845848,-0.6965630060574389,-0.9187132816725954,1.2284114561718213,1.0683309323420556
2018,-0.5243902353993938,-0.8649489447845848,-0.48227291891423885,-0.4284110806479362,1.2284114561718213,1.0683309323420556
2018,0.736769729324669,-0.21814826228944365,-0.26798283177103865,0.3887592543931621,0.8575650664448121,0.9602027598828169
2018,-0.5995587101180465,-0.8649489447845848,-0.26798283177103865,1.0424955224260406,0.8575650664448121,1.0683309323420556
2018,-0.5995587101180465,-0.8649489447845848,-0.910853093200639,-1.0821473486808149,1.104795992929485,1.0142668456258594
2018,0.987331311720178,-0.21814826228944365,7.446460305384165,0.7156273884096014,0.8575650664448121,0.9602027598828169
2018,-0.5995587101180465,-0.8649489447845848,0.3748874296585615,0.7156273884096014,0.9811805296871485,0.9602027598828169
2018,-0.5995587101180465,-0.8649489447845848,-0.26798283177103865,-0.5918451476561558,1.104795992929485,1.0142668456258594
2018,-0.5995587101180465,-0.8649489447845848,-0.6965630060574389,-0.10154294663149696,-0.3785895659785521,-0.12107896665587438
2018,-0.5995587101180465,-0.8649489447845848,0.16059734251536145,0.8790614554178212,-0.2549741027362156,-0.12107896665587438
2018,-0.5995587101180465,-0.21814826228944365,-0.48227291891423885,-0.2649770136397166,-0.007743176251542805,-0.12107896665587438
2018,-0.5160381826528768,-0.8649489447845848,-0.6965630060574389,-0.9187132816725954,-0.3785895659785521,-0.12107896665587438
2018,-0.5160381826528768,-0.21814826228944365,-0.26798283177103865,-0.4284110806479362,-0.6258204924632249,-0.6076557428197626
2018,-0.5995587101180465,-0.8649489447845848,1.2320477782313621,0.7156273884096014,-0.6258204924632249,-0.6076557428197626
2018,0.152126037068481,-0.21814826228944365,-0.26798283177103865,0.2253251873849425,-0.6258204924632249,-0.6076557428197626
2018,0.8202902567898386,-0.21814826228944365,-0.16083778819943864,0.2253251873849425,0.23948775023313004,0.2573696374380368
2018,-0.0006595061459157986,-0.21814826228944365,-0.6965630060574389,-0.9187132816725954,0.23948775023313004,0.2573696374380368
2018,-0.5995587101180465,-0.8649489447845848,0.8034676039449619,0.8790614554178212,0.23948775023313004,0.2573696374380368
2018,-0.5995587101180465,-0.8649489447845848,0.16059734251536145,-0.2649770136397166,0.23948775023313004,0.2573696374380368
2018,-0.5995587101180465,-0.8649489447845848,-0.26798283177103865,-0.5918451476561558,-1.1202823454325705,-0.9861043467190432
2018,-0.5995587101180465,-0.8649489447845848,1.446337865374562,1.0424955224260406,-0.8730514189478977,-0.9861043467190432
2018,-0.5995587101180465,-0.8649489447845848,0.5891775168017618,0.7156273884096014,-0.8730514189478977,-0.9861043467190432
2018,-0.5160381826528768,-0.21814826228944365,-0.910853093200639,-1.0821473486808149,-0.9966668821902341,-0.9861043467190432
2019,-0.5995587101180465,-0.8649489447845848,-0.6965630060574389,-0.9187132816725954,-0.3785895659785521,-0.17514305239891675
2019,-0.5995587101180465,-0.21814826228944365,-0.26798283177103865,-0.2649770136397166,-0.3785895659785521,-0.22920713911511276
2019,-0.5995587101180465,-0.8649489447845848,1.0177576910881618,1.2059295894342605,-0.6258204924632249,-0.7698480016059357
2019,-0.5995587101180465,-0.8649489447845848,-0.910853093200639,-0.4284110806479362,-0.3785895659785521,-0.17514305239891675
2019,-0.5995587101180465,-0.8649489447845848,1.0177576910881618,1.2059295894342605,-0.6258204924632249,-0.7698480016059357
2019,-0.5995587101180465,-0.8649489447845848,-0.26798283177103865,-0.5918451476561558,-0.9966668821902341,-0.7698480016059357
2019,-0.014915017861858506,-0.8649489447845848,-0.26798283177103865,-0.2649770136397166,-0.7494359557055613,-0.7698480016059357
2019,-0.5995587101180465,-0.21814826228944365,-0.26798283177103865,0.8790614554178212,-0.9966668821902341,-0.7698480016059357
2019,-0.0984355453270282,-0.8649489447845848,-0.26798283177103865,0.06189112037672286,-0.3785895659785521,-0.06701487993967836
2019,-0.5995587101180465,-0.8649489447845848,0.3748874296585615,0.7156273884096014,-0.3785895659785521,-0.012950793223482356
2019,-0.5995587101180465,-0.8649489447845848,1.0177576910881618,1.0424955224260406,-0.2549741027362156,-0.06701487993967836
2019,-0.5995587101180465,-0.8649489447845848,-0.26798283177103865,-0.5918451476561558,-0.3785895659785521,-0.012950793223482356
2019,-0.5995587101180465,-0.8649489447845848,-1.1251431803438392,-0.5918451476561558,-0.8730514189478977,-0.8779761741624893
2019,-0.5995587101180465,-0.21814826228944365,-0.48227291891423885,-0.7552792146643756,-0.7494359557055613,-0.8779761741624893
2019,-0.5995587101180465,-0.8649489447845848,0.8034676039449619,1.0424955224260406,-0.5022050292208885,-0.8779761741624893
2019,-0.5995587101180465,-0.8649489447845848,0.8034676039449619,1.0424955224260406,0.23948775023313004,-0.17514305239891675
2019,-0.5995587101180465,-0.8649489447845848,-0.6965630060574389,-0.10154294663149696,0.11587228699079362,-0.17514305239891675
2019,-0.43251765518770696,-0.21814826228944365,-0.6965630060574389,-0.9187132816725954,0.11587228699079362,-0.12107896665587438
2019,-0.5995587101180465,-0.8649489447845848,0.16059734251536145,-1.016773721877527,0.4867186767178029,0.4195618966134714
2019,-0.43251765518770696,-0.0005492804851685446,-0.053692744627838615,-0.4284110806479362,0.6103341399601393,0.4736259833296672
2019,-0.014915017861858506,-0.8649489447845848,-0.48227291891423885,0.3887592543931621,0.4867186767178029,0.4195618966134714
2019,-0.0006595061459157986,-0.0005492804851685446,-0.0003393619650962224,0.0006992739401450925,-6.198606669341106e-05,-3.25679597089325
2019,-0.0984355453270282,-0.8649489447845848,-0.910853093200639,-0.5918451476561558,-0.7494359557055613,-0.8779761741624893
2019,-0.5995587101180465,-0.8649489447845848,-0.910853093200639,-1.0821473486808149,1.2284114561718213,0.5817541557889059
2019,0.06860550960331128,-0.21814826228944365,-0.26798283177103865,-0.10154294663149696,0.4867186767178029,0.4736259833296672
2019,-0.39910944420163913,-0.8649489447845848,0.3748874296585615,-1.033117128578349,0.7339496032024757,0.5276900690727098
2019,-0.5995587101180465,-0.21814826228944365,-0.26798283177103865,0.2253251873849425,1.104795992929485,0.5817541557889059
2019,-0.5995587101180465,-0.21814826228944365,-0.26798283177103865,-0.2649770136397166,0.8575650664448121,0.4736259833296672
2019,-0.5995587101180465,-0.8649489447845848,0.8034676039449619,0.7156273884096014,1.104795992929485,0.5276900690727098
2019,-0.5995587101180465,-0.21814826228944365,-0.48227291891423885,-0.7552792146643756,1.104795992929485,0.4736259833296672
2019,0.06860550960331128,-0.21814826228944365,-0.26798283177103865,0.2253251873849425,0.4867186767178029,0.4736259833296672
2019,6.917288761747228,1.0754531027008387,-0.26798283177103865,0.2253251873849425,0.7339496032024757,0.6358182415319481
2019,1.0708518391853477,1.0754531027008387,0.16059734251536145,0.06189112037672286,1.2284114561718213,0.6898823282481443
2019,1.0708518391853477,2.369054467691121,-0.6965630060574389,-0.9187132816725954,1.104795992929485,0.6898823282481443
2019,-0.5995587101180465,-0.21814826228944365,0.16059734251536145,0.552193321401382,-0.3785895659785521,0.6358182415319481
2019,-0.5995587101180465,0.4286524202056975,-0.26798283177103865,0.2253251873849425,0.9811805296871485,1.338651363003575
2019,-0.5995587101180465,0.4286524202056975,-0.910853093200639,-1.0821473486808149,1.8464887723835035,1.4467795364359666
2019,-0.5995587101180465,-0.21814826228944365,0.3748874296585615,0.06189112037672286,1.8464887723835035,1.4467795364359666
2019,-0.5995587101180465,-0.21814826228944365,-0.26798283177103865,0.552193321401382,1.2284114561718213,1.392715449719771
2019,-0.0006595061459157986,0.4286524202056975,0.3748874296585615,0.2253251873849425,1.5992578458988307,1.122395018085098
2019,-0.5995587101180465,0.4286524202056975,-0.910853093200639,-1.0821473486808149,1.5992578458988307,1.176459104801294
2019,-0.5995587101180465,-0.8649489447845848,0.3748874296585615,0.7156273884096014,0.8575650664448121,1.0142668456258594
2019,-0.5912066573715294,0.4286524202056975,-0.26798283177103865,0.06189112037672286,0.8575650664448121,1.0142668456258594
2019,-0.5995587101180465,-0.21814826228944365,-0.910853093200639,-1.0821473486808149,1.5992578458988307,1.4467795364359666
2019,-0.5995587101180465,-0.21814826228944365,-0.26798283177103865,0.3887592543931621,0.9811805296871485,1.176459104801294
2019,-0.0006595061459157986,-0.8649489447845848,1.446337865374562,-0.4284110806479362,1.104795992929485,1.2845872772605325
2019,-0.5995587101180465,-0.21814826228944365,-0.053692744627838615,-0.4284110806479362,1.2284114561718213,1.2845872772605325
2019,-0.5160381826528768,-0.21814826228944365,-0.910853093200639,-1.0821473486808149,1.4756423826564942,1.0683309323420556
2019,-0.5995587101180465,2.369054467691121,-0.26798283177103865,0.2253251873849425,1.104795992929485,1.0142668456258594
2019,-0.5995587101180465,-0.21814826228944365,-0.053692744627838615,0.7156273884096014,1.2284114561718213,1.0683309323420556
2019,-0.5995587101180465,-0.21814826228944365,0.5891775168017618,0.3887592543931621,1.2284114561718213,1.0683309323420556
2019,-0.5995587101180465,-0.8649489447845848,-0.6965630060574389,-0.9187132816725954,0.6103341399601393,0.5817541557889059
2019,-0.1819560727921979,0.4286524202056975,-0.26798283177103865,-0.5918451476561558,0.5856110473116721,0.5817541557889059
2019,-0.5995587101180465,-0.21814826228944365,0.16059734251536145,-0.2649770136397166,0.6103341399601393,0.5817541557889059
2019,-0.5995587101180465,-0.21814826228944365,-0.053692744627838615,0.3887592543931621,0.6103341399601393,-3.25679597089325
2019,-0.5995587101180465,-0.8649489447845848,0.8034676039449619,0.3887592543931621,0.23948775023313004,0.1492414649787984
2019,-0.5160381826528768,-0.0005492804851685446,-0.48227291891423885,-0.7552792146643756,0.11587228699079362,0.2573696374380368
2019,-0.5995587101180465,-0.21814826228944365,-0.910853093200639,-1.0821473486808149,0.23948775023313004,0.2573696374380368
2019,-0.5995587101180465,-0.21814826228944365,0.16059734251536145,-0.2649770136397166,0.11587228699079362,0.2573696374380368
2019,-0.5995587101180465,-0.21814826228944365,-0.053692744627838615,0.3887592543931621,0.23948775023313004,0.1492414649787984
2019,-0.1819560727921979,-0.21814826228944365,-0.053692744627838615,0.2253251873849425,0.11587228699079362,0.1492414649787984
2019,-0.5995587101180465,-0.8649489447845848,0.8034676039449619,0.3887592543931621,0.23948775023313004,0.1492414649787984
2019,-0.5995587101180465,-0.8649489447845848,-0.6965630060574389,-0.9187132816725954,0.23948775023313004,0.1492414649787984
2019,-0.5160381826528768,-0.8649489447845848,0.3748874296585615,0.3887592543931621,-0.6258204924632249,-0.6076557428197626
2019,-0.5995587101180465,-0.8649489447845848,18.16096466254417,18.366506625297326,1.104795992929485,0.5276900690727098
